1,75.4,28.6,83.48,92.0,27.6,81.68,276.72
1,75.3,28.6,83.48,91.6,27.6,81.68,276.24
1,75.2,28.6,83.48,91.6,27.5,81.5,274.84
1,75.1,28.6,83.48,91.4,27.6,81.68,274.08
1,75.1,28.6,83.48,91.5,27.6,81.68,273.57
1,75.0,28.6,83.48,91.6,27.5,81.5,273.07
1,74.9,28.6,83.48,91.7,27.5,81.5,272.67
1,75.0,28.6,83.48,91.8,27.5,81.5,272.1
1,74.7,28.6,83.48,91.9,27.5,81.5,271.83
1,74.9,28.6,83.48,91.6,27.5,81.5,271.57
1,74.8,28.6,83.48,91.8,27.5,81.5,271.26
1,74.9,28.6,83.48,91.8,27.5,81.5,270.74
1,74.9,28.6,83.48,91.9,27.5,81.5,270.76
1,74.8,28.6,83.48,91.8,27.5,81.5,270.38
1,74.8,28.5,83.3,91.8,27.5,81.5,270.32
1,74.9,28.5,83.3,92.1,27.5,81.5,269.93
1,75.0,28.5,83.3,92.2,27.5,81.5,269.69
1,74.9,28.5,83.3,92.2,27.4,81.32,269.42
1,75.0,28.5,83.3,92.2,27.4,81.32,269.21
1,74.9,28.5,83.3,92.2,27.4,81.32,269.1
1,75.1,28.6,83.48,92.2,27.4,81.32,269.02
1,74.9,28.5,83.3,92.2,27.4,81.32,268.7
1,75.0,28.6,83.48,92.2,27.4,81.32,268.76
1,75.0,28.6,83.48,92.4,27.4,81.32,268.48
1,75.1,28.5,83.3,92.5,27.4,81.32,268.43
1,75.0,28.5,83.3,92.6,27.4,81.32,268.05
1,75.1,28.5,83.3,92.5,27.4,81.32,268.14
1,75.1,28.5,83.3,92.5,27.4,81.32,267.76
1,75.1,28.5,83.3,92.4,27.4,81.32,267.78
1,75.2,28.5,83.3,92.4,27.4,81.32,267.64
1,75.2,28.5,83.3,92.4,27.4,81.32,267.31
1,75.2,28.5,83.3,92.7,27.4,81.32,267.22
1,75.2,28.5,83.3,92.6,27.4,81.32,267.02
1,75.2,28.5,83.3,92.5,27.4,81.32,266.91
1,75.0,28.5,83.3,92.6,27.4,81.32,266.63
1,75.1,28.5,83.3,92.5,27.4,81.32,266.39
1,75.0,28.5,83.3,92.7,27.4,81.32,266.36
1,75.2,28.5,83.3,92.7,27.4,81.32,266.35
1,75.1,28.5,83.3,92.6,27.4,81.32,266.09
1,75.2,28.5,83.3,92.8,27.4,81.32,265.82
1,75.1,28.5,83.3,92.8,27.4,81.32,265.74
1,75.0,28.5,83.3,92.8,27.4,81.32,265.49
1,75.2,28.5,83.3,92.9,27.4,81.32,265.3
1,75.2,28.5,83.3,93.0,27.4,81.32,265.34
1,75.2,28.5,83.3,92.9,27.4,81.32,265.19
1,75.3,28.5,83.3,92.8,27.4,81.32,265.1
1,75.3,28.5,83.3,92.8,27.4,81.32,264.7
1,75.4,28.6,83.48,92.9,27.4,81.32,264.36
1,75.3,28.5,83.3,93.3,27.5,81.5,264.69
1,75.5,28.6,83.48,92.8,27.4,81.32,264.63
1,75.5,28.5,83.3,92.4,27.5,81.5,264.46
1,75.5,28.5,83.3,92.8,27.5,81.5,264.1
1,75.4,28.5,83.3,92.5,27.5,81.5,264.1
1,75.3,28.5,83.3,92.5,27.5,81.5,264.12
1,75.4,28.5,83.3,92.2,27.5,81.5,263.93
1,75.3,28.5,83.3,92.4,27.5,81.5,263.78
1,75.3,28.5,83.3,92.2,27.5,81.5,263.87
1,75.4,28.5,83.3,92.2,27.4,81.32,263.76
1,75.3,28.5,83.3,92.2,27.4,81.32,263.68
1,75.3,28.5,83.3,92.4,27.4,81.32,263.51
1,75.3,28.5,83.3,92.6,27.4,81.32,263.56
1,75.5,28.5,83.3,92.9,27.4,81.32,263.6
1,75.4,28.5,83.3,93.0,27.4,81.32,263.3
1,75.4,28.5,83.3,93.0,27.4,81.32,263.3
1,75.5,28.5,83.3,92.8,27.4,81.32,263.14
1,75.5,28.5,83.3,92.9,27.4,81.32,263.23
1,75.4,28.5,83.3,92.9,27.4,81.32,263.19
1,75.2,28.5,83.3,92.8,27.4,81.32,262.92
1,75.4,28.5,83.3,92.7,27.4,81.32,262.71
1,75.3,28.5,83.3,92.6,27.4,81.32,262.83
1,75.4,28.5,83.3,92.9,27.4,81.32,262.58
1,75.3,28.5,83.3,93.2,27.4,81.32,262.49
1,75.5,28.5,83.3,93.3,27.4,81.32,262.56
1,75.6,28.5,83.3,93.2,27.3,81.14,262.44
1,75.5,28.5,83.3,93.2,27.3,81.14,262.05
1,75.5,28.5,83.3,93.2,27.4,81.32,262.04
1,75.6,28.5,83.3,93.1,27.3,81.14,261.82
1,75.6,28.5,83.3,93.3,27.3,81.14,261.91
1,75.5,28.5,83.3,93.3,27.3,81.14,261.79
1,75.6,28.5,83.3,93.1,27.3,81.14,261.66
1,75.5,28.5,83.3,93.1,27.3,81.14,261.68
1,75.6,28.5,83.3,93.4,27.3,81.14,261.54
1,75.4,28.5,83.3,93.3,27.3,81.14,261.58
1,75.5,28.5,83.3,93.0,27.3,81.14,261.38
1,75.6,28.5,83.3,93.5,27.3,81.14,261.28
1,75.7,28.5,83.3,93.5,27.3,81.14,261.16
1,75.7,28.5,83.3,93.2,27.3,81.14,260.89
1,75.7,28.5,83.3,93.3,27.3,81.14,260.74
1,75.7,28.5,83.3,93.5,27.3,81.14,260.73
1,75.8,28.5,83.3,93.5,27.3,81.14,260.8
1,75.7,28.5,83.3,93.6,27.3,81.14,260.42
1,75.7,28.5,83.3,93.2,27.3,81.14,260.24
1,75.8,28.5,83.3,93.1,27.3,81.14,260.13
1,75.7,28.5,83.3,93.3,27.3,81.14,259.96
1,75.7,28.5,83.3,93.3,27.3,81.14,260.15
1,75.8,28.5,83.3,93.3,27.3,81.14,259.81
1,75.9,28.5,83.3,93.3,27.3,81.14,259.81
1,75.8,28.5,83.3,93.2,27.3,81.14,259.48
1,75.9,28.5,83.3,93.6,27.3,81.14,259.33
1,75.9,28.5,83.3,93.2,27.3,81.14,259.26
1,76.1,28.5,83.3,93.2,27.3,81.14,259.26
1,76.0,28.5,83.3,93.2,27.3,81.14,259.11
1,75.9,28.5,83.3,93.2,27.3,81.14,259.19
1,76.0,28.5,83.3,93.3,27.3,81.14,258.96
1,76.0,28.5,83.3,93.4,27.4,81.32,258.82
1,76.0,28.5,83.3,93.6,27.3,81.14,258.65
1,75.9,28.5,83.3,93.5,27.3,81.14,258.55
1,75.9,28.5,83.3,93.5,27.3,81.14,258.44
1,75.9,28.5,83.3,93.3,27.4,81.32,258.36
1,76.1,28.5,83.3,93.3,27.3,81.14,258.19
1,76.1,28.5,83.3,93.6,27.4,81.32,258.02
1,76.1,28.5,83.3,93.6,27.4,81.32,258.01
1,76.1,28.5,83.3,93.7,27.4,81.32,258.04
1,76.1,28.5,83.3,93.5,27.4,81.32,257.77
1,76.0,28.5,83.3,93.4,27.4,81.32,257.66
1,76.2,28.5,83.3,93.5,27.4,81.32,257.56
1,76.2,28.5,83.3,93.5,27.4,81.32,257.53
1,76.1,28.5,83.3,93.6,27.4,81.32,257.48
1,76.2,28.5,83.3,93.4,27.4,81.32,257.45
1,76.2,28.5,83.3,93.3,27.4,81.32,257.28
1,76.4,28.5,83.3,93.2,27.4,81.32,257.12
1,76.2,28.5,83.3,93.2,27.4,81.32,257.15
1,76.1,28.5,83.3,93.2,27.4,81.32,257.19
1,76.2,28.5,83.3,93.3,27.4,81.32,257.1
1,76.1,28.5,83.3,93.2,27.4,81.32,256.91
1,76.2,28.5,83.3,93.1,27.4,81.32,256.8
1,76.2,28.5,83.3,93.1,27.4,81.32,256.64
1,76.3,28.5,83.3,93.4,27.4,81.32,256.64
1,76.1,28.5,83.3,93.4,27.4,81.32,256.52
1,76.2,28.5,83.3,93.4,27.4,81.32,256.3
1,76.2,28.5,83.3,93.3,27.4,81.32,256.33
1,76.2,28.5,83.3,93.2,27.4,81.32,256.31
1,76.2,28.5,83.3,93.3,27.4,81.32,256.2
1,76.2,28.5,83.3,93.2,27.4,81.32,256.05
1,76.2,28.5,83.3,93.2,27.4,81.32,255.87
1,76.1,28.5,83.3,93.2,27.4,81.32,255.77
1,76.2,28.5,83.3,93.1,27.4,81.32,255.74
1,76.2,28.5,83.3,93.2,27.4,81.32,255.69
1,76.2,28.5,83.3,93.1,27.4,81.32,255.6
1,76.3,28.5,83.3,93.1,27.4,81.32,255.57
1,76.4,28.5,83.3,92.9,27.4,81.32,255.59
1,76.3,28.5,83.3,93.1,27.4,81.32,255.57
1,76.4,28.5,83.3,93.1,27.4,81.32,255.48
1,76.2,28.5,83.3,93.1,27.4,81.32,255.17
1,76.4,28.5,83.3,93.1,27.4,81.32,255.2
1,76.5,28.5,83.3,93.1,27.4,81.32,255.19
1,76.5,28.5,83.3,93.3,27.4,81.32,254.9
1,76.5,28.5,83.3,93.2,27.4,81.32,254.92
1,76.5,28.5,83.3,93.2,27.4,81.32,254.81
1,76.5,28.5,83.3,93.4,27.4,81.32,254.78
1,76.6,28.5,83.3,93.4,27.4,81.32,254.75
1,76.8,28.5,83.3,93.5,27.4,81.32,254.61
1,76.6,28.5,83.3,93.3,27.4,81.32,254.42
1,76.7,28.5,83.3,93.4,27.4,81.32,254.35
1,76.7,28.5,83.3,93.5,27.4,81.32,254.19
1,76.6,28.5,83.3,93.4,27.4,81.32,254.37
1,76.7,28.5,83.3,93.5,27.4,81.32,254.1
1,76.6,28.5,83.3,93.6,27.4,81.32,254.23
1,76.6,28.5,83.3,93.6,27.4,81.32,254.08
1,76.6,28.5,83.3,93.6,27.4,81.32,254.02
1,76.6,28.5,83.3,93.6,27.4,81.32,253.81
1,76.6,28.5,83.3,93.4,27.4,81.32,253.76
1,76.6,28.5,83.3,93.2,27.4,81.32,253.74
1,76.6,28.5,83.3,93.0,27.4,81.32,253.5
1,76.6,28.5,83.3,93.1,27.4,81.32,253.57
1,76.6,28.5,83.3,93.4,27.4,81.32,253.45
1,76.6,28.5,83.3,93.5,27.4,81.32,253.47
1,76.6,28.5,83.3,93.6,27.4,81.32,253.04
1,76.7,28.5,83.3,93.6,27.4,81.32,253.21
1,76.7,28.5,83.3,93.8,27.4,81.32,253.15
1,76.8,28.5,83.3,94.1,27.4,81.32,253.14
1,76.8,28.5,83.3,94.2,27.4,81.32,252.92
1,76.8,28.5,83.3,93.8,27.4,81.32,252.97
1,76.7,28.5,83.3,93.7,27.4,81.32,252.83
1,76.9,28.5,83.3,93.7,27.4,81.32,252.87
1,76.7,28.5,83.3,93.8,27.4,81.32,252.72
1,76.9,28.5,83.3,93.9,27.4,81.32,252.67
1,76.8,28.5,83.3,93.9,27.4,81.32,252.54
1,77.0,28.5,83.3,94.2,27.4,81.32,252.64
1,77.1,28.5,83.3,94.1,27.4,81.32,252.46
1,77.3,28.5,83.3,94.2,27.4,81.32,252.3
1,77.3,28.5,83.3,93.9,27.4,81.32,252.19
1,77.3,28.5,83.3,93.9,27.4,81.32,252.09
1,77.3,28.5,83.3,93.8,27.4,81.32,252.09
1,77.3,28.5,83.3,93.9,27.4,81.32,251.97
1,77.3,28.5,83.3,93.9,27.4,81.32,251.74
1,77.3,28.5,83.3,93.9,27.4,81.32,251.7
1,77.1,28.5,83.3,93.9,27.4,81.32,251.89
1,77.1,28.5,83.3,94.0,27.4,81.32,251.65
1,77.3,28.5,83.3,94.1,27.4,81.32,251.59
1,77.2,28.5,83.3,94.0,27.3,81.14,251.76
1,77.5,28.5,83.3,94.0,27.4,81.32,251.51
1,77.4,28.5,83.3,93.9,27.4,81.32,251.49
1,77.4,28.5,83.3,93.7,27.4,81.32,251.38
1,77.3,28.5,83.3,93.8,27.4,81.32,251.22
1,77.5,28.5,83.3,93.8,27.4,81.32,251.15
1,77.3,28.5,83.3,93.9,27.4,81.32,251.04
1,77.5,28.5,83.3,94.0,27.4,81.32,251.11
1,77.9,28.5,83.3,94.3,27.4,81.32,251.13
1,77.8,28.5,83.3,94.4,27.4,81.32,250.95
1,77.6,28.5,83.3,94.4,27.3,81.14,250.92
1,77.7,28.5,83.3,94.3,27.4,81.32,250.69
1,77.7,28.5,83.3,94.3,27.4,81.32,250.72
1,77.4,28.5,83.3,94.1,27.4,81.32,250.72
1,77.3,28.5,83.3,94.2,27.4,81.32,250.53
1,77.2,28.5,83.3,94.2,27.4,81.32,250.37
1,77.6,28.5,83.3,94.2,27.4,81.32,250.47
1,77.6,28.5,83.3,94.3,27.4,81.32,250.23
1,77.7,28.5,83.3,94.3,27.4,81.32,250.17
1,77.8,28.5,83.3,94.3,27.4,81.32,250.1
1,77.8,28.5,83.3,94.4,27.3,81.14,250.09
1,77.6,28.5,83.3,94.3,27.4,81.32,250.04
1,77.6,28.5,83.3,94.5,27.4,81.32,250.1
1,77.8,28.5,83.3,94.5,27.4,81.32,250.16
1,78.0,28.5,83.3,94.7,27.4,81.32,249.91
1,78.0,28.5,83.3,94.6,27.4,81.32,249.95
1,77.8,28.5,83.3,94.5,27.4,81.32,249.91
1,77.6,28.5,83.3,94.5,27.4,81.32,249.57
1,78.0,28.5,83.3,94.6,27.4,81.32,249.79
1,77.7,28.5,83.3,94.6,27.4,81.32,249.58
1,77.7,28.5,83.3,94.6,27.4,81.32,249.35
1,77.6,28.5,83.3,94.4,27.4,81.32,249.29
1,77.7,28.5,83.3,94.6,27.4,81.32,249.44
1,77.9,28.5,83.3,94.8,27.4,81.32,249.28
1,77.9,28.5,83.3,94.7,27.4,81.32,249.26
1,78.3,28.5,83.3,94.9,27.4,81.32,249.21
1,78.4,28.5,83.3,95.0,27.4,81.32,249.08
1,78.2,28.5,83.3,95.1,27.4,81.32,249.11
1,78.2,28.5,83.3,95.0,27.4,81.32,249.01
1,78.2,28.5,83.3,95.1,27.4,81.32,248.88
1,78.2,28.5,83.3,95.1,27.4,81.32,248.94
1,78.3,28.5,83.3,94.8,27.3,81.14,248.78
1,78.2,28.5,83.3,94.8,27.4,81.32,248.68
1,78.4,28.5,83.3,95.0,27.4,81.32,248.68
1,78.5,28.5,83.3,95.1,27.4,81.32,248.55
1,78.7,28.5,83.3,95.3,27.4,81.32,248.56
1,78.6,28.5,83.3,95.2,27.4,81.32,248.75
1,78.6,28.5,83.3,95.2,27.4,81.32,248.53
1,78.7,28.5,83.3,95.5,27.4,81.32,248.42
1,78.7,28.5,83.3,95.5,27.4,81.32,248.29
1,78.5,28.5,83.3,95.4,27.4,81.32,248.3
1,78.6,28.5,83.3,95.4,27.4,81.32,248.31
1,78.5,28.5,83.3,95.1,27.4,81.32,248.29
1,78.4,28.5,83.3,95.0,27.4,81.32,248.05
1,78.3,28.5,83.3,95.0,27.4,81.32,248.29
1,78.3,28.5,83.3,95.0,27.4,81.32,248.08
1,78.2,28.5,83.3,95.1,27.4,81.32,247.95
1,78.5,28.5,83.3,95.2,27.4,81.32,247.78
1,78.6,28.5,83.3,95.1,27.4,81.32,247.68
1,78.5,28.5,83.3,95.0,27.4,81.32,247.62
1,78.3,28.5,83.3,95.2,27.4,81.32,247.56
1,78.3,28.5,83.3,95.3,27.4,81.32,247.63
1,78.4,28.5,83.3,95.3,27.4,81.32,247.47
1,78.3,28.5,83.3,95.3,27.4,81.32,247.51
1,78.4,28.5,83.3,95.3,27.4,81.32,247.23
1,78.4,28.5,83.3,95.2,27.4,81.32,247.21
1,78.4,28.5,83.3,95.2,27.4,81.32,247.14
1,78.4,28.5,83.3,95.2,27.4,81.32,247.05
1,78.7,28.5,83.3,95.3,27.4,81.32,246.96
1,78.8,28.5,83.3,95.5,27.4,81.32,247.25
1,78.8,28.5,83.3,95.4,27.4,81.32,247.05
1,78.7,28.5,83.3,95.4,27.4,81.32,247.02
1,78.7,28.5,83.3,95.3,27.4,81.32,246.94
1,78.6,28.5,83.3,95.2,27.4,81.32,246.95
1,78.7,28.5,83.3,95.2,27.4,81.32,246.95
1,78.8,28.5,83.3,95.2,27.4,81.32,246.81
1,78.7,28.5,83.3,95.3,27.4,81.32,246.6
1,78.7,28.5,83.3,95.2,27.4,81.32,246.53
1,78.5,28.5,83.3,95.1,27.4,81.32,246.52
1,78.5,28.5,83.3,95.0,27.4,81.32,246.47
1,78.3,28.5,83.3,95.1,27.4,81.32,246.39
1,78.5,28.5,83.3,95.2,27.4,81.32,246.4
1,78.6,28.5,83.3,95.3,27.4,81.32,246.37
1,78.4,28.5,83.3,95.3,27.4,81.32,246.39
1,78.7,28.5,83.3,95.2,27.4,81.32,246.24
1,78.9,28.5,83.3,95.3,27.4,81.32,246.22
1,79.0,28.5,83.3,95.5,27.4,81.32,246.29
1,78.9,28.5,83.3,95.5,27.4,81.32,246.05
1,78.8,28.5,83.3,95.3,27.4,81.32,246.11
1,78.6,28.5,83.3,95.2,27.4,81.32,245.79
1,78.6,28.5,83.3,95.2,27.4,81.32,246.0
1,78.6,28.5,83.3,95.3,27.4,81.32,246.01
1,78.5,28.5,83.3,95.4,27.4,81.32,245.8
1,78.8,28.5,83.3,95.4,27.4,81.32,245.68
1,78.9,28.5,83.3,95.5,27.4,81.32,245.83
1,78.8,28.5,83.3,95.4,27.4,81.32,245.76
1,78.9,28.5,83.3,95.4,27.4,81.32,245.59
1,79.0,28.5,83.3,95.6,27.4,81.32,245.7
1,79.0,28.5,83.3,95.5,27.4,81.32,245.47
1,79.0,28.5,83.3,95.5,27.4,81.32,245.65
1,79.1,28.5,83.3,95.6,27.4,81.32,245.51
1,79.1,28.5,83.3,95.6,27.4,81.32,245.5
1,79.1,28.5,83.3,95.6,27.4,81.32,245.41
1,79.0,28.5,83.3,95.7,27.4,81.32,245.3
1,79.0,28.5,83.3,95.7,27.4,81.32,245.21
1,79.0,28.5,83.3,95.7,27.4,81.32,245.34
1,79.0,28.5,83.3,95.7,27.4,81.32,245.2
1,79.1,28.5,83.3,95.6,27.4,81.32,245.14
1,79.0,28.5,83.3,95.6,27.4,81.32,245.21
1,78.7,28.5,83.3,95.6,27.4,81.32,244.97
1,78.6,28.5,83.3,95.5,27.4,81.32,244.85
1,78.6,28.5,83.3,95.5,27.5,81.5,244.86
1,78.7,28.5,83.3,95.7,27.4,81.32,244.79
1,78.7,28.5,83.3,95.6,27.4,81.32,244.82
1,78.7,28.5,83.3,95.6,27.4,81.32,244.75
1,78.8,28.5,83.3,95.7,27.4,81.32,244.62
1,78.7,28.5,83.3,95.4,27.4,81.32,244.58
1,78.6,28.5,83.3,95.3,27.4,81.32,244.54
1,78.7,28.5,83.3,95.5,27.4,81.32,244.44
1,78.8,28.5,83.3,95.5,27.4,81.32,244.42
1,78.7,28.5,83.3,95.6,27.4,81.32,244.39
1,78.6,28.5,83.3,95.5,27.5,81.5,244.35
1,78.5,28.5,83.3,95.5,27.4,81.32,244.35
1,78.8,28.5,83.3,95.6,27.4,81.32,244.29
1,78.7,28.5,83.3,95.7,27.5,81.5,244.4
1,78.9,28.5,83.3,95.7,27.5,81.5,244.24
1,79.0,28.5,83.3,95.7,27.4,81.32,244.16
1,78.9,28.5,83.3,95.6,27.5,81.5,244.13
1,78.8,28.5,83.3,95.7,27.5,81.5,243.89
1,78.6,28.5,83.3,95.6,27.4,81.32,244.02
1,78.7,28.5,83.3,95.4,27.4,81.32,243.76
1,78.7,28.5,83.3,95.5,27.4,81.32,243.81
1,78.7,28.5,83.3,95.6,27.4,81.32,243.74
1,78.6,28.5,83.3,95.7,27.4,81.32,243.75
1,78.6,28.5,83.3,95.6,27.5,81.5,243.79
1,78.7,28.5,83.3,95.8,27.4,81.32,243.77
1,78.8,28.5,83.3,95.8,27.5,81.5,243.69
1,78.9,28.5,83.3,95.8,27.4,81.32,243.63
1,79.0,28.5,83.3,95.8,27.4,81.32,243.65
1,79.0,28.5,83.3,95.8,27.4,81.32,243.57
1,78.9,28.5,83.3,95.7,27.4,81.32,243.27
1,78.8,28.5,83.3,95.7,27.4,81.32,243.38
1,78.7,28.5,83.3,95.7,27.4,81.32,243.33
1,78.9,28.5,83.3,95.7,27.4,81.32,243.13
1,78.9,28.5,83.3,95.7,27.4,81.32,243.34
1,78.8,28.5,83.3,95.7,27.5,81.5,243.33
1,78.7,28.5,83.3,95.7,27.4,81.32,243.15
1,78.7,28.5,83.3,95.7,27.4,81.32,243.03
1,78.7,28.5,83.3,95.7,27.5,81.5,243.0
1,78.8,28.5,83.3,95.6,27.4,81.32,243.0
1,78.8,28.5,83.3,95.7,27.4,81.32,243.0
1,78.9,28.5,83.3,95.7,27.4,81.32,242.95
1,79.0,28.5,83.3,95.8,27.4,81.32,242.85
1,78.8,28.5,83.3,95.8,27.4,81.32,242.85
1,78.8,28.5,83.3,95.7,27.4,81.32,242.64
1,78.8,28.5,83.3,95.7,27.4,81.32,242.7
1,78.7,28.5,83.3,95.6,27.4,81.32,242.55
1,78.6,28.5,83.3,95.6,27.4,81.32,242.45
1,78.7,28.5,83.3,95.6,27.4,81.32,242.53
1,79.0,28.5,83.3,95.8,27.4,81.32,242.55
1,79.0,28.5,83.3,95.8,27.4,81.32,242.52
1,79.0,28.5,83.3,95.8,27.4,81.32,242.4
1,79.2,28.5,83.3,95.9,27.4,81.32,242.32
1,79.1,28.5,83.3,95.9,27.5,81.5,242.23
1,78.9,28.5,83.3,95.7,27.4,81.32,242.26
1,79.0,28.5,83.3,95.8,27.4,81.32,242.15
1,79.0,28.5,83.3,95.9,27.5,81.5,242.14
1,79.1,28.5,83.3,95.8,27.5,81.5,241.94
1,79.0,28.5,83.3,96.0,27.4,81.32,242.0
1,79.0,28.5,83.3,96.0,27.4,81.32,241.9
1,79.0,28.5,83.3,95.9,27.5,81.5,242.0
1,79.1,28.5,83.3,95.9,27.4,81.32,241.9
1,79.2,28.5,83.3,96.0,27.5,81.5,241.78
1,79.0,28.5,83.3,96.2,27.5,81.5,241.69
1,79.2,28.5,83.3,96.3,27.5,81.5,241.89
1,79.2,28.5,83.3,96.2,27.5,81.5,241.69
1,79.2,28.5,83.3,96.2,27.5,81.5,241.67
1,79.2,28.5,83.3,96.2,27.5,81.5,241.51
1,79.3,28.5,83.3,96.0,27.5,81.5,241.41
1,79.3,28.5,83.3,96.1,27.5,81.5,241.39
1,79.1,28.5,83.3,96.2,27.5,81.5,241.5
1,79.3,28.5,83.3,96.1,27.5,81.5,241.36
1,79.1,28.5,83.3,96.0,27.5,81.5,241.29
1,79.1,28.5,83.3,95.8,27.5,81.5,241.2
1,79.2,28.5,83.3,96.0,27.5,81.5,241.14
1,79.5,28.5,83.3,96.0,27.5,81.5,241.21
1,79.3,28.5,83.3,96.2,27.5,81.5,241.14
1,79.1,28.5,83.3,96.1,27.5,81.5,241.02
1,79.1,28.5,83.3,96.0,27.5,81.5,241.0
1,79.0,28.5,83.3,96.0,27.5,81.5,240.98
1,79.0,28.5,83.3,96.1,27.5,81.5,241.01
1,79.1,28.5,83.3,96.2,27.5,81.5,240.75
1,79.2,28.5,83.3,96.2,27.5,81.5,240.73
1,79.3,28.5,83.3,96.3,27.5,81.5,240.87
1,79.3,28.5,83.3,96.4,27.5,81.5,240.77
1,79.3,28.5,83.3,96.3,27.5,81.5,240.8
1,79.3,28.5,83.3,96.3,27.5,81.5,240.63
1,79.3,28.5,83.3,96.2,27.5,81.5,240.38
1,79.3,28.5,83.3,96.2,27.5,81.5,240.49
1,79.3,28.5,83.3,96.2,27.5,81.5,240.49
1,79.1,28.5,83.3,96.1,27.5,81.5,240.42
1,79.1,28.5,83.3,96.2,27.5,81.5,240.3
1,79.1,28.5,83.3,96.3,27.5,81.5,240.56
1,79.2,28.5,83.3,96.2,27.5,81.5,240.32
1,79.4,28.5,83.3,96.1,27.5,81.5,240.29
1,79.3,28.5,83.3,96.0,27.5,81.5,240.18
1,79.3,28.5,83.3,95.9,27.5,81.5,239.99
1,79.0,28.5,83.3,96.0,27.5,81.5,240.02
1,79.1,28.5,83.3,96.1,27.5,81.5,239.96
1,79.3,28.5,83.3,96.3,27.5,81.5,239.98
1,79.3,28.5,83.3,96.4,27.5,81.5,239.91
1,79.5,28.5,83.3,96.3,27.5,81.5,239.81
1,79.2,28.5,83.3,96.2,27.5,81.5,239.8
1,79.2,28.5,83.3,96.2,27.5,81.5,239.8
1,79.2,28.5,83.3,96.3,27.5,81.5,239.82
1,79.3,28.5,83.3,96.3,27.5,81.5,239.64
1,79.4,28.5,83.3,96.4,27.5,81.5,239.5
1,79.4,28.5,83.3,96.4,27.5,81.5,239.57
1,79.3,28.5,83.3,96.2,27.5,81.5,239.29
1,79.3,28.5,83.3,96.2,27.5,81.5,239.31
1,79.3,28.5,83.3,96.1,27.5,81.5,239.32
1,79.4,28.5,83.3,96.2,27.5,81.5,239.31
1,79.4,28.5,83.3,96.3,27.5,81.5,239.22
1,79.3,28.5,83.3,96.3,27.5,81.5,239.22
1,79.3,28.5,83.3,96.2,27.5,81.5,239.22
1,79.2,28.5,83.3,96.2,27.5,81.5,239.15
1,79.3,28.5,83.3,96.2,27.5,81.5,238.94
1,79.5,28.5,83.3,96.2,27.5,81.5,239.0
1,79.4,28.5,83.3,96.2,27.5,81.5,238.83
1,79.2,28.5,83.3,96.2,27.5,81.5,239.0
1,79.4,28.5,83.3,96.3,27.5,81.5,238.67
1,79.5,28.5,83.3,96.4,27.5,81.5,238.66
1,79.4,28.5,83.3,96.4,27.5,81.5,238.71
1,79.7,28.5,83.3,96.5,27.5,81.5,238.62
1,79.6,28.5,83.3,96.5,27.5,81.5,238.7
1,79.6,28.5,83.3,96.4,27.5,81.5,238.5
1,79.5,28.5,83.3,96.4,27.5,81.5,238.59
1,79.4,28.5,83.3,96.2,27.5,81.5,238.44
1,79.5,28.5,83.3,96.3,27.5,81.5,238.36
1,79.6,28.5,83.3,96.3,27.5,81.5,238.39
1,79.7,28.5,83.3,96.4,27.5,81.5,238.32
1,79.6,28.5,83.3,96.4,27.5,81.5,238.25
1,79.5,28.5,83.3,96.5,27.5,81.5,238.14
1,79.6,28.5,83.3,96.6,27.5,81.5,238.14
1,79.7,28.5,83.3,96.5,27.5,81.5,238.08
1,79.7,28.5,83.3,96.5,27.5,81.5,237.99
1,79.5,28.5,83.3,96.4,27.5,81.5,237.97
1,79.4,28.5,83.3,96.5,27.5,81.5,237.71
1,79.5,28.5,83.3,96.5,27.5,81.5,237.72
1,79.6,28.5,83.3,96.5,27.5,81.5,237.63
1,79.7,28.5,83.3,96.6,27.5,81.5,237.66
1,79.7,28.5,83.3,96.5,27.5,81.5,237.67
1,79.7,28.5,83.3,96.5,27.5,81.5,237.74
1,79.7,28.5,83.3,96.5,27.5,81.5,237.58
1,79.7,28.5,83.3,96.6,27.5,81.5,237.42
1,79.4,28.5,83.3,96.4,27.5,81.5,237.51
1,79.5,28.5,83.3,96.6,27.5,81.5,237.31
1,79.4,28.5,83.3,96.5,27.5,81.5,237.35
1,79.5,28.5,83.3,96.5,27.5,81.5,237.34
1,79.6,28.5,83.3,96.4,27.5,81.5,237.25
1,79.6,28.5,83.3,96.4,27.5,81.5,237.17
1,79.5,28.5,83.3,96.5,27.5,81.5,237.3
1,79.6,28.5,83.3,96.5,27.5,81.5,237.05
1,79.6,28.5,83.3,96.4,27.6,81.68,236.95
1,79.7,28.5,83.3,96.5,27.5,81.5,236.96
1,79.6,28.5,83.3,96.4,27.5,81.5,236.87
1,79.6,28.5,83.3,96.3,27.5,81.5,236.82
1,79.5,28.5,83.3,96.3,27.5,81.5,236.67
1,79.4,28.5,83.3,96.3,27.5,81.5,236.63
1,79.5,28.5,83.3,96.3,27.5,81.5,236.77
1,79.5,28.5,83.3,96.2,27.5,81.5,236.66
1,79.5,28.5,83.3,96.3,27.5,81.5,236.53
1,79.4,28.5,83.3,96.2,27.5,81.5,236.57
1,79.4,28.5,83.3,96.3,27.5,81.5,236.45
1,79.4,28.5,83.3,96.3,27.5,81.5,236.38
1,79.2,28.5,83.3,96.3,27.5,81.5,236.39
1,79.4,28.5,83.3,96.3,27.5,81.5,236.32
1,79.5,28.5,83.3,96.3,27.5,81.5,236.26
1,79.4,28.5,83.3,96.3,27.5,81.5,236.15
1,79.5,28.5,83.3,96.2,27.5,81.5,236.17
1,79.4,28.5,83.3,96.4,27.5,81.5,236.03
1,79.5,28.5,83.3,96.3,27.5,81.5,236.09
1,79.4,28.5,83.3,96.3,27.5,81.5,235.94
1,79.6,28.5,83.3,96.3,27.5,81.5,235.95
1,79.5,28.5,83.3,96.3,27.5,81.5,235.78
1,79.4,28.5,83.3,96.3,27.5,81.5,235.85
1,79.4,28.5,83.3,96.3,27.5,81.5,235.74
1,79.3,28.5,83.3,96.2,27.5,81.5,235.76
1,79.4,28.5,83.3,96.2,27.5,81.5,235.62
1,79.5,28.5,83.3,96.2,27.5,81.5,235.56
1,79.4,28.5,83.3,96.2,27.5,81.5,235.49
1,79.4,28.5,83.3,96.1,27.5,81.5,235.43
1,79.4,28.5,83.3,96.1,27.5,81.5,235.35
1,79.3,28.5,83.3,96.2,27.5,81.5,235.47
1,79.4,28.5,83.3,96.2,27.5,81.5,235.42
1,79.3,28.5,83.3,96.2,27.5,81.5,235.33
1,79.1,28.5,83.3,96.1,27.5,81.5,235.12
1,79.1,28.5,83.3,95.9,27.5,81.5,235.12
1,79.1,28.5,83.3,95.9,27.5,81.5,234.97
1,79.1,28.5,83.3,96.0,27.5,81.5,234.84
1,79.3,28.5,83.3,96.0,27.5,81.5,234.97
1,79.3,28.5,83.3,96.0,27.5,81.5,234.99
1,79.1,28.5,83.3,96.0,27.5,81.5,234.72
1,79.3,28.5,83.3,96.0,27.5,81.5,234.7
1,79.4,28.5,83.3,96.1,27.5,81.5,234.59
1,79.4,28.5,83.3,96.1,27.5,81.5,234.64
1,79.3,28.5,83.3,96.1,27.5,81.5,234.43
1,79.4,28.5,83.3,96.0,27.5,81.5,234.39
1,79.5,28.5,83.3,95.9,27.5,81.5,234.38
1,79.5,28.5,83.3,96.0,27.5,81.5,234.24
1,79.6,28.5,83.3,96.0,27.5,81.5,234.19
1,79.2,28.5,83.3,95.9,27.5,81.5,234.19
1,79.3,28.5,83.3,95.9,27.5,81.5,234.01
1,79.4,28.5,83.3,95.8,27.5,81.5,234.01
1,79.2,28.5,83.3,95.8,27.5,81.5,233.97
1,79.2,28.5,83.3,95.8,27.5,81.5,233.82
1,79.1,28.5,83.3,95.8,27.5,81.5,233.77
1,79.2,28.5,83.3,95.7,27.5,81.5,233.84
1,79.0,28.5,83.3,95.7,27.5,81.5,233.47
1,78.9,28.5,83.3,95.5,27.5,81.5,233.65
1,79.0,28.5,83.3,95.7,27.5,81.5,233.5
1,79.1,28.5,83.3,95.8,27.5,81.5,233.58
1,79.1,28.5,83.3,95.7,27.5,81.5,233.42
1,79.0,28.5,83.3,95.7,27.5,81.5,233.37
1,79.0,28.5,83.3,95.5,27.5,81.5,233.28
1,79.2,28.5,83.3,95.6,27.5,81.5,233.25
1,79.2,28.5,83.3,95.5,27.5,81.5,233.18
1,79.2,28.5,83.3,95.5,27.5,81.5,233.05
1,79.3,28.5,83.3,95.4,27.5,81.5,232.96
1,79.4,28.5,83.3,95.5,27.5,81.5,232.87
1,79.4,28.5,83.3,95.4,27.5,81.5,232.77
1,79.3,28.5,83.3,95.4,27.5,81.5,232.76
1,79.4,28.5,83.3,95.4,27.5,81.5,232.73
1,79.3,28.5,83.3,95.2,27.5,81.5,232.58
1,79.1,28.5,83.3,95.1,27.5,81.5,232.71
1,79.2,28.5,83.3,95.1,27.5,81.5,232.44
1,79.1,28.5,83.3,95.0,27.6,81.68,232.52
1,79.3,28.5,83.3,95.1,27.6,81.68,232.55
1,79.1,28.5,83.3,95.1,27.6,81.68,232.38
1,79.1,28.5,83.3,95.1,27.5,81.5,232.38
1,79.3,28.5,83.3,94.9,27.6,81.68,232.29
1,79.1,28.5,83.3,94.8,27.6,81.68,232.12
1,79.2,28.5,83.3,94.9,27.6,81.68,232.2
1,79.2,28.5,83.3,95.0,27.6,81.68,232.02
1,79.1,28.5,83.3,95.0,27.6,81.68,231.82
1,79.2,28.5,83.3,94.9,27.6,81.68,231.87
1,79.4,28.5,83.3,94.9,27.6,81.68,231.84
1,79.3,28.5,83.3,94.9,27.6,81.68,231.89
1,79.3,28.5,83.3,94.8,27.6,81.68,231.81
1,79.3,28.5,83.3,94.9,27.6,81.68,231.62
1,79.3,28.5,83.3,94.8,27.6,81.68,231.68
1,79.4,28.5,83.3,94.8,27.6,81.68,231.52
1,79.3,28.5,83.3,94.8,27.6,81.68,231.33
1,79.5,28.5,83.3,94.7,27.6,81.68,231.34
1,79.4,28.5,83.3,94.7,27.6,81.68,231.32
1,79.4,28.5,83.3,94.7,27.6,81.68,231.36
1,79.5,28.5,83.3,94.6,27.6,81.68,231.19
1,79.5,28.5,83.3,94.5,27.6,81.68,230.91
1,79.4,28.5,83.3,94.6,27.6,81.68,230.98
1,79.3,28.5,83.3,94.7,27.6,81.68,231.0
1,79.4,28.5,83.3,94.7,27.6,81.68,230.89
1,79.5,28.5,83.3,94.7,27.6,81.68,230.73
1,79.6,28.5,83.3,94.7,27.6,81.68,230.81
1,79.6,28.5,83.3,94.6,27.6,81.68,230.7
1,79.6,28.5,83.3,94.5,27.6,81.68,230.85
1,79.5,28.5,83.3,94.3,27.6,81.68,230.83
1,79.3,28.5,83.3,94.3,27.7,81.86,230.47
1,79.4,28.5,83.3,94.2,27.7,81.86,230.49
1,79.5,28.5,83.3,94.2,27.7,81.86,230.22
1,79.5,28.5,83.3,94.2,27.7,81.86,230.41
1,79.6,28.5,83.3,94.2,27.7,81.86,230.34
1,79.6,28.5,83.3,94.1,27.7,81.86,230.2
1,79.6,28.5,83.3,94.1,27.7,81.86,230.08
1,79.7,28.5,83.3,94.0,27.7,81.86,230.05
1,79.6,28.5,83.3,94.0,27.7,81.86,229.87
1,79.7,28.5,83.3,94.0,27.7,81.86,229.98
1,79.7,28.5,83.3,94.1,27.7,81.86,229.88
1,79.5,28.5,83.3,94.0,27.7,81.86,229.78
1,79.7,28.5,83.3,93.9,27.7,81.86,229.71
1,79.6,28.5,83.3,93.9,27.7,81.86,229.69
1,79.7,28.5,83.3,93.9,27.7,81.86,229.53
1,79.7,28.5,83.3,93.8,27.7,81.86,229.57
1,79.8,28.5,83.3,93.8,27.7,81.86,229.58
1,79.8,28.5,83.3,93.7,27.7,81.86,229.4
1,79.7,28.5,83.3,93.6,27.7,81.86,229.35
1,79.7,28.5,83.3,93.7,27.7,81.86,229.21
1,79.8,28.5,83.3,93.5,27.8,82.04,229.23
1,79.8,28.5,83.3,93.6,27.7,81.86,229.28
1,79.8,28.5,83.3,93.5,27.8,82.04,229.19
1,79.9,28.5,83.3,93.6,27.8,82.04,228.94
1,79.7,28.5,83.3,93.4,27.8,82.04,228.95
1,79.7,28.5,83.3,93.5,27.8,82.04,228.93
1,79.9,28.5,83.3,93.4,27.8,82.04,228.78
1,79.7,28.5,83.3,93.2,27.8,82.04,228.74
1,79.8,28.5,83.3,93.2,27.8,82.04,228.71
1,79.8,28.5,83.3,93.3,27.8,82.04,228.64
1,79.9,28.5,83.3,93.3,27.8,82.04,228.4
1,80.0,28.5,83.3,93.3,27.8,82.04,228.45
1,79.8,28.5,83.3,93.2,27.8,82.04,228.23
1,79.7,28.5,83.3,93.0,27.8,82.04,228.29
1,79.7,28.5,83.3,93.0,27.8,82.04,228.27
1,79.7,28.5,83.3,92.9,27.8,82.04,228.24
1,79.9,28.5,83.3,92.9,27.8,82.04,228.12
1,79.8,28.5,83.3,92.9,27.8,82.04,228.02
1,79.7,28.5,83.3,92.8,27.8,82.04,227.97
1,79.9,28.5,83.3,92.8,27.8,82.04,228.02
1,79.8,28.5,83.3,92.8,27.8,82.04,227.88
1,79.8,28.5,83.3,92.8,27.8,82.04,227.76
1,79.7,28.5,83.3,92.7,27.9,82.22,227.63
1,79.8,28.5,83.3,92.7,27.9,82.22,227.67
1,79.8,28.5,83.3,92.7,27.8,82.04,227.45
1,79.9,28.5,83.3,92.6,27.9,82.22,227.5
1,79.8,28.5,83.3,92.5,27.9,82.22,227.46
1,80.0,28.5,83.3,92.5,27.9,82.22,227.43
1,79.7,28.5,83.3,92.4,27.9,82.22,227.37
1,79.7,28.5,83.3,92.5,27.9,82.22,227.26
1,79.8,28.5,83.3,92.4,27.9,82.22,227.29
1,79.8,28.5,83.3,92.4,27.9,82.22,227.25
1,79.6,28.5,83.3,92.5,27.9,82.22,227.06
1,79.7,28.5,83.3,92.4,27.9,82.22,227.0
1,79.9,28.5,83.3,92.4,27.9,82.22,227.01
1,79.7,28.5,83.3,92.2,27.9,82.22,226.98
1,79.7,28.5,83.3,92.1,27.9,82.22,226.7
1,79.6,28.5,83.3,92.0,27.9,82.22,226.72
1,79.5,28.5,83.3,91.9,27.9,82.22,226.54
1,79.6,28.5,83.3,91.9,27.9,82.22,226.57
1,79.5,28.5,83.3,92.0,27.9,82.22,226.53
1,79.7,28.5,83.3,92.0,27.9,82.22,226.34
1,79.8,28.5,83.3,92.1,27.9,82.22,226.44
1,80.0,28.5,83.3,92.0,27.9,82.22,226.45
1,79.9,28.5,83.3,91.8,27.9,82.22,226.32
1,79.8,28.5,83.3,91.9,27.9,82.22,226.19
1,79.7,28.5,83.3,91.9,27.9,82.22,226.21
1,79.8,28.5,83.3,91.9,27.9,82.22,226.19
1,79.7,28.5,83.3,91.8,27.9,82.22,225.96
1,79.8,28.5,83.3,91.7,27.9,82.22,225.77
1,79.9,28.5,83.3,91.7,27.9,82.22,225.86
1,79.9,28.5,83.3,91.6,27.9,82.22,225.8
1,79.8,28.5,83.3,91.5,27.9,82.22,225.75
1,79.8,28.5,83.3,91.5,27.9,82.22,225.53
1,79.7,28.5,83.3,91.5,27.9,82.22,225.72
1,79.5,28.5,83.3,91.3,27.9,82.22,225.47
1,79.6,28.5,83.3,91.3,27.9,82.22,225.61
1,79.6,28.5,83.3,91.2,27.9,82.22,225.47
1,79.5,28.5,83.3,91.1,27.9,82.22,225.39
1,79.5,28.5,83.3,91.2,27.9,82.22,225.3
1,79.5,28.5,83.3,91.0,27.9,82.22,225.25
1,79.4,28.5,83.3,91.0,27.9,82.22,225.16
1,79.4,28.5,83.3,91.0,27.9,82.22,225.08
1,79.4,28.5,83.3,90.9,27.9,82.22,225.01
1,79.5,28.5,83.3,90.9,27.9,82.22,224.92
1,79.4,28.5,83.3,90.9,27.9,82.22,224.77
1,79.5,28.5,83.3,90.9,27.9,82.22,224.9
1,79.5,28.5,83.3,90.8,27.9,82.22,224.66
1,79.4,28.5,83.3,90.8,27.9,82.22,224.78
1,79.4,28.5,83.3,90.9,27.9,82.22,224.6
1,79.4,28.5,83.3,90.7,27.9,82.22,224.51
1,79.4,28.5,83.3,90.7,27.9,82.22,224.41
1,79.3,28.5,83.3,90.6,27.9,82.22,224.33
1,79.3,28.5,83.3,90.5,28.0,82.4,224.13
1,79.3,28.5,83.3,90.6,28.0,82.4,224.27
1,79.2,28.5,83.3,90.5,28.0,82.4,224.05
1,79.3,28.5,83.3,90.4,28.0,82.4,223.99
1,79.3,28.4,83.12,90.3,28.0,82.4,224.02
1,79.4,28.5,83.3,90.3,28.0,82.4,223.85
1,79.3,28.4,83.12,90.3,28.0,82.4,223.96
1,79.3,28.5,83.3,90.3,28.0,82.4,223.73
1,79.2,28.5,83.3,90.1,28.0,82.4,223.79
1,79.2,28.4,83.12,90.1,28.0,82.4,223.82
1,79.1,28.4,83.12,90.1,28.0,82.4,223.57
1,79.1,28.5,83.3,90.1,28.0,82.4,223.28
1,79.1,28.5,83.3,90.1,28.0,82.4,223.35
1,79.2,28.5,83.3,90.1,28.0,82.4,223.48
1,79.1,28.5,83.3,90.0,28.0,82.4,223.31
1,79.1,28.5,83.3,89.8,28.0,82.4,223.19
1,79.1,28.4,83.12,89.8,28.0,82.4,223.14
1,79.1,28.4,83.12,89.8,28.0,82.4,222.99
1,79.0,28.5,83.3,89.7,28.0,82.4,222.77
1,79.0,28.4,83.12,89.8,28.0,82.4,222.82
1,79.0,28.5,83.3,89.8,28.0,82.4,222.78
1,79.0,28.4,83.12,89.6,28.0,82.4,222.72
1,79.3,28.4,83.12,89.7,28.0,82.4,222.49
1,79.1,28.4,83.12,89.6,28.0,82.4,222.62
1,79.0,28.4,83.12,89.6,28.0,82.4,222.57
1,79.1,28.4,83.12,89.5,28.0,82.4,222.44
1,78.9,28.4,83.12,89.6,28.0,82.4,222.16
1,79.0,28.4,83.12,89.5,28.0,82.4,222.33
1,79.1,28.4,83.12,89.5,28.0,82.4,222.18
1,79.1,28.4,83.12,89.3,28.0,82.4,222.14
1,79.2,28.4,83.12,89.1,28.0,82.4,221.98
1,79.0,28.4,83.12,89.2,28.1,82.58,221.96
1,79.0,28.4,83.12,89.1,28.1,82.58,221.9
1,79.1,28.4,83.12,89.1,28.0,82.4,221.93
1,79.1,28.4,83.12,89.1,28.0,82.4,221.61
1,79.1,28.4,83.12,89.1,28.1,82.58,221.57
1,79.1,28.4,83.12,89.0,28.0,82.4,221.56
1,79.1,28.4,83.12,88.9,28.1,82.58,221.39
1,79.0,28.4,83.12,88.8,28.1,82.58,221.44
1,79.0,28.4,83.12,88.9,28.1,82.58,221.24
1,79.1,28.4,83.12,89.0,28.1,82.58,221.24
1,79.0,28.4,83.12,88.9,28.1,82.58,221.23
1,79.1,28.4,83.12,88.8,28.1,82.58,221.12
1,79.2,28.4,83.12,88.8,28.1,82.58,221.01
1,79.2,28.4,83.12,88.8,28.1,82.58,220.94
1,79.1,28.4,83.12,88.8,28.1,82.58,220.86
1,79.2,28.4,83.12,88.7,28.1,82.58,220.79
1,79.1,28.4,83.12,88.6,28.1,82.58,220.74
1,79.0,28.4,83.12,88.6,28.1,82.58,220.58
1,79.0,28.4,83.12,88.5,28.1,82.58,220.51
1,79.1,28.4,83.12,88.4,28.1,82.58,220.4
1,79.0,28.4,83.12,88.3,28.1,82.58,220.52
1,79.2,28.4,83.12,88.3,28.1,82.58,220.18
1,79.1,28.4,83.12,88.3,28.1,82.58,220.03
1,79.0,28.4,83.12,88.2,28.1,82.58,219.97
1,79.1,28.4,83.12,88.1,28.1,82.58,220.03
1,79.1,28.4,83.12,88.1,28.1,82.58,219.95
1,79.1,28.4,83.12,88.1,28.1,82.58,219.9
1,79.1,28.4,83.12,88.0,28.1,82.58,219.74
1,79.0,28.4,83.12,87.9,28.1,82.58,219.7
1,79.0,28.4,83.12,88.0,28.1,82.58,219.53
1,78.9,28.4,83.12,87.7,28.1,82.58,219.5
1,79.0,28.4,83.12,87.6,28.1,82.58,219.39
1,78.9,28.4,83.12,87.5,28.1,82.58,219.27
1,78.9,28.4,83.12,87.5,28.1,82.58,219.18
1,78.9,28.3,82.94,87.3,28.1,82.58,219.09
1,78.9,28.4,83.12,87.1,28.1,82.58,219.08
1,78.8,28.4,83.12,87.2,28.1,82.58,219.0
1,78.8,28.3,82.94,87.3,28.1,82.58,218.8
1,78.9,28.4,83.12,87.1,28.1,82.58,218.79
1,78.7,28.3,82.94,87.1,28.1,82.58,218.76
1,78.8,28.3,82.94,87.0,28.1,82.58,218.71
1,78.8,28.3,82.94,86.9,28.1,82.58,218.57
1,78.7,28.3,82.94,86.8,28.1,82.58,218.57
1,78.7,28.3,82.94,86.8,28.1,82.58,218.39
1,78.7,28.3,82.94,86.8,28.1,82.58,218.34
1,78.6,28.3,82.94,86.8,28.1,82.58,218.48
1,78.4,28.3,82.94,86.7,28.1,82.58,218.23
1,78.3,28.4,83.12,86.6,28.1,82.58,218.16
1,78.4,28.3,82.94,86.5,28.1,82.58,217.86
1,78.4,28.3,82.94,86.5,28.1,82.58,217.84
1,78.3,28.3,82.94,86.5,28.1,82.58,217.82
1,78.4,28.3,82.94,86.4,28.1,82.58,217.73
1,78.3,28.3,82.94,86.4,28.1,82.58,217.9
1,78.3,28.3,82.94,86.4,28.1,82.58,217.53
1,78.4,28.3,82.94,86.3,28.1,82.58,217.38
1,78.3,28.3,82.94,86.3,28.1,82.58,217.25
1,78.3,28.3,82.94,86.3,28.2,82.76,217.15
1,78.4,28.3,82.94,86.1,28.1,82.58,217.31
1,78.3,28.3,82.94,86.3,28.1,82.58,217.1
1,78.3,28.3,82.94,86.2,28.2,82.76,217.05
1,78.3,28.3,82.94,86.2,28.2,82.76,217.1
1,78.1,28.3,82.94,86.3,28.2,82.76,216.73
1,78.1,28.3,82.94,86.2,28.2,82.76,216.72
1,78.2,28.3,82.94,86.0,28.2,82.76,216.7
1,78.2,28.3,82.94,86.1,28.1,82.58,216.56
1,78.1,28.3,82.94,86.2,28.1,82.58,216.49
1,78.2,28.3,82.94,85.9,28.1,82.58,216.55
1,78.0,28.3,82.94,85.7,28.2,82.76,216.34
1,78.1,28.3,82.94,85.8,28.1,82.58,216.19
1,78.0,28.3,82.94,85.7,28.2,82.76,216.19
1,78.1,28.3,82.94,85.4,28.2,82.76,216.1
1,78.0,28.3,82.94,85.5,28.2,82.76,215.87
1,78.1,28.3,82.94,85.4,28.2,82.76,215.86
1,78.1,28.3,82.94,85.5,28.2,82.76,215.77
1,78.1,28.3,82.94,85.4,28.2,82.76,215.75
1,78.0,28.3,82.94,85.3,28.2,82.76,215.81
1,78.1,28.3,82.94,85.3,28.1,82.58,215.57
1,78.0,28.3,82.94,85.1,28.2,82.76,215.5
1,78.0,28.3,82.94,85.1,28.1,82.58,215.24
1,78.0,28.3,82.94,85.1,28.2,82.76,215.37
1,78.0,28.3,82.94,85.2,28.2,82.76,215.15
1,78.0,28.3,82.94,85.0,28.2,82.76,214.97
1,77.9,28.3,82.94,85.0,28.2,82.76,215.08
1,77.9,28.3,82.94,85.0,28.2,82.76,214.95
1,78.0,28.3,82.94,84.8,28.2,82.76,214.88
1,77.9,28.3,82.94,84.7,28.2,82.76,214.66
1,77.7,28.3,82.94,84.8,28.2,82.76,214.54
1,77.9,28.3,82.94,84.8,28.2,82.76,214.51
1,77.7,28.3,82.94,84.7,28.2,82.76,214.31
1,77.8,28.3,82.94,84.6,28.2,82.76,214.28
1,77.7,28.3,82.94,84.7,28.2,82.76,214.12
1,77.6,28.3,82.94,84.5,28.2,82.76,214.1
1,77.5,28.3,82.94,84.3,28.2,82.76,213.99
1,77.5,28.3,82.94,84.4,28.2,82.76,213.9
1,77.5,28.3,82.94,84.3,28.2,82.76,213.74
1,77.5,28.3,82.94,84.1,28.2,82.76,213.62
1,77.5,28.3,82.94,84.2,28.2,82.76,213.57
1,77.6,28.3,82.94,84.3,28.2,82.76,213.46
1,77.5,28.3,82.94,84.2,28.2,82.76,213.25
1,77.6,28.3,82.94,84.1,28.2,82.76,213.34
1,77.4,28.3,82.94,83.9,28.2,82.76,213.33
1,77.5,28.3,82.94,84.0,28.3,82.94,213.06
1,77.6,28.3,82.94,84.1,28.3,82.94,212.92
1,77.6,28.3,82.94,84.3,28.3,82.94,212.76
1,77.7,28.3,82.94,84.3,28.3,82.94,212.9
1,77.8,28.3,82.94,84.1,28.3,82.94,212.53
1,77.8,28.3,82.94,84.3,28.3,82.94,212.35
1,77.7,28.3,82.94,84.3,28.3,82.94,212.14
1,77.9,28.3,82.94,84.1,28.3,82.94,212.37
1,77.9,28.3,82.94,84.1,28.3,82.94,212.2
1,77.9,28.3,82.94,84.1,28.3,82.94,212.06
1,77.9,28.3,82.94,84.2,28.3,82.94,211.97
1,77.9,28.3,82.94,84.3,28.3,82.94,211.95
1,78.0,28.3,82.94,84.2,28.3,82.94,211.73
1,78.0,28.3,82.94,84.2,28.3,82.94,211.71
1,78.0,28.3,82.94,84.1,28.3,82.94,211.65
1,78.1,28.3,82.94,84.1,28.3,82.94,211.35
1,78.1,28.3,82.94,84.1,28.4,83.12,211.39
1,78.2,28.3,82.94,84.2,28.4,83.12,211.29
1,78.1,28.3,82.94,84.1,28.4,83.12,211.34
1,78.2,28.3,82.94,83.9,28.4,83.12,211.04
1,78.2,28.3,82.94,83.9,28.4,83.12,210.92
1,78.1,28.3,82.94,84.1,28.4,83.12,210.82
1,78.2,28.3,82.94,83.6,28.4,83.12,210.81
1,78.1,28.3,82.94,83.5,28.4,83.12,210.69
1,78.1,28.3,82.94,83.5,28.3,82.94,210.5
1,78.2,28.3,82.94,83.4,28.4,83.12,210.52
1,78.0,28.3,82.94,83.4,28.4,83.12,210.35
1,78.2,28.3,82.94,83.2,28.4,83.12,210.16
1,78.1,28.3,82.94,83.1,28.4,83.12,210.1
1,78.0,28.3,82.94,83.1,28.4,83.12,210.18
1,78.1,28.3,82.94,83.0,28.3,82.94,209.95
1,77.9,28.3,82.94,82.7,28.3,82.94,209.78
1,78.0,28.3,82.94,82.7,28.3,82.94,209.57
1,77.9,28.3,82.94,82.9,28.3,82.94,209.64
1,77.8,28.3,82.94,82.8,28.3,82.94,209.51
1,77.7,28.3,82.94,82.8,28.3,82.94,209.4
1,77.6,28.3,82.94,82.7,28.3,82.94,209.21
1,77.6,28.3,82.94,82.7,28.3,82.94,209.07
1,77.5,28.3,82.94,82.8,28.3,82.94,209.25
1,77.4,28.3,82.94,82.7,28.3,82.94,209.01
1,77.4,28.2,82.76,82.6,28.3,82.94,209.0
1,77.3,28.2,82.76,82.5,28.3,82.94,208.83
1,77.4,28.2,82.76,82.5,28.3,82.94,208.66
1,77.2,28.3,82.94,82.4,28.3,82.94,208.58
1,77.2,28.2,82.76,82.4,28.3,82.94,208.42
1,77.2,28.2,82.76,82.5,28.3,82.94,208.31
1,77.2,28.2,82.76,82.4,28.3,82.94,208.24
1,77.1,28.2,82.76,82.4,28.3,82.94,208.18
1,77.2,28.2,82.76,82.3,28.3,82.94,208.05
1,77.0,28.2,82.76,82.3,28.3,82.94,208.03
1,77.1,28.2,82.76,82.4,28.3,82.94,207.81
1,77.3,28.2,82.76,82.4,28.3,82.94,207.78
1,77.2,28.2,82.76,82.2,28.4,83.12,207.72
1,77.1,28.2,82.76,82.1,28.3,82.94,207.54
1,77.0,28.2,82.76,82.2,28.3,82.94,207.51
1,77.0,28.2,82.76,82.1,28.3,82.94,207.39
1,76.9,28.2,82.76,82.0,28.4,83.12,207.25
1,77.0,28.2,82.76,82.1,28.4,83.12,207.14
1,77.0,28.2,82.76,82.1,28.3,82.94,207.09
1,77.1,28.2,82.76,82.0,28.3,82.94,206.86
1,77.0,28.1,82.58,81.7,28.4,83.12,206.72
1,76.9,28.1,82.58,81.9,28.3,82.94,206.71
1,77.0,28.2,82.76,81.9,28.3,82.94,206.78
1,76.9,28.2,82.76,81.9,28.4,83.12,206.62
1,77.0,28.2,82.76,81.7,28.4,83.12,206.43
1,76.8,28.1,82.58,81.5,28.3,82.94,206.36
1,76.8,28.1,82.58,81.5,28.4,83.12,206.44
1,76.8,28.2,82.76,81.5,28.4,83.12,206.26
1,76.8,28.2,82.76,81.4,28.4,83.12,206.14
1,76.8,28.1,82.58,81.2,28.4,83.12,205.94
1,76.7,28.2,82.76,81.3,28.3,82.94,205.86
1,76.6,28.2,82.76,81.2,28.3,82.94,205.92
1,76.6,28.2,82.76,81.1,28.3,82.94,205.81
1,76.6,28.2,82.76,81.1,28.3,82.94,205.61
1,76.6,28.1,82.58,81.0,28.3,82.94,205.57
1,76.7,28.1,82.58,80.9,28.3,82.94,205.38
1,76.6,28.2,82.76,80.9,28.3,82.94,205.32
1,76.5,28.1,82.58,80.7,28.3,82.94,205.15
1,76.5,28.1,82.58,80.8,28.3,82.94,205.34
1,76.4,28.1,82.58,80.8,28.4,83.12,205.18
1,76.4,28.1,82.58,80.8,28.4,83.12,205.16
1,76.4,28.1,82.58,80.8,28.4,83.12,204.99
1,76.2,28.1,82.58,80.7,28.3,82.94,204.87
1,76.2,28.1,82.58,80.6,28.3,82.94,204.91
1,76.3,28.1,82.58,80.6,28.3,82.94,204.7
1,76.2,28.1,82.58,80.2,28.3,82.94,204.7
1,76.1,28.1,82.58,80.1,28.3,82.94,204.66
1,76.1,28.1,82.58,79.9,28.3,82.94,204.39
1,75.9,28.1,82.58,79.7,28.3,82.94,204.37
1,75.9,28.1,82.58,79.7,28.3,82.94,204.3
1,76.0,28.1,82.58,79.6,28.3,82.94,204.23
1,75.8,28.1,82.58,79.5,28.3,82.94,204.24
1,75.8,28.1,82.58,79.6,28.3,82.94,204.17
1,75.8,28.1,82.58,79.5,28.3,82.94,204.1
1,75.9,28.1,82.58,79.5,28.3,82.94,203.78
1,75.8,28.1,82.58,79.4,28.3,82.94,203.81
1,75.7,28.1,82.58,79.3,28.3,82.94,203.78
1,75.8,28.1,82.58,79.4,28.3,82.94,203.86
1,75.9,28.1,82.58,79.4,28.3,82.94,203.62
1,75.8,28.1,82.58,79.4,28.3,82.94,203.47
1,75.9,28.1,82.58,79.4,28.3,82.94,203.5
1,75.8,28.1,82.58,79.3,28.3,82.94,203.4
1,75.9,28.1,82.58,79.4,28.3,82.94,203.32
1,75.9,28.1,82.58,79.4,28.3,82.94,203.31
1,75.9,28.1,82.58,79.3,28.3,82.94,203.17
1,75.9,28.1,82.58,79.5,28.4,83.12,203.01
1,75.9,28.1,82.58,79.5,28.4,83.12,202.78
1,75.9,28.1,82.58,79.5,28.4,83.12,202.7
1,76.0,28.1,82.58,79.3,28.4,83.12,202.62
1,76.0,28.1,82.58,79.3,28.4,83.12,202.6
1,76.0,28.1,82.58,79.3,28.4,83.12,202.55
1,75.9,28.1,82.58,79.3,28.4,83.12,202.55
1,76.0,28.1,82.58,79.4,28.4,83.12,202.38
1,75.9,28.1,82.58,79.3,28.4,83.12,202.25
1,75.8,28.1,82.58,79.3,28.4,83.12,202.16
1,75.9,28.1,82.58,79.2,28.4,83.12,202.16
1,76.0,28.1,82.58,79.2,28.4,83.12,201.88
1,76.0,28.1,82.58,79.1,28.4,83.12,201.99
1,76.0,28.1,82.58,79.1,28.4,83.12,201.72
1,76.0,28.1,82.58,79.0,28.4,83.12,201.52
1,75.9,28.1,82.58,78.9,28.4,83.12,201.56
1,75.8,28.1,82.58,78.7,28.4,83.12,201.47
1,75.7,28.1,82.58,78.6,28.3,82.94,201.27
1,75.9,28.1,82.58,78.6,28.4,83.12,201.16
1,75.5,28.1,82.58,78.7,28.4,83.12,201.08
1,75.5,28.1,82.58,78.5,28.4,83.12,201.07
1,75.5,28.1,82.58,78.4,28.3,82.94,201.05
1,75.5,28.1,82.58,78.3,28.3,82.94,200.89
1,75.2,28.1,82.58,78.2,28.3,82.94,200.71
1,75.4,28.1,82.58,78.1,28.3,82.94,200.63
1,75.2,28.0,82.4,78.3,28.3,82.94,200.63
1,75.3,28.1,82.58,78.3,28.3,82.94,200.56
1,75.2,28.0,82.4,78.3,28.3,82.94,200.52
1,75.2,28.0,82.4,78.2,28.3,82.94,200.37
1,75.0,28.1,82.58,78.1,28.3,82.94,200.37
1,75.0,28.1,82.58,78.1,28.3,82.94,200.29
1,74.9,28.0,82.4,78.1,28.3,82.94,200.23
1,75.0,28.0,82.4,78.1,28.3,82.94,200.05
1,75.0,28.0,82.4,78.1,28.3,82.94,200.05
1,75.0,28.0,82.4,78.1,28.3,82.94,199.94
1,75.0,28.0,82.4,78.0,28.3,82.94,199.69
1,74.9,28.0,82.4,77.9,28.3,82.94,199.66
1,74.8,28.0,82.4,78.0,28.3,82.94,199.39
1,74.8,28.0,82.4,77.9,28.3,82.94,199.45
1,74.8,28.0,82.4,78.0,28.3,82.94,199.29
1,74.9,28.0,82.4,78.0,28.3,82.94,199.21
1,74.7,28.0,82.4,78.0,28.3,82.94,199.1
1,74.6,28.0,82.4,77.9,28.3,82.94,198.91
1,74.7,28.0,82.4,78.0,28.3,82.94,198.89
1,74.4,28.0,82.4,78.0,28.3,82.94,198.62
1,74.4,28.0,82.4,77.9,28.3,82.94,198.62
1,74.3,28.0,82.4,77.7,28.3,82.94,198.44
1,74.6,28.0,82.4,77.8,28.3,82.94,198.02
1,74.7,28.0,82.4,77.8,28.3,82.94,198.28
1,74.6,28.0,82.4,77.8,28.3,82.94,197.98
1,74.8,28.0,82.4,77.8,28.3,82.94,198.05
1,74.8,28.0,82.4,77.7,28.3,82.94,197.82
1,74.7,28.0,82.4,77.7,28.3,82.94,197.75
1,74.7,28.0,82.4,77.8,28.3,82.94,197.52
1,74.8,28.0,82.4,77.7,28.3,82.94,197.38
1,74.8,28.0,82.4,77.7,28.3,82.94,197.57
1,74.8,28.0,82.4,77.7,28.4,83.12,197.48
1,74.7,28.0,82.4,77.7,28.4,83.12,197.19
1,74.8,28.0,82.4,77.6,28.4,83.12,197.21
1,75.0,28.0,82.4,78.5,28.4,83.12,197.33
1,75.2,28.0,82.4,78.4,28.4,83.12,197.21
