2024/03/16 22:13:27,81.50,20.30,68.54,80.10,20.80,69.44,18.53
2024/03/16 22:14:32,81.90,20.20,68.36,79.50,21.10,69.98,0.53
2024/03/16 22:15:41,82.30,20.20,68.36,78.50,21.20,70.16,0.72
2024/03/16 22:16:50,82.40,20.20,68.36,78.10,21.30,70.34,0.67
2024/03/16 22:18:02,82.40,20.30,68.54,77.90,21.40,70.52,0.70
2024/03/16 22:19:13,82.30,20.30,68.54,77.60,21.40,70.52,0.69
2024/03/16 22:20:24,81.80,20.40,68.72,77.40,21.50,70.70,411.34
2024/03/16 22:21:36,81.70,20.30,68.54,82.50,21.40,70.52,404.73
2024/03/16 22:22:44,82.00,20.40,68.72,85.80,21.10,69.98,403.65
2024/03/16 22:23:53,81.70,20.50,68.90,87.90,20.70,69.26,403.13
2024/03/16 22:25:04,81.20,20.60,69.08,88.50,20.50,68.90,402.71
2024/03/16 22:26:16,80.70,20.70,69.26,89.10,20.30,68.54,402.31
2024/03/16 22:27:24,79.90,20.90,69.62,90.10,20.10,68.18,402.10
2024/03/16 22:28:35,79.70,20.90,69.62,90.70,20.00,68.00,401.74
2024/03/16 22:29:45,79.60,20.90,69.62,91.30,19.80,67.64,401.56
2024/03/16 22:30:53,79.60,20.90,69.62,91.70,19.80,67.64,401.28
2024/03/16 22:32:05,79.60,20.90,69.62,92.20,19.70,67.46,401.09
2024/03/16 22:33:16,79.80,20.90,69.62,92.80,19.60,67.28,400.75
2024/03/16 22:34:32,79.70,20.90,69.62,93.20,19.60,67.28,0.41
2024/03/16 22:35:40,79.60,20.90,69.62,93.30,19.50,67.10,0.08
2024/03/16 22:36:48,79.60,20.90,69.62,93.40,19.50,67.10,0.06
2024/03/16 22:37:57,79.60,20.90,69.62,93.70,19.50,67.10,-0.17
2024/03/16 22:39:06,79.50,20.90,69.62,94.00,19.40,66.92,-0.62
2024/03/16 22:40:16,79.50,21.00,69.80,94.20,19.40,66.92,-0.71
2024/03/16 22:41:24,79.50,21.00,69.80,94.40,19.40,66.92,-0.83
2024/03/16 22:42:31,79.10,21.00,69.80,94.70,19.40,66.92,-1.11
2024/03/16 22:43:39,79.30,21.00,69.80,94.90,19.40,66.92,-1.27
2024/03/16 22:44:48,79.50,21.00,69.80,95.00,19.40,66.92,-1.30
2024/03/16 22:45:56,79.50,21.00,69.80,95.10,19.40,66.92,-1.53
2024/03/16 22:47:06,79.20,21.00,69.80,95.30,19.40,66.92,-1.71
2024/03/16 22:48:13,79.30,21.00,69.80,95.40,19.30,66.74,-1.90
2024/03/16 22:49:20,79.10,21.00,69.80,95.50,19.30,66.74,-2.14
2024/03/16 22:50:30,79.00,21.00,69.80,95.70,19.40,66.92,-2.27
2024/03/16 22:51:38,78.90,21.00,69.80,95.80,19.40,66.92,-2.51
2024/03/16 22:52:44,79.10,20.90,69.62,96.00,19.40,66.92,-2.62
2024/03/16 22:53:57,79.30,20.90,69.62,96.10,19.40,66.92,-2.83
2024/03/16 22:55:06,79.50,20.90,69.62,96.20,19.30,66.74,-2.97
2024/03/16 22:56:14,79.60,20.90,69.62,96.20,19.40,66.92,-3.19
2024/03/16 22:57:25,79.70,20.90,69.62,96.30,19.40,66.92,-3.31
2024/03/16 22:58:33,79.70,20.90,69.62,96.40,19.40,66.92,-3.57
2024/03/16 22:59:42,79.80,20.90,69.62,96.40,19.30,66.74,-3.97
2024/03/16 23:00:50,80.00,20.90,69.62,96.40,19.30,66.74,-3.96
2024/03/16 23:02:00,80.00,20.90,69.62,96.50,19.40,66.92,-4.01
2024/03/16 23:03:07,80.00,20.90,69.62,96.50,19.40,66.92,-4.21
2024/03/16 23:04:15,80.00,20.90,69.62,96.60,19.30,66.74,-4.37
2024/03/16 23:05:24,80.00,20.90,69.62,96.60,19.30,66.74,-4.48
2024/03/16 23:06:33,80.10,20.90,69.62,96.70,19.40,66.92,-4.70
2024/03/16 23:07:43,79.90,20.90,69.62,96.70,19.30,66.74,-4.80
2024/03/16 23:08:50,80.00,20.90,69.62,96.80,19.30,66.74,-4.92
2024/03/16 23:09:57,79.90,20.90,69.62,96.90,19.30,66.74,-5.08
2024/03/16 23:11:08,80.10,20.90,69.62,96.90,19.30,66.74,-5.27
2024/03/16 23:12:20,80.00,20.90,69.62,96.90,19.30,66.74,-5.62
2024/03/16 23:13:30,79.80,20.90,69.62,97.00,19.30,66.74,-5.71
2024/03/16 23:14:37,80.10,20.90,69.62,97.10,19.30,66.74,-6.01
2024/03/16 23:15:44,80.20,20.90,69.62,97.20,19.30,66.74,-6.01
2024/03/16 23:16:54,80.20,20.90,69.62,97.20,19.30,66.74,-6.12
2024/03/16 23:18:02,80.00,20.90,69.62,97.20,19.40,66.92,-6.35
2024/03/16 23:19:12,79.80,20.90,69.62,97.30,19.30,66.74,-6.46
2024/03/16 23:20:23,79.90,20.90,69.62,97.40,19.30,66.74,-6.68
2024/03/16 23:21:32,80.00,20.90,69.62,97.40,19.30,66.74,-6.96
2024/03/16 23:22:39,80.00,20.90,69.62,97.50,19.30,66.74,-7.13
2024/03/16 23:23:49,80.00,20.90,69.62,97.40,19.30,66.74,-7.43
2024/03/16 23:25:00,80.00,20.90,69.62,97.50,19.30,66.74,-7.37
2024/03/16 23:26:10,80.20,20.90,69.62,97.60,19.30,66.74,-7.50
2024/03/16 23:27:18,80.40,20.90,69.62,97.60,19.30,66.74,-7.68
2024/03/16 23:28:33,80.50,20.80,69.44,97.70,19.30,66.74,-7.84
2024/03/16 23:29:40,80.50,20.80,69.44,97.70,19.30,66.74,-8.04
2024/03/16 23:30:49,80.40,20.80,69.44,97.80,19.30,66.74,-8.22
2024/03/16 23:31:59,80.50,20.80,69.44,97.80,19.30,66.74,-8.31
2024/03/16 23:33:11,80.50,20.80,69.44,97.80,19.30,66.74,-8.62
2024/03/16 23:34:19,80.70,20.80,69.44,97.90,19.30,66.74,-8.75
2024/03/16 23:35:27,80.70,20.70,69.26,97.80,19.30,66.74,-8.73
2024/03/16 23:36:36,81.10,20.70,69.26,97.90,19.40,66.92,-8.91
2024/03/16 23:37:46,81.00,20.70,69.26,98.00,19.30,66.74,-9.29
2024/03/16 23:38:56,80.80,20.70,69.26,98.00,19.40,66.92,-9.47
2024/03/16 23:40:03,80.80,20.70,69.26,98.10,19.40,66.92,-9.42
2024/03/16 23:40:41,81.00,20.80,69.44,98.10,19.30,66.74,293.65
2024/03/16 23:41:53,81.00,20.70,69.26,98.10,19.30,66.74,414.20
2024/03/16 23:43:01,81.10,20.70,69.26,98.20,19.30,66.74,413.41
2024/03/16 23:44:08,81.20,20.70,69.26,98.20,19.30,66.74,413.28
2024/03/16 23:45:16,81.20,20.70,69.26,98.20,19.30,66.74,413.17
2024/03/16 23:46:27,81.10,20.80,69.44,98.20,19.30,66.74,412.87
2024/03/16 23:47:37,81.20,20.70,69.26,98.20,19.30,66.74,412.59
2024/03/16 23:48:46,81.00,20.80,69.44,98.30,19.30,66.74,412.35
2024/03/16 23:49:53,81.20,20.70,69.26,98.30,19.30,66.74,412.32
2024/03/16 23:51:04,81.00,20.80,69.44,98.30,19.30,66.74,412.03
2024/03/16 23:52:13,81.00,20.80,69.44,98.30,19.30,66.74,411.91
2024/03/16 23:53:25,80.80,20.80,69.44,98.30,19.30,66.74,411.51
2024/03/16 23:54:34,80.80,20.70,69.26,98.30,19.30,66.74,411.27
2024/03/16 23:55:41,81.00,20.70,69.26,98.20,19.30,66.74,411.13
2024/03/16 23:56:52,81.10,20.60,69.08,98.10,19.30,66.74,411.01
2024/03/16 23:58:01,81.20,20.60,69.08,98.10,19.30,66.74,410.81
2024/03/16 23:59:11,81.20,20.60,69.08,98.10,19.30,66.74,410.70
2024/03/17 00:00:23,81.50,20.60,69.08,98.20,19.30,66.74,410.60
2024/03/17 00:01:33,81.50,20.60,69.08,98.30,19.20,66.56,410.45
2024/03/17 00:02:46,81.40,20.70,69.26,98.50,19.30,66.74,410.19
2024/03/17 00:03:53,81.20,20.70,69.26,98.60,19.30,66.74,410.10
2024/03/17 00:05:01,80.90,20.70,69.26,98.80,19.30,66.74,409.92
2024/03/17 00:06:10,80.90,20.70,69.26,98.80,19.30,66.74,409.65
2024/03/17 00:07:19,81.10,20.70,69.26,99.00,19.30,66.74,409.47
2024/03/17 00:08:30,81.00,20.70,69.26,99.00,19.30,66.74,409.48
2024/03/17 00:09:43,80.90,20.80,69.44,99.00,19.30,66.74,409.15
2024/03/17 00:10:52,80.90,20.80,69.44,99.00,19.40,66.92,409.03
2024/03/17 00:12:03,80.90,20.80,69.44,99.10,19.40,66.92,408.76
2024/03/17 00:13:11,80.70,20.90,69.62,99.20,19.40,66.92,408.73
2024/03/17 00:14:20,80.60,20.90,69.62,99.10,19.40,66.92,408.32
2024/03/17 00:15:31,80.50,20.80,69.44,99.10,19.40,66.92,408.23
2024/03/17 00:16:39,80.50,20.90,69.62,99.10,19.40,66.92,407.93
2024/03/17 00:17:49,80.60,20.80,69.44,99.10,19.40,66.92,407.65
2024/03/17 00:19:01,80.70,20.90,69.62,99.10,19.30,66.74,407.38
2024/03/17 00:20:08,80.50,20.80,69.44,99.00,19.30,66.74,407.24
2024/03/17 00:21:19,80.50,20.80,69.44,99.10,19.40,66.92,407.07
2024/03/17 00:22:33,80.50,20.80,69.44,99.10,19.40,66.92,406.97
2024/03/17 00:23:40,80.40,20.80,69.44,99.10,19.30,66.74,406.78
2024/03/17 00:24:53,80.50,20.80,69.44,99.10,19.30,66.74,406.41
2024/03/17 00:26:04,80.70,20.80,69.44,99.10,19.30,66.74,406.35
2024/03/17 00:27:14,80.80,20.80,69.44,99.10,19.30,66.74,406.06
2024/03/17 00:28:25,80.80,20.80,69.44,99.10,19.30,66.74,405.86
2024/03/17 00:29:36,80.60,20.80,69.44,99.10,19.30,66.74,405.66
2024/03/17 00:30:50,80.60,20.80,69.44,99.00,19.30,66.74,405.47
2024/03/17 00:32:01,80.80,20.80,69.44,99.00,19.30,66.74,405.02
2024/03/17 00:33:10,80.50,20.80,69.44,99.10,19.30,66.74,404.86
2024/03/17 00:34:24,80.50,20.70,69.26,99.10,19.30,66.74,404.70
2024/03/17 00:35:32,80.80,20.70,69.26,99.10,19.30,66.74,404.47
2024/03/17 00:36:39,81.20,20.60,69.08,99.10,19.30,66.74,404.13
2024/03/17 00:37:48,81.20,20.60,69.08,99.20,19.30,66.74,404.21
2024/03/17 00:38:58,81.10,20.60,69.08,99.20,19.30,66.74,404.02
2024/03/17 00:40:09,81.30,20.60,69.08,99.40,19.30,66.74,403.81
2024/03/17 00:41:20,81.30,20.60,69.08,99.40,19.30,66.74,403.54
2024/03/17 00:42:34,81.20,20.60,69.08,99.50,19.30,66.74,403.43
2024/03/17 00:43:46,81.30,20.60,69.08,99.60,19.30,66.74,403.24
2024/03/17 00:44:55,81.20,20.60,69.08,99.60,19.30,66.74,402.91
2024/03/17 00:46:05,81.40,20.60,69.08,99.60,19.30,66.74,402.60
2024/03/17 00:47:13,81.40,20.60,69.08,99.60,19.30,66.74,582.69
2024/03/17 00:48:22,81.30,20.60,69.08,99.70,19.30,66.74,402.41
2024/03/17 00:49:34,81.10,20.60,69.08,99.70,19.30,66.74,402.07
2024/03/17 00:50:46,81.50,20.60,69.08,99.80,19.30,66.74,401.89
2024/03/17 00:52:00,81.20,20.60,69.08,99.80,19.30,66.74,401.79
2024/03/17 00:53:08,81.20,20.60,69.08,99.80,19.30,66.74,401.55
2024/03/17 00:54:15,81.50,20.60,69.08,99.70,19.30,66.74,401.27
2024/03/17 00:55:24,81.50,20.60,69.08,99.80,19.30,66.74,401.17
2024/03/17 00:56:37,81.20,20.60,69.08,99.70,19.30,66.74,400.91
2024/03/17 00:57:45,81.40,20.60,69.08,99.70,19.30,66.74,400.68
2024/03/17 00:58:53,81.10,20.60,69.08,99.60,19.30,66.74,400.43
2024/03/17 00:59:59,81.30,20.60,69.08,99.50,19.30,66.74,400.40
2024/03/17 01:01:09,81.20,20.50,68.90,99.50,19.30,66.74,400.04
2024/03/17 01:02:17,81.30,20.50,68.90,99.40,19.30,66.74,399.85
2024/03/17 01:03:25,81.30,20.50,68.90,99.40,19.30,66.74,399.73
2024/03/17 01:04:37,81.40,20.50,68.90,99.30,19.30,66.74,399.36
2024/03/17 01:05:50,81.20,20.50,68.90,99.40,19.30,66.74,399.36
2024/03/17 01:07:00,81.40,20.50,68.90,99.50,19.30,66.74,398.87
2024/03/17 01:08:09,81.20,20.50,68.90,99.60,19.30,66.74,398.77
2024/03/17 01:09:18,81.50,20.40,68.72,99.70,19.30,66.74,398.68
2024/03/17 01:10:30,81.70,20.40,68.72,99.70,19.30,66.74,398.67
2024/03/17 01:11:37,82.00,20.40,68.72,99.80,19.30,66.74,398.32
2024/03/17 01:12:45,81.90,20.50,68.90,99.90,19.30,66.74,398.05
2024/03/17 01:13:55,82.00,20.50,68.90,99.90,19.30,66.74,397.90
2024/03/17 01:15:07,81.90,20.50,68.90,99.90,19.30,66.74,397.43
2024/03/17 01:16:15,81.40,20.50,68.90,99.90,19.30,66.74,397.69
2024/03/17 01:17:23,81.30,20.50,68.90,99.90,19.30,66.74,397.42
2024/03/17 01:18:32,81.50,20.50,68.90,99.90,19.30,66.74,397.16
2024/03/17 01:19:44,81.50,20.50,68.90,99.90,19.30,66.74,396.87
2024/03/17 01:20:55,81.30,20.50,68.90,99.90,19.30,66.74,396.62
2024/03/17 01:22:03,81.40,20.50,68.90,99.90,19.30,66.74,395.78
2024/03/17 01:23:15,81.30,20.50,68.90,99.80,19.20,66.56,395.57
2024/03/17 01:24:24,81.20,20.50,68.90,99.50,19.20,66.56,395.95
2024/03/17 01:25:31,81.40,20.50,68.90,99.20,19.30,66.74,395.40
2024/03/17 01:26:42,81.60,20.50,68.90,99.40,19.20,66.56,394.49
2024/03/17 01:27:49,81.30,20.50,68.90,99.10,19.20,66.56,394.78
2024/03/17 01:28:59,81.40,20.50,68.90,98.70,19.20,66.56,394.32
2024/03/17 01:30:06,81.60,20.50,68.90,98.80,19.10,66.38,393.72
2024/03/17 01:31:15,81.60,20.50,68.90,99.00,19.20,66.56,393.83
2024/03/17 01:32:23,81.80,20.40,68.72,99.10,19.20,66.56,394.07
2024/03/17 01:33:31,81.60,20.50,68.90,99.30,19.20,66.56,393.57
2024/03/17 01:34:41,81.40,20.50,68.90,99.40,19.20,66.56,393.60
2024/03/17 01:35:49,81.50,20.50,68.90,99.70,19.20,66.56,393.12
2024/03/17 01:38:05,81.70,20.40,68.72,99.70,19.20,66.56,392.93
2024/03/17 01:39:14,81.70,20.40,68.72,99.70,19.20,66.56,392.29
2024/03/17 01:40:24,81.70,20.40,68.72,99.80,19.30,66.74,392.05
2024/03/17 01:41:32,81.90,20.30,68.54,99.80,19.30,66.74,392.09
2024/03/17 01:42:40,81.90,20.30,68.54,99.80,19.30,66.74,392.04
2024/03/17 01:43:49,81.80,20.30,68.54,99.80,19.30,66.74,391.65
2024/03/17 01:44:59,81.90,20.30,68.54,99.80,19.30,66.74,391.36
2024/03/17 01:46:07,82.30,20.30,68.54,99.80,19.30,66.74,391.27
2024/03/17 01:47:19,82.20,20.30,68.54,99.80,19.30,66.74,391.24
2024/03/17 01:48:28,82.20,20.30,68.54,99.90,19.30,66.74,390.59
2024/03/17 01:49:37,82.10,20.30,68.54,99.90,19.30,66.74,390.88
2024/03/17 01:50:44,82.00,20.30,68.54,99.90,19.30,66.74,390.32
2024/03/17 01:51:53,82.10,20.30,68.54,99.90,19.30,66.74,390.55
2024/03/17 01:53:00,82.30,20.30,68.54,99.90,19.30,66.74,390.32
2024/03/17 01:54:11,82.50,20.30,68.54,99.90,19.30,66.74,390.17
2024/03/17 01:55:24,82.30,20.30,68.54,99.90,19.30,66.74,320.06
2024/03/17 01:56:34,82.60,20.30,68.54,99.90,19.40,66.92,389.57
2024/03/17 01:58:59,82.30,20.30,68.54,99.90,19.40,66.92,389.42
2024/03/17 02:00:05,82.40,20.30,68.54,99.90,19.30,66.74,389.14
2024/03/17 02:01:11,82.50,20.30,68.54,99.90,19.30,66.74,389.06
2024/03/17 02:02:20,82.50,20.30,68.54,99.90,19.40,66.92,388.80
2024/03/17 02:03:29,82.60,20.30,68.54,99.90,19.40,66.92,388.65
2024/03/17 02:04:39,82.70,20.30,68.54,99.90,19.40,66.92,388.53
2024/03/17 02:05:49,82.60,20.30,68.54,99.90,19.40,66.92,388.23
2024/03/17 02:06:57,82.70,20.30,68.54,99.90,19.40,66.92,387.99
2024/03/17 02:08:09,82.70,20.30,68.54,99.90,19.40,66.92,387.92
2024/03/17 02:09:21,82.70,20.30,68.54,99.90,19.30,66.74,387.74
2024/03/17 02:10:33,82.80,20.30,68.54,99.90,19.30,66.74,387.52
2024/03/17 02:11:43,82.90,20.30,68.54,99.90,19.30,66.74,387.46
2024/03/17 02:14:08,83.00,20.30,68.54,99.90,19.40,66.92,387.00
2024/03/17 02:15:17,83.20,20.20,68.36,99.90,19.40,66.92,386.73
2024/03/17 02:16:26,83.30,20.20,68.36,99.90,19.40,66.92,386.60
2024/03/17 02:17:36,83.40,20.20,68.36,99.90,19.40,66.92,386.35
2024/03/17 02:18:44,83.40,20.10,68.18,99.90,19.40,66.92,386.10
2024/03/17 02:19:54,83.50,20.10,68.18,99.90,19.40,66.92,385.83
2024/03/17 02:21:03,83.50,20.10,68.18,99.90,19.40,66.92,385.75
2024/03/17 02:22:08,83.50,20.10,68.18,99.90,19.30,66.74,385.50
2024/03/17 02:23:21,83.60,20.10,68.18,99.90,19.40,66.92,385.22
2024/03/17 02:24:31,83.80,20.10,68.18,99.90,19.40,66.92,384.77
2024/03/17 02:25:39,83.80,20.10,68.18,99.90,19.40,66.92,384.55
2024/03/17 02:26:50,83.80,20.10,68.18,99.90,19.40,66.92,384.60
2024/03/17 02:27:58,83.90,20.10,68.18,99.90,19.40,66.92,384.28
2024/03/17 02:29:09,84.00,20.10,68.18,99.90,19.40,66.92,384.01
2024/03/17 02:30:17,84.10,20.10,68.18,99.90,19.40,66.92,816.87
2024/03/17 02:31:26,84.10,20.10,68.18,99.90,19.40,66.92,383.52
2024/03/17 02:32:38,84.00,20.00,68.00,99.90,19.40,66.92,383.06
2024/03/17 02:33:46,83.90,20.10,68.18,99.90,19.40,66.92,383.01
2024/03/17 02:34:54,84.00,20.00,68.00,99.90,19.30,66.74,382.84
2024/03/17 02:36:05,84.10,20.00,68.00,99.90,19.20,66.56,382.72
2024/03/17 02:37:15,84.20,20.00,68.00,99.90,19.30,66.74,382.19
2024/03/17 02:38:23,84.40,20.00,68.00,99.90,19.30,66.74,382.32
2024/03/17 02:39:35,84.30,20.00,68.00,99.90,19.30,66.74,382.20
2024/03/17 02:40:42,84.50,20.00,68.00,99.90,19.30,66.74,381.91
2024/03/17 02:41:50,84.40,20.00,68.00,99.90,19.40,66.92,381.73
2024/03/17 02:42:57,84.40,20.00,68.00,99.90,19.40,66.92,381.71
2024/03/17 02:44:06,84.30,20.00,68.00,99.90,19.40,66.92,381.57
2024/03/17 02:45:17,84.40,20.00,68.00,99.90,19.40,66.92,396.48
2024/03/17 02:46:27,84.40,20.10,68.18,99.90,19.40,66.92,392.37
2024/03/17 02:47:34,84.20,20.10,68.18,99.90,19.40,66.92,392.00
2024/03/17 02:48:42,84.20,20.10,68.18,99.90,19.40,66.92,391.58
2024/03/17 02:49:52,84.10,20.10,68.18,99.90,19.40,66.92,2262.84
2024/03/17 02:51:02,84.10,20.00,68.00,99.90,19.40,66.92,390.30
2024/03/17 02:52:13,84.20,20.00,68.00,99.90,19.40,66.92,390.59
2024/03/17 02:53:25,84.20,20.00,68.00,99.90,19.30,66.74,390.11
2024/03/17 02:54:33,84.30,20.00,68.00,99.90,19.20,66.56,389.52
2024/03/17 02:55:43,84.50,19.90,67.82,99.90,19.20,66.56,389.51
2024/03/17 02:56:50,84.60,19.90,67.82,99.90,19.20,66.56,389.56
2024/03/17 02:58:02,84.70,19.90,67.82,99.90,19.20,66.56,389.40
2024/03/17 02:59:09,84.80,19.90,67.82,99.90,19.20,66.56,389.16
2024/03/17 03:00:20,84.80,19.90,67.82,99.90,19.20,66.56,388.75
2024/03/17 03:01:30,85.00,19.90,67.82,99.90,19.20,66.56,388.69
2024/03/17 03:02:38,85.00,19.90,67.82,99.90,19.30,66.74,388.60
2024/03/17 03:03:45,84.80,19.90,67.82,99.90,19.30,66.74,388.14
2024/03/17 03:04:56,84.60,19.90,67.82,99.90,19.20,66.56,388.28
2024/03/17 03:06:06,84.60,19.90,67.82,99.90,19.30,66.74,387.96
2024/03/17 03:07:20,84.60,20.00,68.00,99.90,19.20,66.56,387.65
2024/03/17 03:08:28,84.50,20.00,68.00,99.90,19.20,66.56,387.71
2024/03/17 03:09:35,84.60,20.00,68.00,99.90,19.20,66.56,387.58
2024/03/17 03:10:44,84.40,20.00,68.00,99.90,19.30,66.74,387.17
2024/03/17 03:11:54,84.40,20.00,68.00,99.90,19.20,66.56,387.20
2024/03/17 03:13:05,84.60,20.00,68.00,99.90,19.20,66.56,386.94
2024/03/17 03:14:14,84.70,20.00,68.00,99.90,19.30,66.74,386.91
2024/03/17 03:15:25,84.80,20.00,68.00,99.90,19.30,66.74,386.79
2024/03/17 03:16:35,84.80,20.00,68.00,99.90,19.30,66.74,386.41
2024/03/17 03:17:44,85.00,20.00,68.00,99.90,19.30,66.74,386.34
2024/03/17 03:18:52,85.00,20.00,68.00,99.90,19.40,66.92,386.04
2024/03/17 03:19:59,85.10,20.00,68.00,99.90,19.30,66.74,386.13
2024/03/17 03:21:06,85.10,20.00,68.00,99.90,19.40,66.92,385.92
2024/03/17 03:22:18,85.10,20.00,68.00,99.90,19.40,66.92,385.84
2024/03/17 03:23:27,85.10,20.00,68.00,99.90,19.40,66.92,385.72
2024/03/17 03:24:37,85.00,20.00,68.00,99.90,19.40,66.92,385.58
2024/03/17 03:25:43,85.00,20.00,68.00,99.90,19.50,67.10,385.28
2024/03/17 03:26:55,84.90,20.10,68.18,99.90,19.50,67.10,384.94
2024/03/17 03:28:04,84.70,20.10,68.18,99.90,19.40,66.92,384.79
2024/03/17 03:29:09,84.80,20.10,68.18,99.90,19.40,66.92,384.81
2024/03/17 03:30:17,84.90,20.10,68.18,99.90,19.40,66.92,384.73
2024/03/17 03:31:29,84.70,20.10,68.18,99.90,19.40,66.92,384.09
2024/03/17 03:32:37,84.80,20.10,68.18,99.90,19.40,66.92,384.00
2024/03/17 03:33:45,84.80,20.10,68.18,99.90,19.40,66.92,383.62
2024/03/17 03:34:54,84.70,20.10,68.18,99.90,19.50,67.10,383.64
2024/03/17 03:36:06,84.70,20.10,68.18,99.90,19.40,66.92,383.55
2024/03/17 03:37:15,84.70,20.10,68.18,99.90,19.40,66.92,383.44
2024/03/17 03:38:25,84.80,20.10,68.18,99.90,19.40,66.92,383.26
2024/03/17 03:39:35,84.80,20.10,68.18,99.90,19.50,67.10,383.13
2024/03/17 03:40:44,84.70,20.10,68.18,99.90,19.40,66.92,382.98
2024/03/17 03:41:53,84.70,20.10,68.18,99.90,19.50,67.10,382.78
2024/03/17 03:43:05,84.70,20.10,68.18,99.90,19.50,67.10,382.46
2024/03/17 03:44:18,84.60,20.10,68.18,99.90,19.50,67.10,382.35
2024/03/17 03:45:30,84.70,20.10,68.18,99.90,19.50,67.10,382.35
2024/03/17 03:46:39,84.70,20.10,68.18,99.90,19.50,67.10,382.18
2024/03/17 03:47:52,84.70,20.10,68.18,99.90,19.50,67.10,381.82
2024/03/17 03:49:03,84.70,20.10,68.18,99.90,19.50,67.10,381.82
2024/03/17 03:50:13,84.60,20.10,68.18,99.90,19.50,67.10,381.47
2024/03/17 03:51:20,84.70,20.10,68.18,99.90,19.50,67.10,381.42
2024/03/17 03:52:30,84.80,20.10,68.18,99.90,19.50,67.10,381.41
2024/03/17 03:53:39,84.80,20.10,68.18,99.90,19.50,67.10,381.10
2024/03/17 03:54:47,84.70,20.10,68.18,99.90,19.50,67.10,380.98
2024/03/17 03:55:56,84.70,20.10,68.18,99.90,19.50,67.10,380.70
2024/03/17 03:57:03,84.60,20.10,68.18,99.90,19.50,67.10,380.66
2024/03/17 03:58:15,84.60,20.10,68.18,99.90,19.50,67.10,380.25
2024/03/17 03:59:23,84.70,20.10,68.18,99.90,19.50,67.10,380.13
2024/03/17 04:00:33,84.70,20.10,68.18,99.90,19.50,67.10,380.07
2024/03/17 04:01:40,84.70,20.10,68.18,99.90,19.50,67.10,379.88
2024/03/17 04:02:50,84.70,20.10,68.18,99.90,19.50,67.10,379.63
2024/03/17 04:03:59,84.60,20.10,68.18,99.90,19.50,67.10,379.63
2024/03/17 04:05:11,84.80,20.10,68.18,99.90,19.50,67.10,379.45
2024/03/17 04:06:20,84.80,20.10,68.18,99.90,19.50,67.10,379.31
2024/03/17 04:07:30,84.70,20.10,68.18,99.90,19.50,67.10,378.95
2024/03/17 04:08:40,84.70,20.10,68.18,99.90,19.50,67.10,378.88
2024/03/17 04:10:55,84.70,20.10,68.18,99.90,19.50,67.10,378.53
2024/03/17 04:12:06,84.80,20.10,68.18,99.90,19.50,67.10,378.45
2024/03/17 04:13:15,84.70,20.10,68.18,99.90,19.50,67.10,378.30
2024/03/17 04:14:25,84.80,20.10,68.18,99.90,19.50,67.10,378.27
2024/03/17 04:15:38,84.80,20.10,68.18,99.90,19.50,67.10,378.11
2024/03/17 04:16:47,84.80,20.10,68.18,99.90,19.50,67.10,378.08
2024/03/17 04:17:57,84.90,20.10,68.18,99.90,19.50,67.10,377.84
2024/03/17 04:19:06,84.90,20.10,68.18,99.90,19.50,67.10,377.60
2024/03/17 04:20:18,84.80,20.10,68.18,99.90,19.50,67.10,377.41
2024/03/17 04:21:32,84.80,20.10,68.18,99.90,19.50,67.10,377.24
2024/03/17 04:22:40,85.00,20.10,68.18,99.90,19.50,67.10,377.14
2024/03/17 04:23:47,85.00,20.10,68.18,99.90,19.50,67.10,376.97
2024/03/17 04:24:54,85.00,20.10,68.18,99.90,19.50,67.10,376.79
2024/03/17 04:26:01,85.00,20.10,68.18,99.90,19.60,67.28,376.61
2024/03/17 04:27:12,85.00,20.10,68.18,99.90,19.60,67.28,376.31
2024/03/17 04:28:20,85.00,20.10,68.18,99.90,19.50,67.10,376.02
2024/03/17 04:29:31,85.00,20.10,68.18,99.90,19.60,67.28,375.86
2024/03/17 04:30:40,85.10,20.10,68.18,99.90,19.60,67.28,375.68
2024/03/17 04:31:48,85.00,20.10,68.18,99.90,19.60,67.28,375.71
2024/03/17 04:32:57,85.00,20.10,68.18,99.90,19.60,67.28,375.24
2024/03/17 04:34:07,85.10,20.10,68.18,99.90,19.60,67.28,375.40
2024/03/17 04:35:15,85.00,20.10,68.18,99.90,19.60,67.28,374.92
2024/03/17 04:36:29,85.00,20.10,68.18,99.90,19.60,67.28,374.84
2024/03/17 04:37:36,85.10,20.10,68.18,99.90,19.60,67.28,374.70
2024/03/17 04:38:46,85.10,20.10,68.18,99.90,19.60,67.28,374.63
2024/03/17 04:39:54,85.10,20.10,68.18,99.90,19.60,67.28,374.45
2024/03/17 04:41:04,85.10,20.10,68.18,99.90,19.60,67.28,374.23
2024/03/17 04:42:10,85.20,20.10,68.18,99.90,19.60,67.28,374.24
2024/03/17 04:43:17,85.20,20.10,68.18,99.90,19.60,67.28,373.94
2024/03/17 04:44:28,85.30,20.10,68.18,99.90,19.60,67.28,373.93
2024/03/17 04:45:35,85.20,20.10,68.18,99.90,19.60,67.28,373.79
2024/03/17 04:46:44,85.00,20.10,68.18,99.90,19.60,67.28,373.62
2024/03/17 04:47:54,85.00,20.10,68.18,99.90,19.60,67.28,373.33
2024/03/17 04:49:06,85.10,20.10,68.18,99.90,19.60,67.28,373.13
2024/03/17 04:50:13,85.10,20.10,68.18,99.90,19.60,67.28,373.19
2024/03/17 04:51:21,85.20,20.10,68.18,99.90,19.60,67.28,372.84
2024/03/17 04:52:31,85.10,20.20,68.36,99.90,19.60,67.28,372.85
2024/03/17 04:53:41,85.20,20.20,68.36,99.90,19.60,67.28,372.51
2024/03/17 04:54:49,85.00,20.20,68.36,99.90,19.60,67.28,372.39
2024/03/17 04:55:56,84.80,20.30,68.54,99.90,19.60,67.28,372.26
2024/03/17 04:57:08,84.80,20.20,68.36,99.90,19.50,67.10,372.02
2024/03/17 04:58:17,84.70,20.20,68.36,99.90,19.50,67.10,371.64
2024/03/17 04:59:29,84.70,20.30,68.54,99.90,19.50,67.10,371.66
2024/03/17 05:00:39,84.70,20.30,68.54,99.90,19.50,67.10,371.37
2024/03/17 05:01:47,84.70,20.20,68.36,99.90,19.50,67.10,371.09
2024/03/17 05:02:52,84.70,20.20,68.36,99.90,19.50,67.10,371.18
2024/03/17 05:04:01,84.70,20.20,68.36,99.90,19.50,67.10,370.98
2024/03/17 05:05:08,84.80,20.10,68.18,99.90,19.50,67.10,370.88
2024/03/17 05:06:18,84.70,20.10,68.18,99.90,19.50,67.10,370.79
2024/03/17 05:07:29,84.80,20.10,68.18,99.90,19.60,67.28,370.53
2024/03/17 05:08:37,85.00,20.10,68.18,99.90,19.50,67.10,370.41
2024/03/17 05:09:45,84.90,20.10,68.18,99.90,19.50,67.10,370.03
2024/03/17 05:10:53,85.00,20.10,68.18,99.90,19.60,67.28,370.00
2024/03/17 05:12:06,85.00,20.10,68.18,99.90,19.60,67.28,369.85
2024/03/17 05:13:13,85.00,20.10,68.18,99.90,19.60,67.28,369.69
2024/03/17 05:14:21,84.80,20.20,68.36,99.90,19.60,67.28,369.42
2024/03/17 05:15:30,84.90,20.20,68.36,99.90,19.60,67.28,369.29
2024/03/17 05:16:40,84.90,20.20,68.36,99.90,19.60,67.28,369.32
2024/03/17 05:17:47,84.80,20.10,68.18,99.90,19.60,67.28,369.14
2024/03/17 05:18:55,84.90,20.10,68.18,99.90,19.60,67.28,368.83
2024/03/17 05:20:04,84.80,20.10,68.18,99.90,19.60,67.28,368.61
2024/03/17 05:21:12,85.00,20.10,68.18,99.90,19.60,67.28,368.51
2024/03/17 05:22:22,85.00,20.10,68.18,99.90,19.60,67.28,368.44
2024/03/17 05:23:29,85.10,20.10,68.18,99.90,19.60,67.28,367.85
2024/03/17 05:24:37,85.10,20.10,68.18,99.90,19.50,67.10,368.06
2024/03/17 05:25:49,85.10,20.10,68.18,99.90,19.60,67.28,367.95
2024/03/17 05:26:54,85.20,20.10,68.18,99.90,19.50,67.10,367.78
2024/03/17 05:28:03,85.20,20.10,68.18,99.90,19.60,67.28,367.74
2024/03/17 05:29:12,85.30,20.10,68.18,99.90,19.60,67.28,367.42
2024/03/17 05:30:23,85.20,20.10,68.18,99.90,19.60,67.28,367.23
2024/03/17 05:31:31,85.20,20.10,68.18,99.90,19.60,67.28,367.41
2024/03/17 05:32:39,85.20,20.10,68.18,99.90,19.60,67.28,367.15
2024/03/17 05:33:48,85.20,20.20,68.36,99.90,19.60,67.28,366.89
2024/03/17 05:34:58,85.20,20.10,68.18,99.90,19.60,67.28,366.80
2024/03/17 05:36:04,85.20,20.10,68.18,99.90,19.60,67.28,366.79
2024/03/17 05:37:16,85.10,20.20,68.36,99.90,19.60,67.28,366.70
2024/03/17 05:38:28,85.30,20.20,68.36,99.90,19.60,67.28,366.50
2024/03/17 05:39:42,85.30,20.10,68.18,99.90,19.60,67.28,366.21
2024/03/17 05:40:49,85.30,20.10,68.18,99.90,19.60,67.28,366.25
2024/03/17 05:41:56,85.30,20.10,68.18,99.90,19.60,67.28,366.15
2024/03/17 05:43:06,85.30,20.10,68.18,99.90,19.60,67.28,365.86
2024/03/17 05:44:14,85.40,20.10,68.18,99.90,19.60,67.28,365.66
2024/03/17 05:45:21,85.30,20.10,68.18,99.90,19.60,67.28,365.58
2024/03/17 05:46:32,85.50,20.20,68.36,99.90,19.50,67.10,365.31
2024/03/17 05:47:40,85.40,20.10,68.18,99.90,19.50,67.10,365.23
2024/03/17 05:48:48,85.40,20.10,68.18,99.90,19.60,67.28,365.05
2024/03/17 05:50:02,85.30,20.20,68.36,99.90,19.60,67.28,364.93
2024/03/17 05:51:15,85.50,20.20,68.36,99.90,19.60,67.28,364.56
2024/03/17 05:52:26,85.60,20.20,68.36,99.90,19.50,67.10,364.71
2024/03/17 05:53:38,85.50,20.20,68.36,99.90,19.60,67.28,364.48
2024/03/17 05:54:47,85.50,20.20,68.36,99.90,19.60,67.28,364.36
2024/03/17 05:55:55,85.70,20.30,68.54,99.90,19.60,67.28,364.20
2024/03/17 05:57:04,85.50,20.30,68.54,99.90,19.60,67.28,363.99
2024/03/17 05:58:13,85.60,20.30,68.54,99.90,19.60,67.28,363.93
2024/03/17 05:59:22,85.60,20.30,68.54,99.90,19.60,67.28,363.65
2024/03/17 06:00:31,85.50,20.30,68.54,99.90,19.60,67.28,363.72
2024/03/17 06:01:38,85.50,20.30,68.54,99.90,19.60,67.28,363.42
2024/03/17 06:02:49,85.40,20.30,68.54,99.90,19.60,67.28,363.33
2024/03/17 06:03:57,85.40,20.30,68.54,99.90,19.50,67.10,363.24
2024/03/17 06:05:04,85.40,20.30,68.54,99.90,19.60,67.28,363.06
2024/03/17 06:07:20,85.40,20.30,68.54,99.90,19.60,67.28,362.80
2024/03/17 06:09:44,85.30,20.30,68.54,99.90,19.60,67.28,362.42
2024/03/17 06:10:50,85.30,20.30,68.54,99.90,19.60,67.28,362.35
2024/03/17 06:12:00,85.40,20.30,68.54,99.90,19.60,67.28,362.29
2024/03/17 06:13:08,85.30,20.30,68.54,99.90,19.60,67.28,362.06
2024/03/17 06:14:18,85.40,20.30,68.54,99.90,19.60,67.28,362.06
2024/03/17 06:15:29,85.40,20.30,68.54,99.90,19.60,67.28,361.95
2024/03/17 06:16:39,85.20,20.30,68.54,99.90,19.70,67.46,361.65
2024/03/17 06:17:47,85.10,20.30,68.54,99.90,19.60,67.28,361.60
2024/03/17 06:18:56,85.10,20.30,68.54,99.90,19.60,67.28,361.38
2024/03/17 06:20:07,85.00,20.30,68.54,99.90,19.60,67.28,361.24
2024/03/17 06:21:15,85.10,20.30,68.54,99.90,19.60,67.28,361.07
2024/03/17 06:22:26,85.10,20.30,68.54,99.90,19.60,67.28,361.04
2024/03/17 06:23:35,85.00,20.30,68.54,99.90,19.60,67.28,360.76
2024/03/17 06:24:48,84.90,20.30,68.54,99.90,19.60,67.28,360.75
2024/03/17 06:25:58,85.10,20.30,68.54,99.90,19.60,67.28,360.68
2024/03/17 06:27:08,85.00,20.30,68.54,99.90,19.60,67.28,360.37
2024/03/17 06:28:17,85.10,20.30,68.54,99.90,19.60,67.28,360.40
2024/03/17 06:29:28,85.00,20.30,68.54,99.90,19.70,67.46,360.08
2024/03/17 06:30:36,85.10,20.30,68.54,99.90,19.70,67.46,360.00
2024/03/17 06:31:45,85.00,20.30,68.54,99.90,19.60,67.28,359.91
2024/03/17 06:32:58,85.10,20.30,68.54,99.90,19.70,67.46,359.74
2024/03/17 06:34:08,85.00,20.30,68.54,99.90,19.60,67.28,359.61
2024/03/17 06:35:16,85.10,20.30,68.54,99.90,19.60,67.28,359.40
2024/03/17 06:36:25,85.20,20.30,68.54,99.90,19.60,67.28,359.23
2024/03/17 06:37:33,85.20,20.30,68.54,99.90,19.60,67.28,359.23
2024/03/17 06:38:44,85.20,20.30,68.54,99.90,19.60,67.28,358.97
2024/03/17 06:39:55,85.20,20.30,68.54,99.90,19.60,67.28,359.07
2024/03/17 06:41:06,85.20,20.30,68.54,99.90,19.60,67.28,358.88
2024/03/17 06:42:14,85.30,20.30,68.54,99.90,19.60,67.28,358.50
2024/03/17 06:43:27,85.20,20.30,68.54,99.90,19.60,67.28,358.60
2024/03/17 06:44:41,85.30,20.30,68.54,99.90,19.70,67.46,358.36
2024/03/17 06:45:51,85.40,20.30,68.54,99.90,19.60,67.28,358.30
2024/03/17 06:47:01,85.30,20.30,68.54,99.90,19.70,67.46,357.98
2024/03/17 06:48:10,85.30,20.30,68.54,99.90,19.60,67.28,358.03
2024/03/17 06:49:19,85.40,20.30,68.54,99.90,19.60,67.28,357.83
2024/03/17 06:50:30,85.30,20.30,68.54,99.90,19.60,67.28,357.77
2024/03/17 06:51:38,85.40,20.30,68.54,99.90,19.70,67.46,357.53
2024/03/17 06:52:48,85.40,20.30,68.54,99.90,19.70,67.46,357.52
2024/03/17 06:53:58,85.40,20.30,68.54,99.90,19.70,67.46,357.46
2024/03/17 06:55:06,85.30,20.30,68.54,99.90,19.70,67.46,357.19
2024/03/17 06:56:14,85.40,20.30,68.54,99.90,19.70,67.46,357.05
2024/03/17 06:57:24,85.40,20.30,68.54,99.90,19.70,67.46,357.00
2024/03/17 06:58:35,85.50,20.30,68.54,99.90,19.60,67.28,356.74
2024/03/17 06:59:46,85.50,20.30,68.54,99.90,19.70,67.46,356.55
2024/03/17 07:00:54,85.50,20.20,68.36,99.90,19.70,67.46,356.54
2024/03/17 07:02:02,85.50,20.30,68.54,99.90,19.70,67.46,356.31
2024/03/17 07:03:07,85.40,20.20,68.36,99.90,19.60,67.28,356.24
2024/03/17 07:04:16,85.50,20.20,68.36,99.90,19.70,67.46,356.14
2024/03/17 07:05:21,85.70,20.20,68.36,99.90,19.60,67.28,1295.14
2024/03/17 07:06:30,85.70,20.20,68.36,99.90,19.70,67.46,355.73
2024/03/17 07:07:41,85.70,20.20,68.36,99.90,19.60,67.28,355.58
2024/03/17 07:08:48,85.50,20.20,68.36,99.90,19.70,67.46,355.53
2024/03/17 07:09:56,85.50,20.20,68.36,99.90,19.70,67.46,355.30
2024/03/17 07:11:02,85.50,20.20,68.36,99.90,19.70,67.46,355.28
2024/03/17 07:12:10,85.50,20.20,68.36,99.90,19.70,67.46,355.17
2024/03/17 07:13:18,85.70,20.20,68.36,99.90,19.70,67.46,355.07
2024/03/17 07:14:30,85.70,20.20,68.36,99.90,19.70,67.46,354.90
2024/03/17 07:15:38,85.60,20.20,68.36,99.90,19.70,67.46,354.60
2024/03/17 07:16:47,85.50,20.20,68.36,99.90,19.70,67.46,354.53
2024/03/17 07:17:56,85.50,20.20,68.36,99.90,19.70,67.46,354.58
2024/03/17 07:19:03,85.60,20.20,68.36,99.90,19.70,67.46,354.22
2024/03/17 07:20:12,85.70,20.10,68.18,99.90,19.70,67.46,354.00
2024/03/17 07:21:22,85.70,20.10,68.18,99.90,19.70,67.46,353.82
2024/03/17 07:22:31,85.80,20.10,68.18,99.90,19.70,67.46,353.83
2024/03/17 07:23:38,85.80,20.10,68.18,99.90,19.70,67.46,353.70
2024/03/17 07:24:45,85.90,20.10,68.18,99.90,19.70,67.46,353.52
2024/03/17 07:25:53,85.80,20.10,68.18,99.90,19.70,67.46,353.28
2024/03/17 07:27:03,86.00,20.10,68.18,99.90,19.70,67.46,353.28
2024/03/17 07:28:13,86.10,20.10,68.18,99.90,19.70,67.46,353.04
2024/03/17 07:29:20,86.00,20.10,68.18,99.90,19.70,67.46,352.96
2024/03/17 07:30:29,86.00,20.10,68.18,99.90,19.70,67.46,352.83
2024/03/17 07:31:39,86.00,20.10,68.18,99.90,19.70,67.46,352.63
2024/03/17 07:32:45,86.00,20.10,68.18,99.90,19.70,67.46,352.51
2024/03/17 07:33:57,86.00,20.10,68.18,99.90,19.70,67.46,352.30
2024/03/17 07:35:07,86.00,20.10,68.18,99.90,19.70,67.46,352.23
2024/03/17 07:36:14,86.00,20.10,68.18,99.90,19.70,67.46,351.99
2024/03/17 07:37:21,86.00,20.10,68.18,99.90,19.70,67.46,351.88
2024/03/17 07:38:29,86.00,20.10,68.18,99.90,19.70,67.46,351.82
2024/03/17 07:39:38,86.00,20.10,68.18,99.90,19.70,67.46,351.65
2024/03/17 07:40:51,86.10,20.10,68.18,99.90,19.70,67.46,351.84
2024/03/17 07:41:59,86.20,20.00,68.00,99.90,19.70,67.46,351.18
2024/03/17 07:43:05,86.10,20.10,68.18,99.90,19.70,67.46,351.12
2024/03/17 07:44:14,86.10,20.00,68.00,99.90,19.60,67.28,350.82
2024/03/17 07:45:21,86.00,20.10,68.18,99.90,19.60,67.28,350.82
2024/03/17 07:46:32,86.00,20.10,68.18,99.90,19.70,67.46,350.64
2024/03/17 07:47:40,86.00,20.00,68.00,99.90,19.70,67.46,350.40
2024/03/17 07:48:50,86.20,20.10,68.18,99.90,19.70,67.46,350.37
2024/03/17 07:49:58,86.10,20.00,68.00,99.90,19.70,67.46,350.19
2024/03/17 07:51:07,86.10,20.00,68.00,99.90,19.70,67.46,349.93
2024/03/17 07:52:16,86.20,20.00,68.00,99.90,19.70,67.46,349.76
2024/03/17 07:53:26,86.40,20.00,68.00,99.90,19.70,67.46,349.54
2024/03/17 07:54:33,86.70,20.00,68.00,99.90,19.70,67.46,349.36
2024/03/17 07:55:43,86.70,19.90,67.82,99.90,19.60,67.28,349.37
2024/03/17 07:56:51,86.80,19.90,67.82,99.90,19.60,67.28,349.18
2024/03/17 07:58:00,86.80,19.90,67.82,99.90,19.60,67.28,348.98
2024/03/17 07:59:11,86.90,19.80,67.64,99.90,19.60,67.28,348.80
2024/03/17 08:00:19,87.00,19.80,67.64,99.90,19.60,67.28,348.49
2024/03/17 08:01:31,87.10,19.80,67.64,99.90,19.60,67.28,348.57
2024/03/17 08:02:36,87.10,19.80,67.64,99.90,19.60,67.28,348.20
2024/03/17 08:03:51,87.30,19.70,67.46,99.90,19.60,67.28,348.34
2024/03/17 08:06:08,87.70,19.80,67.64,99.90,19.60,67.28,348.41
2024/03/17 08:07:17,88.50,19.90,67.82,99.90,19.60,67.28,348.41
2024/03/17 08:08:29,88.50,20.00,68.00,99.90,19.70,67.46,348.35
2024/03/17 08:09:41,87.90,20.00,68.00,99.90,19.70,67.46,348.11
2024/03/17 08:10:53,87.50,20.10,68.18,99.90,19.70,67.46,347.99
2024/03/17 08:12:04,87.10,20.10,68.18,99.90,19.80,67.64,347.88
2024/03/17 08:13:13,87.20,20.10,68.18,99.90,19.80,67.64,347.67
2024/03/17 08:14:23,87.10,20.10,68.18,99.90,19.80,67.64,347.55
2024/03/17 08:15:31,87.10,20.10,68.18,99.90,19.80,67.64,347.35
2024/03/17 08:16:41,87.10,20.10,68.18,99.90,19.80,67.64,347.23
2024/03/17 08:17:51,87.20,20.10,68.18,99.90,19.80,67.64,347.08
2024/03/17 08:19:01,87.20,20.10,68.18,99.90,19.80,67.64,347.01
2024/03/17 08:20:11,87.20,20.00,68.00,99.90,19.80,67.64,347.04
2024/03/17 08:21:17,87.20,20.00,68.00,99.90,19.80,67.64,346.84
2024/03/17 08:22:31,87.20,20.00,68.00,99.90,19.80,67.64,346.81
2024/03/17 08:23:38,87.30,20.00,68.00,99.90,19.80,67.64,346.67
2024/03/17 08:24:49,87.40,20.00,68.00,99.90,19.70,67.46,346.63
2024/03/17 08:26:01,87.40,20.00,68.00,99.90,19.80,67.64,346.53
2024/03/17 08:27:11,87.30,20.00,68.00,99.90,19.80,67.64,346.40
2024/03/17 08:28:20,87.30,20.00,68.00,99.90,19.80,67.64,346.29
2024/03/17 08:29:30,87.30,20.00,68.00,99.90,19.80,67.64,346.17
2024/03/17 08:30:38,87.30,20.00,68.00,99.90,19.80,67.64,346.00
2024/03/17 08:31:47,87.40,20.00,68.00,99.90,19.80,67.64,345.79
2024/03/17 08:32:55,87.40,20.00,68.00,99.90,19.80,67.64,345.64
2024/03/17 08:34:03,87.40,20.00,68.00,99.90,19.80,67.64,345.47
2024/03/17 08:35:12,87.50,20.00,68.00,99.90,19.80,67.64,345.43
2024/03/17 08:36:25,87.50,20.00,68.00,99.90,19.80,67.64,345.38
2024/03/17 08:37:33,87.50,20.00,68.00,99.90,19.80,67.64,345.08
2024/03/17 08:38:41,87.60,20.00,68.00,99.90,19.80,67.64,344.87
2024/03/17 08:39:55,87.70,20.00,68.00,99.90,19.80,67.64,344.46
2024/03/17 08:41:01,87.50,20.00,68.00,99.90,19.80,67.64,344.34
2024/03/17 08:42:13,87.80,20.00,68.00,99.90,19.70,67.46,344.09
2024/03/17 08:43:19,87.50,20.00,68.00,99.60,19.70,67.46,344.03
2024/03/17 08:44:31,87.60,20.00,68.00,99.70,19.70,67.46,343.97
2024/03/17 08:45:40,87.50,20.00,68.00,99.80,19.70,67.46,343.87
2024/03/17 08:46:50,87.70,19.90,67.82,99.80,19.80,67.64,343.52
2024/03/17 08:48:01,87.60,20.00,68.00,99.90,19.80,67.64,343.55
2024/03/17 08:49:09,87.50,19.90,67.82,99.90,19.80,67.64,343.53
2024/03/17 08:50:21,87.50,19.90,67.82,99.90,19.70,67.46,343.38
2024/03/17 08:51:28,87.60,19.90,67.82,99.90,19.80,67.64,277.94
2024/03/17 08:52:36,87.60,19.90,67.82,99.90,19.80,67.64,343.06
2024/03/17 08:53:45,87.50,19.90,67.82,99.90,19.70,67.46,342.99
2024/03/17 08:54:59,87.70,19.90,67.82,99.90,19.80,67.64,342.78
2024/03/17 08:56:09,87.60,19.90,67.82,99.80,19.80,67.64,342.87
2024/03/17 08:57:18,87.70,19.90,67.82,99.80,19.70,67.46,342.69
2024/03/17 08:58:26,87.70,19.90,67.82,99.80,19.80,67.64,342.64
2024/03/17 08:59:34,87.80,19.90,67.82,99.90,19.80,67.64,342.41
2024/03/17 09:00:39,87.60,20.00,68.00,99.90,19.80,67.64,342.29
2024/03/17 09:01:48,87.60,19.90,67.82,99.90,19.80,67.64,342.17
2024/03/17 09:02:55,87.50,19.90,67.82,99.90,19.80,67.64,342.10
2024/03/17 09:04:03,87.50,19.90,67.82,99.80,19.80,67.64,342.14
2024/03/17 09:05:12,87.50,20.00,68.00,99.70,19.80,67.64,342.05
2024/03/17 09:06:19,87.50,20.00,68.00,99.60,19.80,67.64,341.86
2024/03/17 09:07:28,87.60,20.00,68.00,99.40,19.80,67.64,342.23
2024/03/17 09:08:36,87.50,20.00,68.00,99.40,19.80,67.64,342.08
2024/03/17 09:09:44,87.50,20.00,68.00,99.30,19.80,67.64,341.88
2024/03/17 09:10:54,87.50,19.90,67.82,99.30,19.80,67.64,341.78
2024/03/17 09:12:02,87.50,19.90,67.82,99.30,19.80,67.64,341.75
2024/03/17 09:13:12,87.60,19.90,67.82,99.40,19.80,67.64,341.58
2024/03/17 09:14:22,87.50,19.90,67.82,99.40,19.80,67.64,341.39
2024/03/17 09:15:32,87.50,19.90,67.82,99.40,19.80,67.64,341.43
2024/03/17 09:16:42,87.60,19.90,67.82,99.30,19.80,67.64,341.33
2024/03/17 09:17:50,87.50,19.90,67.82,99.40,19.80,67.64,341.04
2024/03/17 09:19:01,87.60,19.90,67.82,99.40,19.80,67.64,340.97
2024/03/17 09:20:08,87.60,20.00,68.00,99.30,19.80,67.64,340.89
2024/03/17 09:21:20,87.60,19.90,67.82,99.20,19.80,67.64,340.79
2024/03/17 09:22:31,87.60,19.90,67.82,99.20,19.80,67.64,2287.24
2024/03/17 09:23:38,87.50,19.90,67.82,99.20,19.80,67.64,340.44
2024/03/17 09:24:47,87.60,19.90,67.82,99.10,19.80,67.64,340.34
2024/03/17 09:25:54,87.60,19.90,67.82,99.00,19.80,67.64,340.32
2024/03/17 09:27:07,87.70,19.90,67.82,99.00,19.80,67.64,340.10
2024/03/17 09:28:17,87.60,19.90,67.82,99.00,19.80,67.64,778.02
2024/03/17 09:29:25,87.70,19.90,67.82,98.90,19.80,67.64,339.72
2024/03/17 09:30:35,87.60,19.90,67.82,98.50,19.80,67.64,339.64
2024/03/17 09:31:45,87.80,19.90,67.82,97.80,19.80,67.64,274.57
2024/03/17 09:32:57,87.90,19.90,67.82,97.30,19.80,67.64,339.31
2024/03/17 09:34:06,88.20,19.90,67.82,97.50,19.80,67.64,339.40
2024/03/17 09:35:17,88.30,19.90,67.82,97.40,19.80,67.64,339.24
2024/03/17 09:36:27,88.50,19.90,67.82,97.60,19.90,67.82,339.06
2024/03/17 09:37:37,88.40,19.90,67.82,97.80,19.80,67.64,338.91
2024/03/17 09:38:45,88.20,19.90,67.82,97.80,19.90,67.82,338.92
2024/03/17 09:39:52,88.20,19.90,67.82,97.90,19.90,67.82,338.62
2024/03/17 09:41:00,88.20,19.90,67.82,98.00,19.80,67.64,338.68
2024/03/17 09:42:06,88.20,19.90,67.82,97.80,19.90,67.82,338.51
2024/03/17 09:43:18,88.10,19.90,67.82,97.90,19.90,67.82,338.44
2024/03/17 09:44:26,88.00,19.90,67.82,97.80,19.90,67.82,338.37
2024/03/17 09:45:34,88.00,19.90,67.82,97.80,19.80,67.64,338.22
2024/03/17 09:46:44,88.00,19.90,67.82,97.80,19.90,67.82,338.11
2024/03/17 09:47:57,87.90,19.90,67.82,97.70,19.90,67.82,337.95
2024/03/17 09:49:06,88.00,19.90,67.82,97.40,19.90,67.82,337.62
2024/03/17 09:50:17,88.00,19.90,67.82,97.70,19.90,67.82,337.54
2024/03/17 09:51:25,87.90,19.90,67.82,97.50,19.80,67.64,337.29
2024/03/17 09:52:34,87.90,19.90,67.82,96.90,19.90,67.82,337.04
2024/03/17 09:53:48,87.80,19.90,67.82,96.60,19.90,67.82,337.32
2024/03/17 09:54:56,87.90,19.90,67.82,96.40,19.90,67.82,337.06
2024/03/17 09:56:04,87.80,19.90,67.82,96.30,19.90,67.82,337.17
2024/03/17 09:57:13,87.70,19.90,67.82,95.90,19.90,67.82,337.04
2024/03/17 09:58:22,87.80,19.90,67.82,96.00,19.90,67.82,337.02
2024/03/17 09:59:30,87.60,19.90,67.82,96.20,19.90,67.82,336.73
2024/03/17 10:00:38,87.60,19.90,67.82,96.30,19.90,67.82,336.55
2024/03/17 10:03:01,87.60,19.90,67.82,96.30,19.90,67.82,336.22
2024/03/17 10:04:12,87.50,19.90,67.82,96.00,19.90,67.82,336.10
2024/03/17 10:05:21,87.60,19.90,67.82,95.90,19.90,67.82,335.95
2024/03/17 10:06:31,87.50,19.90,67.82,95.90,19.90,67.82,335.81
2024/03/17 10:07:46,87.50,19.90,67.82,95.70,19.90,67.82,335.79
2024/03/17 10:08:57,87.50,19.90,67.82,95.40,19.90,67.82,335.88
2024/03/17 10:10:05,87.50,19.90,67.82,95.40,19.90,67.82,335.57
2024/03/17 10:11:12,87.50,19.90,67.82,95.20,19.90,67.82,335.54
2024/03/17 10:12:22,87.50,19.90,67.82,95.40,19.90,67.82,335.30
2024/03/17 10:13:30,87.50,19.90,67.82,95.50,19.90,67.82,335.40
2024/03/17 10:14:41,87.40,19.90,67.82,95.60,19.90,67.82,335.11
2024/03/17 10:15:49,87.50,19.90,67.82,95.50,19.90,67.82,335.17
2024/03/17 10:17:03,87.50,19.90,67.82,95.30,19.90,67.82,334.77
2024/03/17 10:19:33,87.50,19.90,67.82,95.00,19.90,67.82,334.61
2024/03/17 10:20:42,87.30,19.90,67.82,94.90,19.90,67.82,334.52
2024/03/17 10:21:51,87.30,19.90,67.82,94.30,19.90,67.82,334.48
2024/03/17 10:23:00,87.30,19.90,67.82,94.00,19.90,67.82,334.15
2024/03/17 10:24:10,87.40,19.90,67.82,94.00,20.00,68.00,334.03
2024/03/17 10:25:21,87.40,19.90,67.82,93.40,19.90,67.82,333.72
2024/03/17 10:26:33,87.50,19.90,67.82,93.50,19.90,67.82,2281.29
2024/03/17 10:27:41,87.40,19.90,67.82,93.60,19.90,67.82,333.49
2024/03/17 10:28:49,87.40,19.90,67.82,93.50,19.90,67.82,333.58
2024/03/17 10:29:57,87.50,19.80,67.64,93.10,19.90,67.82,333.58
2024/03/17 10:31:10,87.60,19.80,67.64,93.40,19.90,67.82,333.39
2024/03/17 10:32:25,87.60,19.80,67.64,93.40,19.90,67.82,333.19
2024/03/17 10:33:36,87.60,19.80,67.64,93.80,19.90,67.82,332.92
2024/03/17 10:34:43,87.60,19.80,67.64,92.90,19.90,67.82,332.91
2024/03/17 10:35:51,87.60,19.80,67.64,92.40,19.90,67.82,332.89
2024/03/17 10:36:59,87.50,19.80,67.64,92.70,19.90,67.82,332.73
2024/03/17 10:38:06,87.60,19.80,67.64,92.90,19.90,67.82,332.59
2024/03/17 10:39:15,87.50,19.90,67.82,93.10,19.90,67.82,332.70
2024/03/17 10:40:26,87.50,19.80,67.64,93.30,19.90,67.82,332.54
2024/03/17 10:41:36,87.50,19.80,67.64,93.50,19.90,67.82,332.47
2024/03/17 10:42:46,87.60,19.90,67.82,93.70,19.90,67.82,332.45
2024/03/17 10:43:56,87.40,19.80,67.64,93.90,19.90,67.82,332.32
2024/03/17 10:45:04,87.40,19.90,67.82,94.00,20.00,68.00,332.16
2024/03/17 10:46:15,87.30,19.90,67.82,94.00,19.90,67.82,331.97
2024/03/17 10:47:26,87.40,19.90,67.82,93.80,19.90,67.82,331.89
2024/03/17 10:48:40,87.30,19.90,67.82,93.80,19.90,67.82,331.72
2024/03/17 10:49:51,87.40,19.90,67.82,93.60,19.90,67.82,331.59
2024/03/17 10:50:59,87.20,19.90,67.82,93.40,19.90,67.82,331.59
2024/03/17 10:52:12,87.30,19.90,67.82,92.80,20.00,68.00,331.25
2024/03/17 10:53:21,87.20,19.90,67.82,93.10,20.00,68.00,331.34
2024/03/17 10:54:31,87.20,19.90,67.82,93.40,19.90,67.82,331.25
2024/03/17 10:55:42,87.20,19.90,67.82,93.60,19.90,67.82,331.19
2024/03/17 10:56:49,87.20,19.90,67.82,93.40,19.90,67.82,330.98
2024/03/17 10:58:01,87.30,19.90,67.82,93.30,19.90,67.82,330.78
2024/03/17 10:59:11,87.20,19.90,67.82,93.20,20.00,68.00,330.68
2024/03/17 11:00:19,87.10,19.90,67.82,92.50,20.00,68.00,330.64
2024/03/17 11:01:31,87.10,19.90,67.82,92.20,20.00,68.00,329.82
2024/03/17 11:02:40,87.20,19.90,67.82,92.00,20.00,68.00,330.31
2024/03/17 11:03:47,87.20,19.90,67.82,91.50,20.00,68.00,330.36
2024/03/17 11:04:56,87.20,19.90,67.82,92.10,20.00,68.00,330.24
2024/03/17 11:06:05,87.00,19.90,67.82,92.70,20.00,68.00,330.22
2024/03/17 11:07:14,87.20,19.90,67.82,93.10,20.00,68.00,330.13
2024/03/17 11:08:24,87.20,19.90,67.82,93.00,20.00,68.00,329.98
2024/03/17 11:09:34,87.10,19.90,67.82,93.20,20.00,68.00,329.98
2024/03/17 11:10:44,87.10,19.90,67.82,93.30,20.00,68.00,329.78
2024/03/17 11:11:53,87.10,19.90,67.82,93.30,20.00,68.00,329.67
2024/03/17 11:13:02,87.10,19.90,67.82,93.30,20.00,68.00,329.67
2024/03/17 11:14:12,87.20,19.90,67.82,93.40,20.00,68.00,329.65
2024/03/17 11:15:21,87.10,19.90,67.82,93.60,20.00,68.00,329.50
2024/03/17 11:16:29,87.10,19.90,67.82,93.60,19.90,67.82,329.50
2024/03/17 11:17:35,87.10,19.90,67.82,93.40,19.90,67.82,329.03
2024/03/17 11:18:43,87.10,19.90,67.82,93.40,19.90,67.82,329.08
2024/03/17 11:19:53,87.20,19.90,67.82,93.30,19.90,67.82,328.90
2024/03/17 11:21:05,87.20,19.90,67.82,93.30,20.00,68.00,328.30
2024/03/17 11:22:17,87.20,19.90,67.82,92.70,19.90,67.82,328.22
2024/03/17 11:23:47,87.00,20.30,68.54,92.00,20.00,68.00,265.77
2024/03/17 11:24:55,87.10,19.90,67.82,92.00,20.00,68.00,330.85
2024/03/17 11:26:03,87.20,19.90,67.82,93.00,20.00,68.00,330.60
2024/03/17 11:27:17,86.90,19.90,67.82,92.80,20.00,68.00,330.35
2024/03/17 11:28:29,86.90,19.90,67.82,92.90,20.00,68.00,330.22
2024/03/17 11:29:41,86.70,19.90,67.82,91.90,20.00,68.00,330.07
2024/03/17 11:30:50,86.70,19.90,67.82,91.50,20.00,68.00,330.16
2024/03/17 11:32:03,86.80,19.90,67.82,91.30,20.00,68.00,330.01
2024/03/17 11:33:12,86.80,19.90,67.82,92.10,20.00,68.00,329.84
2024/03/17 11:34:24,86.90,19.90,67.82,92.20,19.90,67.82,329.69
2024/03/17 11:35:37,86.80,19.80,67.64,92.50,20.00,68.00,329.58
2024/03/17 11:36:44,86.80,19.80,67.64,92.60,20.00,68.00,329.62
2024/03/17 11:37:55,86.90,19.80,67.64,92.80,20.00,68.00,329.55
2024/03/17 11:39:06,87.00,19.80,67.64,91.70,20.00,68.00,329.08
2024/03/17 11:40:19,87.10,19.80,67.64,91.30,19.90,67.82,328.94
2024/03/17 11:41:31,87.10,19.70,67.46,91.00,20.00,68.00,328.60
2024/03/17 11:42:41,87.10,19.70,67.46,90.70,19.90,67.82,328.87
2024/03/17 11:43:51,87.20,19.70,67.46,90.00,19.90,67.82,328.54
2024/03/17 11:44:59,87.50,19.70,67.46,90.30,19.90,67.82,328.63
2024/03/17 11:46:09,87.50,19.70,67.46,90.20,19.90,67.82,328.62
2024/03/17 11:47:18,87.50,19.70,67.46,90.30,19.90,67.82,328.59
2024/03/17 11:48:29,87.60,19.70,67.46,90.60,19.90,67.82,328.44
2024/03/17 11:49:39,87.70,19.70,67.46,90.70,19.90,67.82,328.36
2024/03/17 11:50:50,87.60,19.70,67.46,90.70,19.90,67.82,328.19
2024/03/17 11:52:02,87.70,19.60,67.28,90.70,19.90,67.82,328.11
2024/03/17 11:53:11,87.70,19.70,67.46,90.70,19.90,67.82,328.00
2024/03/17 11:54:21,87.70,19.70,67.46,90.50,19.90,67.82,327.90
2024/03/17 11:55:31,87.80,19.70,67.46,90.50,19.90,67.82,327.94
2024/03/17 11:56:44,87.80,19.60,67.28,90.50,19.90,67.82,327.81
2024/03/17 11:57:54,87.80,19.60,67.28,90.50,19.90,67.82,327.93
2024/03/17 11:59:03,87.90,19.60,67.28,90.50,19.90,67.82,327.46
2024/03/17 12:00:14,87.80,19.60,67.28,90.30,19.90,67.82,327.55
2024/03/17 12:01:24,87.70,19.60,67.28,90.10,19.90,67.82,327.56
2024/03/17 12:02:31,87.70,19.50,67.10,90.00,19.90,67.82,327.54
2024/03/17 12:03:42,87.70,19.50,67.10,90.10,19.90,67.82,327.33
2024/03/17 12:04:48,87.70,19.50,67.10,90.00,19.90,67.82,327.28
2024/03/17 12:06:00,87.80,19.50,67.10,89.90,19.90,67.82,326.81
2024/03/17 12:07:09,87.80,19.50,67.10,89.90,19.90,67.82,326.83
2024/03/17 12:08:21,87.90,19.50,67.10,89.60,19.90,67.82,326.73
2024/03/17 12:09:32,88.00,19.50,67.10,89.40,19.90,67.82,326.61
2024/03/17 12:10:41,87.90,19.50,67.10,89.20,19.90,67.82,326.80
2024/03/17 12:11:53,88.00,19.50,67.10,89.20,19.90,67.82,326.67
2024/03/17 12:12:59,88.20,19.40,66.92,89.30,19.90,67.82,326.69
2024/03/17 12:14:08,88.20,19.50,67.10,89.40,19.90,67.82,326.38
2024/03/17 12:15:17,88.40,19.40,66.92,89.30,19.90,67.82,326.07
2024/03/17 12:16:26,88.40,19.50,67.10,89.60,19.90,67.82,326.21
2024/03/17 12:17:38,88.30,19.40,66.92,89.40,19.90,67.82,325.88
2024/03/17 12:18:49,88.20,19.40,66.92,89.50,19.90,67.82,326.21
2024/03/17 12:19:56,88.40,19.40,66.92,89.50,19.90,67.82,325.99
2024/03/17 12:21:08,88.30,19.40,66.92,89.60,19.90,67.82,326.08
2024/03/17 12:22:17,88.40,19.40,66.92,89.50,19.90,67.82,325.96
2024/03/17 12:23:27,88.60,19.40,66.92,89.50,19.90,67.82,325.85
2024/03/17 12:24:36,88.50,19.40,66.92,89.60,19.90,67.82,325.84
2024/03/17 12:25:48,88.60,19.40,66.92,89.50,19.90,67.82,325.65
2024/03/17 12:26:59,88.60,19.40,66.92,89.40,19.90,67.82,325.59
2024/03/17 12:28:10,88.70,19.40,66.92,89.40,19.90,67.82,325.56
2024/03/17 12:29:20,88.70,19.40,66.92,89.60,19.90,67.82,325.55
2024/03/17 12:30:31,88.80,19.40,66.92,89.60,19.90,67.82,325.19
2024/03/17 12:31:41,88.70,19.40,66.92,89.50,19.90,67.82,325.31
2024/03/17 12:32:52,88.50,19.40,66.92,89.00,19.90,67.82,325.26
2024/03/17 12:34:01,88.70,19.40,66.92,89.20,19.90,67.82,325.00
2024/03/17 12:35:09,88.70,19.40,66.92,89.20,19.90,67.82,324.92
2024/03/17 12:36:19,88.70,19.40,66.92,89.20,19.90,67.82,324.83
2024/03/17 12:37:29,88.70,19.40,66.92,89.00,19.90,67.82,324.63
2024/03/17 12:38:38,88.60,19.40,66.92,88.90,19.90,67.82,324.86
2024/03/17 12:39:47,88.70,19.30,66.74,89.00,19.90,67.82,324.67
2024/03/17 12:40:59,88.80,19.30,66.74,89.10,19.90,67.82,324.59
2024/03/17 12:42:08,88.70,19.30,66.74,89.00,19.90,67.82,324.48
2024/03/17 12:43:20,88.70,19.30,66.74,89.10,19.90,67.82,324.49
2024/03/17 12:44:31,88.80,19.30,66.74,89.10,19.90,67.82,324.12
2024/03/17 12:45:41,88.90,19.30,66.74,89.10,19.90,67.82,324.05
2024/03/17 12:46:49,88.80,19.30,66.74,88.90,19.90,67.82,324.27
2024/03/17 12:47:58,88.90,19.30,66.74,88.60,19.80,67.64,324.00
2024/03/17 12:49:09,89.00,19.30,66.74,88.80,19.80,67.64,324.07
2024/03/17 12:50:19,88.80,19.30,66.74,88.80,19.90,67.82,323.82
2024/03/17 12:51:31,88.90,19.30,66.74,89.10,19.90,67.82,323.98
2024/03/17 12:52:38,88.90,19.30,66.74,89.00,19.80,67.64,323.49
2024/03/17 12:53:49,88.90,19.30,66.74,88.80,19.80,67.64,323.71
2024/03/17 12:54:57,88.90,19.30,66.74,89.00,19.90,67.82,323.70
2024/03/17 12:56:05,89.00,19.30,66.74,88.80,19.90,67.82,323.64
2024/03/17 12:57:18,88.90,19.30,66.74,88.70,19.90,67.82,323.47
2024/03/17 12:58:29,88.80,19.30,66.74,89.00,19.80,67.64,323.44
2024/03/17 12:59:40,88.80,19.30,66.74,88.70,19.90,67.82,323.37
2024/03/17 13:00:51,89.00,19.30,66.74,88.80,19.80,67.64,323.25
2024/03/17 13:01:59,88.90,19.30,66.74,88.70,19.90,67.82,322.95
2024/03/17 13:03:09,88.80,19.30,66.74,88.70,19.90,67.82,323.09
2024/03/17 13:04:18,88.90,19.30,66.74,88.70,19.90,67.82,323.11
2024/03/17 13:05:30,88.70,19.30,66.74,88.70,19.90,67.82,322.80
2024/03/17 13:06:42,88.80,19.30,66.74,88.80,19.80,67.64,323.05
2024/03/17 13:07:51,88.80,19.30,66.74,88.60,19.80,67.64,322.84
2024/03/17 13:09:02,88.90,19.30,66.74,88.80,19.80,67.64,322.65
2024/03/17 13:10:12,89.00,19.30,66.74,88.90,19.90,67.82,322.77
2024/03/17 13:11:22,88.90,19.30,66.74,88.90,19.90,67.82,322.53
2024/03/17 13:12:31,88.70,19.30,66.74,88.70,19.90,67.82,2271.06
2024/03/17 13:13:41,88.70,19.30,66.74,88.60,19.80,67.64,322.47
2024/03/17 13:14:53,88.70,19.30,66.74,88.60,19.80,67.64,322.14
2024/03/17 13:16:02,88.90,19.30,66.74,88.70,19.90,67.82,322.46
2024/03/17 13:17:12,88.80,19.30,66.74,88.60,19.80,67.64,322.32
2024/03/17 13:18:18,88.70,19.30,66.74,88.90,19.90,67.82,322.19
2024/03/17 13:19:29,88.70,19.30,66.74,88.80,19.80,67.64,322.03
2024/03/17 13:21:50,88.70,19.30,66.74,88.80,19.90,67.82,321.98
2024/03/17 13:23:00,88.70,19.30,66.74,88.90,19.90,67.82,321.94
2024/03/17 13:24:09,88.60,19.30,66.74,88.80,19.90,67.82,321.58
2024/03/17 13:25:18,88.90,19.30,66.74,88.50,19.90,67.82,321.88
2024/03/17 13:26:26,88.90,19.30,66.74,88.40,19.90,67.82,321.68
2024/03/17 13:27:35,88.90,19.30,66.74,88.60,19.90,67.82,321.74
2024/03/17 13:28:42,88.90,19.30,66.74,88.70,19.90,67.82,321.53
2024/03/17 13:29:50,88.90,19.30,66.74,88.80,19.80,67.64,321.46
2024/03/17 13:32:16,88.80,19.30,66.74,88.60,19.90,67.82,321.45
2024/03/17 13:33:28,88.70,19.30,66.74,88.80,19.90,67.82,321.43
2024/03/17 13:34:38,88.90,19.30,66.74,89.10,19.90,67.82,321.36
2024/03/17 13:35:46,88.70,19.30,66.74,88.90,19.90,67.82,321.21
2024/03/17 13:36:56,88.80,19.30,66.74,88.90,19.90,67.82,321.18
2024/03/17 13:38:07,88.70,19.30,66.74,88.80,19.90,67.82,321.13
2024/03/17 13:39:18,88.70,19.30,66.74,88.70,19.90,67.82,320.83
2024/03/17 13:40:29,88.70,19.30,66.74,88.50,19.90,67.82,320.83
2024/03/17 13:41:38,88.70,19.30,66.74,88.40,19.90,67.82,320.79
2024/03/17 13:42:50,88.70,19.30,66.74,88.50,19.90,67.82,320.59
2024/03/17 13:44:00,88.70,19.30,66.74,88.50,19.90,67.82,320.36
2024/03/17 13:45:10,88.40,19.30,66.74,88.30,19.80,67.64,320.60
2024/03/17 13:46:20,88.60,19.30,66.74,88.20,19.80,67.64,320.65
2024/03/17 13:47:28,88.90,19.20,66.56,88.20,19.80,67.64,320.56
2024/03/17 13:48:35,88.90,19.20,66.56,88.50,19.90,67.82,320.21
2024/03/17 13:49:45,88.80,19.20,66.56,88.20,19.80,67.64,320.27
2024/03/17 13:50:54,88.90,19.20,66.56,88.40,19.80,67.64,320.30
2024/03/17 13:52:05,89.00,19.20,66.56,88.20,19.80,67.64,320.21
2024/03/17 13:53:15,88.80,19.20,66.56,88.30,19.80,67.64,320.21
2024/03/17 13:54:22,88.70,19.20,66.56,88.20,19.80,67.64,320.02
2024/03/17 13:55:33,88.80,19.20,66.56,88.10,19.80,67.64,319.85
2024/03/17 13:56:46,88.90,19.20,66.56,88.10,19.80,67.64,320.02
2024/03/17 13:57:55,88.80,19.20,66.56,88.00,19.80,67.64,319.85
2024/03/17 13:59:04,89.00,19.20,66.56,88.20,19.80,67.64,319.84
2024/03/17 14:00:15,88.90,19.20,66.56,88.20,19.80,67.64,319.75
2024/03/17 14:01:23,89.00,19.20,66.56,88.20,19.80,67.64,319.69
2024/03/17 14:02:31,88.90,19.20,66.56,88.00,19.80,67.64,319.13
2024/03/17 14:03:39,88.80,19.20,66.56,88.40,19.80,67.64,319.60
2024/03/17 14:04:49,88.80,19.20,66.56,88.20,19.80,67.64,319.47
2024/03/17 14:05:57,88.70,19.20,66.56,88.50,19.80,67.64,319.42
2024/03/17 14:07:05,88.80,19.20,66.56,88.90,19.80,67.64,319.52
2024/03/17 14:08:16,88.70,19.30,66.74,89.20,19.80,67.64,319.26
2024/03/17 14:09:24,88.70,19.20,66.56,89.10,19.80,67.64,319.42
2024/03/17 14:10:34,88.60,19.20,66.56,88.80,19.80,67.64,318.85
2024/03/17 14:11:41,88.50,19.20,66.56,88.70,19.80,67.64,319.27
2024/03/17 14:12:53,88.60,19.20,66.56,88.40,19.80,67.64,319.16
2024/03/17 14:14:04,88.60,19.20,66.56,88.50,19.80,67.64,319.15
2024/03/17 14:15:12,88.60,19.20,66.56,88.70,19.80,67.64,319.05
2024/03/17 14:16:19,88.60,19.20,66.56,88.70,19.80,67.64,319.15
2024/03/17 14:17:29,88.50,19.20,66.56,88.60,19.80,67.64,318.97
2024/03/17 14:18:39,88.60,19.20,66.56,88.50,19.90,67.82,318.90
2024/03/17 14:19:47,88.50,19.20,66.56,88.30,19.80,67.64,318.76
2024/03/17 14:20:59,88.60,19.20,66.56,88.10,19.90,67.82,318.76
2024/03/17 14:22:07,88.70,19.30,66.74,88.30,19.80,67.64,318.63
2024/03/17 14:23:15,88.40,19.30,66.74,88.30,19.80,67.64,318.81
2024/03/17 14:24:24,88.40,19.30,66.74,88.50,19.80,67.64,318.64
2024/03/17 14:25:32,88.40,19.30,66.74,88.50,19.90,67.82,318.75
2024/03/17 14:26:41,88.40,19.30,66.74,88.90,19.80,67.64,318.73
2024/03/17 14:27:47,88.20,19.30,66.74,89.30,19.90,67.82,318.70
2024/03/17 14:28:57,88.10,19.40,66.92,89.60,19.90,67.82,318.48
2024/03/17 14:30:11,87.90,19.40,66.92,88.80,19.90,67.82,318.54
2024/03/17 14:31:21,87.80,19.40,66.92,88.70,19.90,67.82,318.58
2024/03/17 14:32:29,87.70,19.40,66.92,88.60,19.90,67.82,318.52
2024/03/17 14:33:40,87.70,19.40,66.92,88.50,19.90,67.82,318.50
2024/03/17 14:34:54,87.60,19.50,67.10,88.60,19.90,67.82,318.60
2024/03/17 14:36:06,87.50,19.50,67.10,88.30,19.90,67.82,318.42
2024/03/17 14:37:16,87.40,19.50,67.10,88.90,19.90,67.82,318.42
2024/03/17 14:38:30,87.10,19.50,67.10,89.10,19.90,67.82,318.46
2024/03/17 14:39:39,86.80,19.50,67.10,88.50,19.90,67.82,318.59
2024/03/17 14:40:47,86.60,19.50,67.10,88.50,19.90,67.82,506.60
2024/03/17 14:41:56,86.60,19.50,67.10,88.50,19.90,67.82,318.02
2024/03/17 14:43:08,86.20,19.50,67.10,87.90,19.90,67.82,318.48
2024/03/17 14:44:20,86.00,19.60,67.28,88.10,19.90,67.82,318.50
2024/03/17 14:45:29,85.90,19.70,67.46,88.50,19.90,67.82,318.70
2024/03/17 14:48:00,85.60,19.70,67.46,88.60,19.90,67.82,318.78
2024/03/17 14:49:10,85.20,19.80,67.64,88.40,19.90,67.82,319.40
2024/03/17 14:50:20,85.00,19.80,67.64,88.20,19.90,67.82,318.39
2024/03/17 14:51:29,84.80,19.90,67.82,88.90,20.00,68.00,319.79
2024/03/17 14:52:40,84.60,20.00,68.00,88.60,19.90,67.82,319.12
2024/03/17 14:53:52,84.10,20.00,68.00,89.10,20.00,68.00,319.78
2024/03/17 14:55:05,84.10,20.00,68.00,88.50,20.00,68.00,319.00
2024/03/17 14:56:17,83.60,20.10,68.18,88.70,20.00,68.00,319.75
2024/03/17 14:57:31,83.50,20.20,68.36,88.80,20.00,68.00,319.31
2024/03/17 14:58:42,83.00,20.30,68.54,89.00,20.00,68.00,319.58
2024/03/17 14:59:57,82.90,20.30,68.54,89.10,20.00,68.00,320.47
2024/03/17 15:01:06,82.60,20.30,68.54,89.20,20.00,68.00,320.83
2024/03/17 15:02:15,82.50,20.40,68.72,89.40,20.00,68.00,321.18
2024/03/17 15:03:28,82.20,20.50,68.90,89.50,20.00,68.00,321.30
2024/03/17 15:04:37,82.30,20.50,68.90,89.60,20.00,68.00,321.38
2024/03/17 15:05:45,82.00,20.60,69.08,89.70,20.10,68.18,321.44
2024/03/17 15:06:54,82.00,20.60,69.08,89.70,20.10,68.18,321.91
2024/03/17 15:08:05,81.80,20.70,69.26,89.80,20.10,68.18,321.65
2024/03/17 15:09:13,81.60,20.70,69.26,89.70,20.10,68.18,319.44
2024/03/17 15:10:21,81.10,20.70,69.26,89.80,20.10,68.18,318.84
2024/03/17 15:11:30,81.00,20.70,69.26,89.70,20.10,68.18,320.77
2024/03/17 15:12:40,80.20,20.70,69.26,89.80,20.10,68.18,320.64
2024/03/17 15:13:49,81.00,20.80,69.44,89.80,20.10,68.18,760.00
2024/03/17 15:14:57,81.10,20.80,69.44,89.80,20.10,68.18,320.19
2024/03/17 15:16:07,80.40,20.80,69.44,89.90,20.10,68.18,320.38
2024/03/17 15:17:15,80.30,20.80,69.44,90.00,20.10,68.18,322.01
2024/03/17 15:18:23,80.50,20.80,69.44,89.90,20.10,68.18,322.86
2024/03/17 15:19:34,80.70,20.90,69.62,90.00,20.10,68.18,320.57
2024/03/17 15:20:47,80.50,20.90,69.62,90.00,20.10,68.18,320.31
2024/03/17 15:21:54,80.60,21.00,69.80,90.00,20.20,68.36,320.24
2024/03/17 15:23:07,80.70,21.00,69.80,90.00,20.20,68.36,320.24
2024/03/17 15:24:19,80.40,21.00,69.80,90.00,20.20,68.36,319.65
2024/03/17 15:25:34,80.40,21.00,69.80,90.00,20.20,68.36,319.49
2024/03/17 15:26:43,80.30,21.00,69.80,90.10,20.20,68.36,319.48
2024/03/17 15:27:55,80.30,21.00,69.80,90.10,20.20,68.36,319.33
2024/03/17 15:29:05,80.10,21.00,69.80,90.10,20.20,68.36,319.37
2024/03/17 15:30:15,79.70,21.00,69.80,90.10,20.20,68.36,319.50
2024/03/17 15:31:26,80.10,21.00,69.80,90.10,20.20,68.36,319.69
2024/03/17 15:32:36,79.90,21.00,69.80,90.10,20.20,68.36,319.85
2024/03/17 15:33:50,80.00,21.00,69.80,90.20,20.10,68.18,321.80
2024/03/17 15:35:03,79.90,21.00,69.80,90.20,20.20,68.36,322.94
2024/03/17 15:36:17,80.00,21.00,69.80,90.10,20.20,68.36,323.41
2024/03/17 15:37:28,79.80,21.10,69.98,90.20,20.20,68.36,321.76
2024/03/17 15:38:38,79.70,21.10,69.98,90.20,20.20,68.36,323.53
2024/03/17 15:41:21,79.70,21.20,70.16,90.30,20.20,68.36,325.29
2024/03/17 15:43:49,79.20,21.30,70.34,90.50,20.20,68.36,325.63
2024/03/17 15:45:03,78.80,21.40,70.52,90.60,20.20,68.36,326.11
2024/03/17 15:46:14,78.60,21.50,70.70,90.70,20.30,68.54,326.10
2024/03/17 15:48:53,78.20,21.60,70.88,90.80,20.30,68.54,326.41
2024/03/17 15:51:23,77.20,21.70,71.06,91.10,20.30,68.54,326.55
2024/03/17 15:53:51,76.70,21.90,71.42,91.30,20.30,68.54,326.93
2024/03/17 15:55:02,76.50,22.00,71.60,91.40,20.30,68.54,327.54
2024/03/17 15:57:31,76.00,22.10,71.78,91.40,20.40,68.72,328.00
2024/03/17 15:58:41,75.80,22.10,71.78,91.40,20.40,68.72,327.22
2024/03/17 15:59:53,75.50,22.20,71.96,91.40,20.40,68.72,327.35
2024/03/17 16:01:03,75.30,22.20,71.96,91.40,20.40,68.72,328.29
2024/03/17 16:03:40,75.00,22.30,72.14,91.50,20.40,68.72,328.39
2024/03/17 16:04:51,74.70,22.50,72.50,91.30,20.40,68.72,327.87
2024/03/17 16:06:05,74.70,22.50,72.50,91.50,20.40,68.72,327.73
2024/03/17 16:07:18,74.70,22.50,72.50,91.60,20.40,68.72,328.18
2024/03/17 16:08:31,74.50,22.50,72.50,91.60,20.40,68.72,329.09
2024/03/17 16:11:01,74.00,22.60,72.68,91.40,20.40,68.72,327.74
2024/03/17 16:12:11,73.80,22.60,72.68,91.40,20.40,68.72,328.79
2024/03/17 16:13:25,73.60,22.70,72.86,91.50,20.40,68.72,328.96
2024/03/17 16:14:40,73.50,22.70,72.86,91.50,20.40,68.72,328.06
2024/03/17 16:15:54,73.30,22.80,73.04,91.40,20.50,68.90,326.81
2024/03/17 16:18:25,73.10,22.80,73.04,91.40,20.50,68.90,328.81
2024/03/17 16:20:56,73.40,22.90,73.22,91.50,20.50,68.90,329.32
2024/03/17 16:22:07,73.20,22.90,73.22,91.40,20.50,68.90,328.11
2024/03/17 16:23:20,73.20,22.90,73.22,91.30,20.50,68.90,328.37
2024/03/17 16:25:54,73.30,22.90,73.22,91.30,20.50,68.90,328.79
2024/03/17 16:27:05,73.30,22.90,73.22,91.50,20.50,68.90,329.67
2024/03/17 16:28:18,73.20,23.00,73.40,91.40,20.60,69.08,330.02
2024/03/17 16:29:26,73.20,23.00,73.40,91.30,20.60,69.08,330.50
2024/03/17 16:30:34,72.90,23.10,73.58,91.40,20.60,69.08,330.13
2024/03/17 16:31:44,72.70,23.10,73.58,91.40,20.60,69.08,330.92
2024/03/17 16:32:53,72.70,23.10,73.58,91.30,20.60,69.08,330.79
2024/03/17 16:34:02,72.60,23.20,73.76,91.30,20.60,69.08,330.50
2024/03/17 16:35:12,72.40,23.20,73.76,91.20,20.60,69.08,329.14
2024/03/17 16:36:23,72.10,23.30,73.94,90.90,20.60,69.08,328.97
2024/03/17 16:37:37,72.00,23.30,73.94,91.10,20.50,68.90,328.50
2024/03/17 16:38:47,72.10,23.30,73.94,91.10,20.60,69.08,330.99
2024/03/17 16:39:55,72.10,23.30,73.94,91.40,20.50,68.90,330.97
2024/03/17 16:41:08,72.10,23.30,73.94,91.40,20.50,68.90,331.24
2024/03/17 16:42:19,72.00,23.40,74.12,91.30,20.50,68.90,330.75
2024/03/17 16:43:26,71.70,23.40,74.12,91.40,20.60,69.08,330.47
2024/03/17 16:44:32,71.50,23.40,74.12,91.40,20.50,68.90,330.94
2024/03/17 16:45:40,71.30,23.40,74.12,91.40,20.60,69.08,330.98
2024/03/17 16:46:48,71.30,23.50,74.30,91.30,20.50,68.90,331.29
2024/03/17 16:47:56,71.20,23.60,74.48,91.40,20.60,69.08,331.20
2024/03/17 16:49:03,71.00,23.60,74.48,91.40,20.50,68.90,330.94
2024/03/17 16:50:11,70.80,23.60,74.48,91.30,20.60,69.08,330.70
2024/03/17 16:51:21,70.50,23.70,74.66,91.70,20.60,69.08,331.56
2024/03/17 16:52:27,70.40,23.80,74.84,91.50,20.60,69.08,331.58
2024/03/17 16:53:36,70.10,23.90,75.02,91.50,20.60,69.08,331.33
2024/03/17 16:54:43,69.80,23.90,75.02,91.50,20.60,69.08,331.55
2024/03/17 16:55:51,69.60,24.00,75.20,91.30,20.60,69.08,332.02
2024/03/17 16:56:58,69.10,24.00,75.20,91.30,20.60,69.08,331.76
2024/03/17 16:58:04,68.90,24.20,75.56,91.50,20.60,69.08,331.83
2024/03/17 16:59:09,68.70,24.20,75.56,91.40,20.60,69.08,331.84
2024/03/17 17:00:18,68.60,24.20,75.56,91.20,20.60,69.08,331.98
2024/03/17 17:01:25,68.60,24.20,75.56,91.20,20.60,69.08,331.68
2024/03/17 17:02:35,68.20,24.40,75.92,91.30,20.60,69.08,331.28
2024/03/17 17:03:44,68.00,24.40,75.92,91.00,20.60,69.08,331.80
2024/03/17 17:04:57,68.00,24.40,75.92,91.10,20.60,69.08,330.98
2024/03/17 17:06:04,68.10,24.40,75.92,91.30,20.60,69.08,326.71
2024/03/17 17:07:13,67.70,24.40,75.92,91.10,20.70,69.26,325.88
2024/03/17 17:08:23,67.80,24.40,75.92,91.20,20.60,69.08,326.69
2024/03/17 17:09:36,67.50,24.40,75.92,90.80,20.60,69.08,327.29
2024/03/17 17:10:48,67.60,24.50,76.10,91.00,20.60,69.08,327.29
2024/03/17 17:12:00,67.10,24.60,76.28,91.40,20.60,69.08,327.35
2024/03/17 17:13:12,66.90,24.60,76.28,91.00,20.60,69.08,327.44
2024/03/17 17:14:25,66.80,24.60,76.28,91.00,20.60,69.08,327.93
2024/03/17 17:15:35,66.70,24.60,76.28,91.00,20.60,69.08,327.56
2024/03/17 17:16:45,66.60,24.70,76.46,91.10,20.60,69.08,327.55
2024/03/17 17:18:00,66.40,24.70,76.46,91.10,20.60,69.08,327.34
2024/03/17 17:20:33,66.80,24.40,75.92,91.10,20.60,69.08,326.72
2024/03/17 17:21:46,67.50,24.20,75.56,91.00,20.60,69.08,326.43
2024/03/17 17:22:58,68.20,24.00,75.20,90.70,20.60,69.08,326.95
2024/03/17 17:24:13,68.40,24.00,75.20,90.90,20.60,69.08,326.94
2024/03/17 17:25:25,68.50,24.20,75.56,90.80,20.60,69.08,326.53
2024/03/17 17:26:37,68.30,24.20,75.56,90.90,20.60,69.08,326.11
2024/03/17 17:27:47,68.20,24.00,75.20,90.90,20.60,69.08,326.25
2024/03/17 17:29:02,68.70,24.00,75.20,90.90,20.60,69.08,326.24
2024/03/17 17:30:14,69.20,23.80,74.84,90.60,20.60,69.08,326.18
2024/03/17 17:32:47,69.70,23.70,74.66,90.70,20.50,68.90,325.98
2024/03/17 17:34:02,69.90,23.60,74.48,90.70,20.50,68.90,326.08
2024/03/17 17:36:38,70.70,23.40,74.12,90.60,20.50,68.90,326.35
2024/03/17 17:37:51,71.00,23.40,74.12,90.60,20.50,68.90,326.39
2024/03/17 17:39:04,70.80,23.60,74.48,90.60,20.50,68.90,326.30
2024/03/17 17:40:18,70.30,23.60,74.48,90.50,20.50,68.90,326.25
2024/03/17 17:42:50,70.10,23.60,74.48,90.30,20.50,68.90,326.17
2024/03/17 17:44:05,70.50,23.50,74.30,90.10,20.50,68.90,326.19
2024/03/17 17:45:19,70.50,23.50,74.30,90.60,20.50,68.90,326.06
2024/03/17 17:46:32,70.70,23.60,74.48,90.60,20.50,68.90,326.09
2024/03/17 17:49:00,69.60,23.90,75.02,90.60,20.50,68.90,325.79
2024/03/17 17:51:36,69.60,23.90,75.02,90.60,20.50,68.90,325.92
2024/03/17 17:54:10,69.20,24.10,75.38,90.60,20.50,68.90,325.71
2024/03/17 17:56:43,68.50,24.30,75.74,90.80,20.60,69.08,325.76
2024/03/17 17:59:19,67.60,24.50,76.10,90.60,20.60,69.08,325.60
2024/03/17 18:00:34,67.20,24.60,76.28,90.50,20.60,69.08,325.47
2024/03/17 18:03:17,66.80,24.70,76.46,90.50,20.60,69.08,325.55
2024/03/17 18:04:30,66.70,24.80,76.64,90.50,20.60,69.08,325.49
2024/03/17 18:05:43,66.40,24.80,76.64,90.70,20.60,69.08,325.34
2024/03/17 18:06:53,66.50,24.70,76.46,90.70,20.60,69.08,325.37
2024/03/17 18:08:05,66.60,24.80,76.64,90.70,20.70,69.26,325.18
2024/03/17 18:10:37,66.60,24.80,76.64,90.50,20.70,69.26,325.20
2024/03/17 18:11:48,66.40,24.90,76.82,90.50,20.70,69.26,325.24
2024/03/17 18:14:21,66.10,24.90,76.82,90.60,20.70,69.26,325.09
2024/03/17 18:16:52,66.50,24.80,76.64,90.60,20.70,69.26,324.89
2024/03/17 18:19:35,66.30,24.80,76.64,90.50,20.70,69.26,324.77
2024/03/17 18:20:47,66.80,24.70,76.46,90.30,20.70,69.26,324.65
2024/03/17 18:23:22,67.00,24.70,76.46,90.40,20.70,69.26,324.77
2024/03/17 18:24:36,67.00,24.70,76.46,90.60,20.70,69.26,324.66
2024/03/17 18:25:50,67.00,24.70,76.46,90.50,20.70,69.26,324.61
2024/03/17 18:27:05,66.90,24.70,76.46,90.30,20.80,69.44,324.45
2024/03/17 18:29:45,67.80,24.40,75.92,90.20,20.80,69.44,324.47
2024/03/17 18:32:25,68.70,24.20,75.56,90.30,20.80,69.44,324.33
2024/03/17 18:33:37,69.20,24.10,75.38,90.20,20.80,69.44,324.18
2024/03/17 18:36:17,69.60,24.00,75.20,90.20,20.80,69.44,324.05
2024/03/17 18:39:07,70.20,23.90,75.02,89.90,20.80,69.44,324.24
2024/03/17 18:41:46,70.20,23.90,75.02,90.10,20.80,69.44,324.08
2024/03/17 18:44:26,70.30,23.80,74.84,90.10,20.80,69.44,323.86
2024/03/17 18:45:39,70.50,23.80,74.84,90.20,20.80,69.44,323.82
2024/03/17 18:48:16,70.20,23.80,74.84,90.10,20.80,69.44,323.63
2024/03/17 18:50:48,70.10,23.90,75.02,89.90,20.80,69.44,323.31
2024/03/17 18:52:03,70.40,23.90,75.02,89.90,20.80,69.44,323.48
2024/03/17 18:53:16,70.30,23.90,75.02,89.90,20.80,69.44,323.26
2024/03/17 18:55:50,70.60,23.80,74.84,89.90,20.80,69.44,323.11
2024/03/17 18:57:05,70.60,23.80,74.84,90.10,20.80,69.44,323.20
2024/03/17 18:59:39,70.90,23.60,74.48,89.80,20.80,69.44,322.88
2024/03/17 19:02:22,71.50,23.60,74.48,89.60,20.80,69.44,322.59
2024/03/17 19:05:10,71.20,23.60,74.48,89.80,20.80,69.44,322.50
2024/03/17 19:07:56,71.30,23.50,74.30,89.70,20.80,69.44,322.24
2024/03/17 19:10:34,71.50,23.50,74.30,90.00,20.80,69.44,322.15
2024/03/17 19:11:48,71.60,23.50,74.30,90.20,20.90,69.62,322.13
2024/03/17 19:14:23,71.60,23.50,74.30,90.40,20.80,69.44,321.98
2024/03/17 19:16:53,71.90,23.50,74.30,90.30,20.90,69.62,321.89
2024/03/17 19:18:06,72.10,23.50,74.30,90.00,20.90,69.62,321.79
2024/03/17 19:20:41,72.10,23.50,74.30,89.60,20.90,69.62,321.66
2024/03/17 19:23:13,72.40,23.40,74.12,89.50,20.90,69.62,321.51
2024/03/17 19:24:28,72.60,23.30,73.94,89.60,20.90,69.62,321.58
2024/03/17 19:27:05,73.00,23.20,73.76,89.70,20.90,69.62,321.41
2024/03/17 19:29:37,73.20,23.20,73.76,89.50,20.90,69.62,321.14
2024/03/17 19:30:49,73.50,23.20,73.76,89.70,20.90,69.62,321.42
2024/03/17 19:33:31,73.20,23.20,73.76,89.70,20.90,69.62,321.79
2024/03/17 19:34:45,73.60,23.20,73.76,89.30,20.90,69.62,38.09
2024/03/17 19:35:57,73.60,23.20,73.76,88.10,21.00,69.80,38.10
2024/03/17 19:38:41,73.50,23.30,73.94,84.80,21.60,70.88,38.01
2024/03/17 19:41:13,73.40,23.40,74.12,82.90,22.00,71.60,37.67
2024/03/17 19:43:53,73.00,23.40,74.12,81.50,22.20,71.96,37.61
2024/03/17 19:46:36,72.60,23.40,74.12,80.90,22.20,71.96,37.45
2024/03/17 19:49:09,72.90,23.40,74.12,80.80,22.20,71.96,37.40
2024/03/17 19:50:22,72.50,23.40,74.12,81.00,22.20,71.96,37.25
2024/03/17 19:53:03,72.60,23.40,74.12,81.20,22.10,71.78,37.23
2024/03/17 19:55:35,72.60,23.50,74.30,81.50,22.00,71.60,37.08
2024/03/17 19:58:13,72.50,23.50,74.30,81.60,22.10,71.78,36.94
2024/03/17 19:59:28,72.50,23.50,74.30,81.10,22.10,71.78,36.77
2024/03/17 20:02:04,73.50,23.30,73.94,80.70,22.20,71.96,36.79
2024/03/17 20:04:46,73.70,23.20,73.76,81.20,22.10,71.78,36.79
2024/03/17 20:07:27,74.10,23.30,73.94,81.60,22.00,71.60,36.61
2024/03/17 20:08:42,73.80,23.30,73.94,81.90,22.00,71.60,36.45
2024/03/17 20:11:19,73.90,23.40,74.12,81.60,22.10,71.78,36.36
2024/03/17 20:12:33,73.80,23.40,74.12,81.90,22.10,71.78,36.37
2024/03/17 20:13:42,73.30,23.50,74.30,81.80,22.10,71.78,36.25
2024/03/17 20:14:56,73.30,23.50,74.30,81.40,22.20,71.96,36.37
2024/03/17 20:16:08,73.30,23.50,74.30,81.50,22.20,71.96,36.22
2024/03/17 20:17:18,73.20,23.50,74.30,81.40,22.20,71.96,36.10
2024/03/17 20:20:07,73.70,23.40,74.12,81.40,22.20,71.96,36.00
2024/03/17 20:21:21,74.10,23.40,74.12,81.90,22.10,71.78,36.11
2024/03/17 20:22:34,74.00,23.40,74.12,81.90,22.10,71.78,36.01
2024/03/17 20:25:18,74.20,23.30,73.94,81.80,22.10,71.78,35.97
2024/03/17 20:27:51,74.30,23.30,73.94,82.30,22.00,71.60,35.79
2024/03/17 20:30:27,74.30,23.30,73.94,81.50,22.30,72.14,35.77
2024/03/17 20:33:08,74.00,23.40,74.12,80.30,22.50,72.50,35.64
2024/03/17 20:35:50,73.80,23.40,74.12,79.80,22.70,72.86,35.61
2024/03/17 20:38:22,73.60,23.40,74.12,79.30,22.70,72.86,35.49
2024/03/17 20:39:35,73.60,23.40,74.12,79.20,22.70,72.86,35.49
2024/03/17 20:40:48,73.80,23.40,74.12,79.20,22.70,72.86,35.41
2024/03/17 20:43:27,74.30,23.30,73.94,79.90,22.60,72.68,35.34
2024/03/17 20:46:08,75.00,23.20,73.76,80.20,22.40,72.32,35.19
2024/03/17 20:48:38,75.00,23.20,73.76,80.30,22.50,72.50,35.28
2024/03/17 20:49:49,74.80,23.20,73.76,80.10,22.50,72.50,35.18
2024/03/17 20:51:04,74.80,23.20,73.76,80.10,22.50,72.50,35.21
2024/03/17 20:52:19,74.90,23.10,73.58,80.10,22.50,72.50,35.14
