2024/03/12 19:46:59,60.00,20.20,68.36,65.90,17.40,63.32,24.21
2024/03/12 19:48:06,59.40,20.20,68.36,65.40,17.40,63.32,30.12
2024/03/12 19:49:13,59.70,20.10,68.18,66.00,17.40,63.32,30.16
2024/03/12 19:50:23,58.60,20.10,68.18,65.50,17.40,63.32,30.27
2024/03/12 19:51:30,58.90,20.10,68.18,65.10,17.30,63.14,583.60
2024/03/12 19:52:39,59.50,20.00,68.00,71.10,17.30,63.14,582.90
2024/03/12 19:53:49,58.90,20.00,68.00,76.30,17.00,62.60,582.43
2024/03/12 19:54:56,59.20,20.00,68.00,77.00,16.60,61.88,581.75
2024/03/12 19:56:04,59.50,20.00,68.00,77.90,16.20,61.16,581.29
2024/03/12 19:57:11,59.00,19.90,67.82,79.70,15.80,60.44,580.92
2024/03/12 19:58:19,58.70,19.90,67.82,80.60,15.60,60.08,581.87
2024/03/12 20:07:20,57.10,19.80,67.64,84.90,14.50,58.10,575.76
2024/03/12 20:08:26,56.70,19.80,67.64,84.10,14.50,58.10,575.11
2024/03/12 20:09:32,57.20,19.80,67.64,84.00,14.50,58.10,574.60
2024/03/12 20:10:37,57.40,19.80,67.64,84.40,14.40,57.92,574.06
2024/03/12 20:11:41,56.80,19.80,67.64,84.10,14.40,57.92,573.61
2024/03/12 20:12:46,56.70,19.80,67.64,84.40,14.50,58.10,573.01
2024/03/12 20:13:50,57.50,19.80,67.64,85.00,14.40,57.92,572.58
2024/03/12 20:14:55,57.60,19.70,67.46,84.90,14.40,57.92,572.11
2024/03/12 20:16:00,57.10,19.70,67.46,84.90,14.30,57.74,571.58
2024/03/12 20:17:05,56.80,19.70,67.46,85.00,14.30,57.74,571.32
2024/03/12 20:18:11,57.30,19.70,67.46,85.20,14.30,57.74,571.69
2024/03/12 20:19:17,56.40,19.70,67.46,84.70,14.30,57.74,571.10
2024/03/12 20:20:22,56.40,19.70,67.46,85.30,14.20,57.56,570.58
2024/03/12 20:21:27,57.20,19.70,67.46,86.00,14.20,57.56,570.24
2024/03/12 20:22:34,57.50,19.70,67.46,86.20,14.20,57.56,569.71
2024/03/12 20:23:40,57.00,19.70,67.46,85.90,14.20,57.56,569.24
2024/03/12 20:24:45,57.30,19.70,67.46,85.10,14.10,57.38,568.83
2024/03/12 20:25:50,57.40,19.60,67.28,85.10,14.10,57.38,568.41
2024/03/12 20:26:57,57.30,19.60,67.28,85.60,14.10,57.38,567.91
2024/03/12 20:28:02,57.00,19.60,67.28,85.40,14.10,57.38,567.59
2024/03/12 20:29:07,56.90,19.60,67.28,84.70,14.10,57.38,566.87
2024/03/12 20:30:12,56.30,19.60,67.28,84.70,14.10,57.38,566.69
2024/03/12 20:31:16,55.50,19.60,67.28,85.00,14.10,57.38,566.11
2024/03/12 20:32:20,55.70,19.60,67.28,85.20,14.10,57.38,565.53
2024/03/12 20:33:26,55.70,19.60,67.28,85.00,14.10,57.38,564.84
2024/03/12 21:10:12,59.40,19.80,67.64,90.70,15.50,59.90,294.65
2024/03/12 21:10:23,60.00,19.80,67.64,88.50,15.50,59.90,438.19
2024/03/12 21:10:33,60.10,19.80,67.64,88.50,15.50,59.90,437.28
2024/03/12 21:10:41,60.20,19.80,67.64,88.50,15.40,59.72,437.28
2024/03/12 21:10:51,60.30,19.80,67.64,88.30,15.40,59.72,437.11
2024/03/12 21:11:01,60.20,19.80,67.64,88.20,15.40,59.72,437.04
2024/03/12 21:12:05,60.40,19.80,67.64,87.30,15.40,59.72,376.61
2024/03/12 21:13:11,60.50,19.80,67.64,88.20,15.30,59.54,541.65
2024/03/12 21:14:19,60.30,19.80,67.64,87.90,15.10,59.18,541.24
2024/03/12 21:15:28,60.30,19.80,67.64,86.90,15.00,59.00,540.94
2024/03/12 21:16:37,60.50,19.70,67.46,86.90,15.00,59.00,540.48
2024/03/12 21:17:45,60.70,19.70,67.46,86.90,14.90,58.82,540.23
2024/03/12 21:18:55,61.20,19.70,67.46,88.50,14.90,58.82,539.61
2024/03/12 21:20:05,60.90,19.70,67.46,87.80,14.80,58.64,539.57
2024/03/12 21:21:14,61.00,19.70,67.46,88.20,14.80,58.64,539.28
2024/03/12 21:22:22,60.60,19.60,67.28,87.80,14.80,58.64,538.97
2024/03/12 21:23:31,60.50,19.50,67.10,86.80,14.70,58.46,538.60
2024/03/12 21:24:40,60.50,19.50,67.10,87.80,14.70,58.46,538.31
2024/03/12 21:25:48,60.40,19.50,67.10,89.70,14.70,58.46,537.67
2024/03/12 21:26:59,60.60,19.50,67.10,88.90,14.60,58.28,537.60
2024/03/12 21:28:10,60.70,19.50,67.10,88.30,14.60,58.28,536.63
2024/03/12 21:29:20,61.10,19.40,66.92,87.80,14.60,58.28,536.32
2024/03/12 21:30:28,60.80,19.40,66.92,86.30,14.60,58.28,536.18
2024/03/12 21:31:37,60.80,19.40,66.92,86.50,14.60,58.28,535.80
2024/03/12 21:32:45,61.20,19.40,66.92,86.80,14.60,58.28,534.64
2024/03/12 21:33:56,60.70,19.40,66.92,85.80,14.60,58.28,534.35
2024/03/12 21:35:02,60.50,19.40,66.92,86.70,14.60,58.28,534.12
2024/03/12 21:36:11,60.40,19.40,66.92,85.80,14.60,58.28,533.85
2024/03/12 21:37:20,60.20,19.40,66.92,85.70,14.70,58.46,533.61
2024/03/12 21:38:27,60.10,19.40,66.92,86.00,14.60,58.28,533.23
2024/03/12 21:39:38,60.40,19.40,66.92,85.70,14.60,58.28,532.73
2024/03/12 21:40:47,60.60,19.30,66.74,85.30,14.60,58.28,532.46
2024/03/12 21:41:55,60.90,19.30,66.74,85.50,14.60,58.28,532.23
2024/03/12 21:43:04,60.70,19.30,66.74,85.50,14.70,58.46,531.73
2024/03/12 21:44:15,60.30,19.30,66.74,85.10,14.60,58.28,531.22
2024/03/12 21:45:24,60.60,19.30,66.74,84.40,14.70,58.46,530.35
2024/03/12 21:46:35,60.40,19.30,66.74,84.10,14.70,58.46,530.31
2024/03/12 21:47:45,60.50,19.30,66.74,84.10,14.60,58.28,529.91
2024/03/12 21:48:54,60.70,19.30,66.74,84.90,14.60,58.28,529.67
2024/03/12 21:50:03,60.30,19.30,66.74,84.80,14.60,58.28,529.40
2024/03/12 21:51:11,60.60,19.30,66.74,83.90,14.60,58.28,528.83
2024/03/12 21:52:21,60.20,19.30,66.74,83.60,14.70,58.46,528.51
2024/03/12 21:53:29,60.20,19.30,66.74,85.60,14.60,58.28,528.18
2024/03/12 21:54:40,60.10,19.30,66.74,86.00,14.60,58.28,527.75
2024/03/12 21:55:49,60.20,19.30,66.74,85.60,14.60,58.28,526.96
2024/03/12 21:56:59,60.20,19.30,66.74,83.50,14.60,58.28,526.70
2024/03/12 21:58:06,60.20,19.20,66.56,83.50,14.70,58.46,526.44
2024/03/12 21:59:13,60.60,19.20,66.56,85.30,14.70,58.46,525.97
2024/03/12 22:00:22,61.00,19.20,66.56,85.50,14.70,58.46,525.61
2024/03/12 22:01:34,60.80,19.30,66.74,84.90,14.70,58.46,525.00
2024/03/12 22:02:45,60.90,19.30,66.74,84.30,14.80,58.64,523.90
2024/03/12 22:03:58,60.40,19.20,66.56,83.40,14.80,58.64,523.52
2024/03/12 22:05:07,60.30,19.20,66.56,82.20,14.90,58.82,523.25
2024/03/12 22:06:14,60.70,19.20,66.56,82.60,14.90,58.82,522.49
2024/03/12 22:07:24,60.40,19.20,66.56,81.20,14.90,58.82,522.21
2024/03/12 22:08:32,60.70,19.20,66.56,81.50,15.00,59.00,521.95
2024/03/12 22:09:41,60.60,19.20,66.56,80.60,15.00,59.00,521.72
2024/03/12 22:10:51,60.90,19.20,66.56,80.90,15.00,59.00,521.29
2024/03/12 22:11:57,60.90,19.20,66.56,79.70,15.10,59.18,520.89
2024/03/12 22:13:10,60.70,19.20,66.56,78.80,15.20,59.36,518.43
2024/03/12 22:14:19,60.90,19.20,66.56,78.60,15.20,59.36,518.14
2024/03/12 22:15:29,60.90,19.20,66.56,77.60,15.30,59.54,518.19
2024/03/12 22:16:39,60.90,19.20,66.56,76.90,15.30,59.54,517.70
2024/03/12 22:17:47,60.90,19.10,66.38,76.80,15.30,59.54,517.51
2024/03/12 22:19:00,60.60,19.10,66.38,76.00,15.40,59.72,517.06
2024/03/12 22:20:08,60.60,19.10,66.38,75.80,15.40,59.72,516.64
2024/03/12 22:21:21,60.40,19.10,66.38,75.10,15.40,59.72,516.50
2024/03/12 22:22:31,60.50,19.10,66.38,74.70,15.50,59.90,514.65
2024/03/12 22:23:42,59.90,19.10,66.38,74.00,15.50,59.90,514.48
2024/03/12 22:24:53,60.30,19.10,66.38,73.70,15.60,60.08,514.40
2024/03/12 22:26:04,60.80,19.10,66.38,74.00,15.60,60.08,514.03
2024/03/12 22:27:12,60.50,19.10,66.38,73.60,15.60,60.08,513.85
2024/03/12 22:28:22,60.60,19.10,66.38,73.70,15.60,60.08,513.40
2024/03/12 22:29:31,60.10,19.10,66.38,73.20,15.60,60.08,513.22
2024/03/12 22:30:40,60.60,19.10,66.38,73.00,15.60,60.08,512.94
2024/03/12 22:31:50,60.70,19.10,66.38,72.60,15.70,60.26,512.61
2024/03/12 22:33:01,60.90,19.10,66.38,73.00,15.80,60.44,512.23
2024/03/12 22:34:13,61.10,19.10,66.38,73.00,15.80,60.44,511.81
2024/03/12 22:35:26,60.90,19.20,66.56,72.40,15.80,60.44,511.67
2024/03/12 22:36:33,61.40,19.10,66.38,72.70,15.80,60.44,511.08
2024/03/12 22:37:42,61.40,19.10,66.38,72.20,15.90,60.62,510.71
2024/03/12 22:38:51,61.00,19.10,66.38,72.00,15.90,60.62,510.22
2024/03/12 22:39:58,60.80,19.10,66.38,71.80,16.00,60.80,509.90
2024/03/12 22:41:10,61.00,19.10,66.38,71.70,16.00,60.80,509.56
2024/03/12 22:42:19,61.10,19.10,66.38,71.30,16.00,60.80,509.34
2024/03/12 22:43:28,61.10,19.10,66.38,71.20,16.00,60.80,509.00
2024/03/12 22:44:39,61.30,19.10,66.38,71.10,16.00,60.80,508.66
2024/03/12 22:45:50,61.20,19.10,66.38,71.00,16.00,60.80,508.24
2024/03/12 22:46:59,61.50,19.10,66.38,70.60,16.00,60.80,507.40
2024/03/12 22:48:08,61.10,19.10,66.38,70.50,16.00,60.80,507.25
2024/03/12 22:49:17,61.10,19.10,66.38,70.30,16.10,60.98,506.81
2024/03/12 22:50:25,61.20,19.10,66.38,70.00,16.10,60.98,506.49
2024/03/12 22:51:33,61.20,19.10,66.38,69.60,16.10,60.98,506.35
2024/03/12 22:52:41,61.20,19.10,66.38,69.80,16.20,61.16,506.23
2024/03/12 22:53:49,61.40,19.10,66.38,69.50,16.20,61.16,505.45
2024/03/12 22:54:58,61.50,19.10,66.38,69.50,16.20,61.16,504.93
2024/03/12 22:56:08,61.50,19.10,66.38,69.20,16.20,61.16,504.64
2024/03/12 22:57:18,61.40,19.10,66.38,68.80,16.20,61.16,504.38
2024/03/12 22:58:29,61.00,19.10,66.38,68.70,16.20,61.16,503.86
2024/03/12 22:59:38,61.30,19.10,66.38,68.50,16.30,61.34,500.55
2024/03/12 23:00:48,61.10,19.10,66.38,68.60,16.30,61.34,500.63
2024/03/12 23:01:54,61.20,19.10,66.38,68.50,16.40,61.52,500.24
2024/03/12 23:03:04,60.90,19.10,66.38,68.10,16.40,61.52,500.12
2024/03/12 23:04:13,61.00,19.10,66.38,68.10,16.40,61.52,499.60
2024/03/12 23:05:25,61.30,19.10,66.38,68.00,16.40,61.52,499.03
2024/03/12 23:06:36,61.30,19.10,66.38,67.90,16.40,61.52,499.16
2024/03/12 23:08:51,61.20,19.10,66.38,67.80,16.40,61.52,498.85
2024/03/12 23:09:59,61.20,19.10,66.38,67.60,16.40,61.52,498.27
2024/03/12 23:11:09,61.10,19.10,66.38,67.40,16.40,61.52,498.15
2024/03/12 23:12:17,61.30,19.10,66.38,67.40,16.40,61.52,498.06
2024/03/12 23:13:26,61.60,19.10,66.38,67.70,16.50,61.70,497.59
2024/03/12 23:14:36,61.70,19.10,66.38,67.70,16.50,61.70,497.25
2024/03/12 23:15:46,61.60,19.10,66.38,67.60,16.50,61.70,496.90
2024/03/12 23:16:55,61.60,19.10,66.38,67.50,16.50,61.70,495.93
2024/03/12 23:18:04,61.60,19.10,66.38,67.40,16.60,61.88,495.70
2024/03/12 23:19:12,61.50,19.10,66.38,67.30,16.60,61.88,495.53
2024/03/12 23:20:23,61.60,19.10,66.38,67.30,16.60,61.88,495.53
2024/03/12 23:21:33,61.60,19.10,66.38,67.00,16.60,61.88,495.10
2024/03/12 23:22:41,62.00,19.10,66.38,66.90,16.60,61.88,494.54
2024/03/12 23:23:50,61.60,19.00,66.20,66.80,16.60,61.88,494.06
2024/03/12 23:24:58,61.80,19.00,66.20,66.70,16.60,61.88,494.05
2024/03/12 23:26:07,61.70,19.10,66.38,66.80,16.60,61.88,493.85
2024/03/12 23:27:17,62.10,19.10,66.38,66.70,16.60,61.88,493.20
2024/03/12 23:28:26,61.70,19.10,66.38,66.50,16.70,62.06,493.06
2024/03/12 23:29:35,61.40,19.10,66.38,66.40,16.70,62.06,492.85
2024/03/12 23:30:45,61.70,19.10,66.38,66.30,16.70,62.06,492.80
2024/03/12 23:31:52,61.70,19.10,66.38,66.20,16.70,62.06,492.50
2024/03/12 23:33:01,61.70,19.10,66.38,66.30,16.70,62.06,492.44
2024/03/12 23:34:12,61.70,19.10,66.38,66.10,16.70,62.06,492.01
2024/03/12 23:35:22,61.40,19.10,66.38,66.10,16.70,62.06,491.75
2024/03/12 23:36:30,61.50,19.10,66.38,65.90,16.70,62.06,491.46
2024/03/12 23:37:40,61.90,19.10,66.38,65.80,16.80,62.24,490.76
2024/03/12 23:38:51,61.70,19.10,66.38,65.70,16.80,62.24,489.73
2024/03/12 23:40:01,61.50,19.10,66.38,65.60,16.80,62.24,488.20
2024/03/12 23:41:08,61.40,19.10,66.38,65.50,16.80,62.24,488.32
2024/03/12 23:42:20,61.00,19.10,66.38,65.20,16.80,62.24,488.40
2024/03/12 23:43:29,61.40,19.10,66.38,65.10,16.80,62.24,488.31
2024/03/12 23:44:39,61.80,19.10,66.38,65.10,16.80,62.24,488.12
2024/03/12 23:45:47,61.70,19.10,66.38,65.20,16.90,62.42,488.11
2024/03/12 23:46:53,61.60,19.10,66.38,65.30,16.90,62.42,488.11
2024/03/12 23:48:00,61.60,19.10,66.38,65.20,16.90,62.42,487.91
2024/03/12 23:49:08,61.70,19.10,66.38,65.10,16.90,62.42,487.31
2024/03/12 23:50:16,61.80,19.10,66.38,65.00,16.90,62.42,487.37
2024/03/12 23:51:26,62.00,19.10,66.38,65.10,16.90,62.42,486.97
2024/03/12 23:52:36,62.10,19.10,66.38,65.10,16.90,62.42,486.49
2024/03/12 23:53:46,61.80,19.10,66.38,65.00,16.90,62.42,486.37
2024/03/12 23:54:53,61.50,19.10,66.38,65.00,16.90,62.42,485.94
2024/03/12 23:56:01,62.00,19.10,66.38,65.00,16.90,62.42,485.48
2024/03/12 23:57:11,61.90,19.10,66.38,65.00,16.90,62.42,485.31
2024/03/12 23:58:22,62.00,19.10,66.38,65.10,16.90,62.42,485.10
2024/03/12 23:59:32,61.60,19.10,66.38,65.10,16.90,62.42,484.76
2024/03/13 00:00:42,61.70,19.10,66.38,65.00,16.90,62.42,484.49
2024/03/13 00:01:50,62.30,19.10,66.38,65.10,16.90,62.42,484.14
2024/03/13 00:02:58,62.30,19.10,66.38,65.10,16.90,62.42,484.04
2024/03/13 00:04:06,62.20,19.10,66.38,65.00,16.90,62.42,483.87
2024/03/13 00:05:19,62.10,19.10,66.38,65.00,17.00,62.60,483.69
2024/03/13 00:06:27,61.80,19.10,66.38,65.00,17.00,62.60,483.35
2024/03/13 00:07:33,62.20,19.10,66.38,65.00,16.90,62.42,483.18
2024/03/13 00:08:40,62.20,19.10,66.38,65.10,17.00,62.60,483.02
2024/03/13 00:09:48,62.60,19.10,66.38,65.20,17.00,62.60,480.56
2024/03/13 00:11:01,62.70,19.10,66.38,65.30,17.00,62.60,480.56
2024/03/13 00:12:09,63.00,19.20,66.56,65.40,17.00,62.60,480.09
2024/03/13 00:13:21,62.60,19.20,66.56,65.50,17.00,62.60,480.06
2024/03/13 00:14:30,62.80,19.20,66.56,65.60,17.00,62.60,480.09
2024/03/13 00:15:41,62.70,19.20,66.56,65.60,17.00,62.60,476.65
2024/03/13 00:16:52,62.70,19.20,66.56,65.70,17.00,62.60,476.58
2024/03/13 00:18:02,62.80,19.20,66.56,65.70,17.00,62.60,476.55
2024/03/13 00:19:11,62.70,19.20,66.56,65.70,17.00,62.60,476.30
2024/03/13 00:20:22,62.80,19.20,66.56,65.70,17.00,62.60,1403.08
2024/03/13 00:21:33,63.20,19.20,66.56,65.90,17.00,62.60,475.80
2024/03/13 00:22:43,63.10,19.20,66.56,66.00,17.00,62.60,475.83
2024/03/13 00:23:53,63.10,19.20,66.56,66.10,17.00,62.60,475.58
2024/03/13 00:25:01,63.40,19.20,66.56,66.10,17.10,62.78,475.47
2024/03/13 00:26:10,63.30,19.20,66.56,66.10,17.10,62.78,475.40
2024/03/13 00:27:19,63.30,19.20,66.56,66.10,17.10,62.78,475.16
2024/03/13 00:28:29,63.30,19.20,66.56,66.20,17.10,62.78,475.08
2024/03/13 00:29:39,63.50,19.20,66.56,66.20,17.10,62.78,474.89
2024/03/13 00:30:50,63.70,19.20,66.56,66.20,17.10,62.78,474.98
2024/03/13 00:32:00,63.60,19.20,66.56,66.20,17.10,62.78,474.69
2024/03/13 00:33:08,63.50,19.20,66.56,66.30,17.10,62.78,474.40
2024/03/13 00:34:19,63.60,19.20,66.56,66.40,17.10,62.78,474.15
2024/03/13 00:35:27,63.70,19.20,66.56,66.60,17.10,62.78,474.04
2024/03/13 00:36:38,63.80,19.20,66.56,66.60,17.10,62.78,473.97
2024/03/13 00:37:47,63.90,19.20,66.56,66.60,17.10,62.78,473.74
2024/03/13 00:38:58,63.50,19.10,66.38,66.40,17.20,62.96,473.48
2024/03/13 00:40:07,63.50,19.10,66.38,66.20,17.20,62.96,473.47
2024/03/13 00:41:15,63.00,19.10,66.38,66.20,17.20,62.96,473.25
2024/03/13 00:42:25,63.20,19.10,66.38,66.30,17.20,62.96,473.20
2024/03/13 00:43:35,63.50,19.10,66.38,66.40,17.20,62.96,472.84
2024/03/13 00:44:46,63.60,19.10,66.38,66.40,17.20,62.96,472.28
2024/03/13 00:45:56,63.60,19.20,66.56,66.30,17.20,62.96,471.99
2024/03/13 00:47:05,63.60,19.20,66.56,66.40,17.20,62.96,472.21
2024/03/13 00:48:13,63.70,19.20,66.56,66.30,17.20,62.96,471.94
2024/03/13 00:49:22,63.80,19.20,66.56,66.40,17.20,62.96,472.20
2024/03/13 00:50:29,64.00,19.20,66.56,66.20,17.20,62.96,471.27
2024/03/13 00:51:39,63.60,19.20,66.56,66.20,17.20,62.96,471.24
2024/03/13 00:52:47,63.40,19.10,66.38,66.10,17.20,62.96,470.95
2024/03/13 00:53:58,63.70,19.10,66.38,66.20,17.20,62.96,471.02
2024/03/13 00:55:07,64.10,19.20,66.56,66.20,17.20,62.96,470.62
2024/03/13 00:56:15,64.10,19.10,66.38,66.40,17.20,62.96,470.50
2024/03/13 00:57:26,64.10,19.10,66.38,66.50,17.20,62.96,470.04
2024/03/13 00:58:38,63.90,19.10,66.38,66.50,17.20,62.96,469.94
2024/03/13 00:59:48,64.00,19.10,66.38,66.50,17.20,62.96,470.00
2024/03/13 01:00:59,64.10,19.10,66.38,66.40,17.20,62.96,469.49
2024/03/13 01:02:09,63.90,19.10,66.38,66.50,17.20,62.96,469.55
2024/03/13 01:03:18,63.60,19.10,66.38,66.20,17.20,62.96,469.20
2024/03/13 01:05:34,63.00,19.10,66.38,66.00,17.20,62.96,467.88
2024/03/13 01:06:48,62.70,19.10,66.38,66.10,17.20,62.96,467.91
2024/03/13 01:07:59,63.10,19.10,66.38,65.80,17.20,62.96,467.86
2024/03/13 01:09:11,63.30,19.10,66.38,66.10,17.20,62.96,467.85
2024/03/13 01:10:20,63.30,19.10,66.38,65.90,17.20,62.96,467.78
2024/03/13 01:11:32,63.50,19.10,66.38,66.00,17.20,62.96,467.60
2024/03/13 01:12:40,63.60,19.10,66.38,66.10,17.20,62.96,467.59
2024/03/13 01:13:48,62.80,19.10,66.38,66.10,17.20,62.96,467.17
2024/03/13 01:14:58,63.10,19.10,66.38,66.00,17.20,62.96,466.85
2024/03/13 01:16:09,63.40,19.10,66.38,65.90,17.20,62.96,466.79
2024/03/13 01:17:21,63.20,19.10,66.38,65.60,17.20,62.96,466.03
2024/03/13 01:18:31,62.90,19.10,66.38,65.40,17.20,62.96,466.05
2024/03/13 01:19:41,63.20,19.10,66.38,65.40,17.20,62.96,465.76
2024/03/13 01:20:49,63.40,19.10,66.38,65.60,17.20,62.96,465.95
2024/03/13 01:22:00,63.40,19.10,66.38,65.50,17.20,62.96,465.93
2024/03/13 01:23:08,63.30,19.10,66.38,65.60,17.20,62.96,465.65
2024/03/13 01:24:19,63.20,19.10,66.38,65.50,17.20,62.96,465.77
2024/03/13 01:25:30,63.10,19.10,66.38,65.50,17.30,63.14,460.87
2024/03/13 01:26:40,63.90,19.10,66.38,65.50,17.20,62.96,460.69
2024/03/13 01:27:49,63.80,19.10,66.38,65.70,17.20,62.96,460.72
2024/03/13 01:28:58,63.60,19.10,66.38,65.80,17.30,63.14,460.61
2024/03/13 01:30:09,63.80,19.00,66.20,65.90,17.20,62.96,460.56
2024/03/13 01:31:22,63.90,19.00,66.20,65.80,17.20,62.96,460.59
2024/03/13 01:32:31,64.20,18.90,66.02,65.70,17.30,63.14,460.23
2024/03/13 01:33:42,64.20,18.90,66.02,65.60,17.30,63.14,460.36
2024/03/13 01:34:50,64.30,18.90,66.02,65.80,17.20,62.96,460.31
2024/03/13 01:36:00,64.40,18.90,66.02,65.80,17.20,62.96,460.24
2024/03/13 01:37:11,64.30,18.90,66.02,65.80,17.20,62.96,460.22
2024/03/13 01:38:21,64.50,18.90,66.02,65.90,17.20,62.96,460.04
2024/03/13 01:39:31,64.60,18.80,65.84,65.90,17.20,62.96,459.94
2024/03/13 01:40:41,64.60,18.80,65.84,66.10,17.20,62.96,459.88
2024/03/13 01:41:50,64.40,18.80,65.84,66.10,17.20,62.96,459.60
2024/03/13 01:43:00,64.60,18.80,65.84,66.10,17.20,62.96,459.72
2024/03/13 01:44:07,64.70,18.80,65.84,66.10,17.20,62.96,459.43
2024/03/13 01:45:18,64.80,18.80,65.84,66.00,17.20,62.96,459.36
2024/03/13 01:46:27,64.50,18.80,65.84,66.10,17.20,62.96,459.23
2024/03/13 01:47:36,64.60,18.70,65.66,66.00,17.20,62.96,459.11
2024/03/13 01:48:49,64.90,18.70,65.66,66.10,17.20,62.96,458.96
2024/03/13 01:50:01,65.10,18.70,65.66,66.20,17.20,62.96,458.88
2024/03/13 01:51:12,65.00,18.70,65.66,66.20,17.20,62.96,458.84
2024/03/13 01:52:20,64.90,18.70,65.66,66.00,17.20,62.96,458.66
2024/03/13 01:54:43,64.90,18.70,65.66,66.10,17.20,62.96,458.54
2024/03/13 01:55:54,65.10,18.70,65.66,66.10,17.20,62.96,458.37
2024/03/13 01:57:03,65.10,18.60,65.48,66.10,17.20,62.96,458.22
2024/03/13 01:58:13,65.30,18.70,65.66,66.20,17.20,62.96,458.12
2024/03/13 01:59:20,65.40,18.60,65.48,66.20,17.20,62.96,458.06
2024/03/13 02:00:31,65.40,18.60,65.48,66.00,17.20,62.96,457.94
2024/03/13 02:01:40,65.50,18.60,65.48,66.20,17.20,62.96,457.90
2024/03/13 02:02:47,65.70,18.60,65.48,66.20,17.20,62.96,457.58
2024/03/13 02:03:55,65.60,18.60,65.48,66.10,17.10,62.78,457.37
2024/03/13 02:05:06,65.80,18.60,65.48,66.30,17.10,62.78,457.45
2024/03/13 02:06:20,65.90,18.60,65.48,66.20,17.20,62.96,457.27
2024/03/13 02:07:30,65.80,18.60,65.48,66.10,17.20,62.96,457.02
2024/03/13 02:08:38,65.70,18.60,65.48,66.20,17.10,62.78,457.14
2024/03/13 02:09:47,65.80,18.60,65.48,66.20,17.10,62.78,456.97
2024/03/13 02:10:57,65.80,18.50,65.30,66.30,17.10,62.78,456.65
2024/03/13 02:12:07,65.80,18.60,65.48,66.30,17.10,62.78,456.55
2024/03/13 02:13:13,65.80,18.50,65.30,66.30,17.20,62.96,456.38
2024/03/13 02:14:22,65.60,18.50,65.30,66.20,17.20,62.96,456.35
2024/03/13 02:15:30,65.10,18.50,65.30,66.00,17.10,62.78,456.19
2024/03/13 02:16:39,64.90,18.50,65.30,66.10,17.10,62.78,455.92
2024/03/13 02:17:49,63.70,18.50,65.30,65.90,17.10,62.78,455.85
2024/03/13 02:18:59,59.70,18.40,65.12,65.80,17.00,62.60,455.64
2024/03/13 02:20:08,59.80,18.40,65.12,66.00,17.10,62.78,455.55
2024/03/13 02:21:19,60.90,18.40,65.12,65.50,17.10,62.78,455.36
2024/03/13 02:22:29,60.90,18.40,65.12,65.40,17.00,62.60,455.43
2024/03/13 02:23:36,62.10,18.40,65.12,65.20,17.00,62.60,455.29
2024/03/13 02:24:47,61.60,18.40,65.12,63.60,17.00,62.60,455.08
2024/03/13 02:25:57,58.40,18.40,65.12,62.80,17.00,62.60,454.91
2024/03/13 02:27:09,54.40,18.30,64.94,62.50,17.00,62.60,454.44
2024/03/13 02:28:18,52.80,18.30,64.94,63.50,17.00,62.60,454.54
2024/03/13 02:29:28,50.20,18.30,64.94,61.90,17.00,62.60,454.29
2024/03/13 02:30:38,48.80,18.30,64.94,61.30,16.90,62.42,454.01
2024/03/13 02:31:45,45.80,18.30,64.94,61.20,16.90,62.42,454.03
2024/03/13 02:32:54,43.80,18.20,64.76,60.20,16.90,62.42,454.15
2024/03/13 02:34:02,41.70,18.20,64.76,60.40,16.90,62.42,453.95
2024/03/13 02:35:11,41.10,18.20,64.76,60.10,16.90,62.42,453.90
2024/03/13 02:36:19,40.70,18.30,64.94,58.30,16.80,62.24,453.76
2024/03/13 02:37:28,42.10,18.30,64.94,56.70,16.80,62.24,453.24
2024/03/13 02:38:41,38.10,18.20,64.76,57.00,16.80,62.24,453.21
2024/03/13 02:39:49,38.30,18.20,64.76,56.00,16.80,62.24,453.06
2024/03/13 02:41:00,37.10,18.20,64.76,55.70,16.70,62.06,453.26
2024/03/13 02:42:07,37.40,18.20,64.76,55.50,16.70,62.06,453.11
2024/03/13 02:43:14,37.60,18.20,64.76,54.80,16.70,62.06,452.88
2024/03/13 02:44:24,37.10,18.30,64.94,54.30,16.70,62.06,452.55
2024/03/13 02:45:30,36.60,18.20,64.76,54.00,16.60,61.88,452.44
2024/03/13 02:46:41,36.20,18.20,64.76,53.60,16.60,61.88,452.43
2024/03/13 02:47:52,41.90,18.20,64.76,53.30,16.60,61.88,451.95
2024/03/13 02:49:07,38.20,18.20,64.76,52.60,16.60,61.88,451.68
2024/03/13 02:50:17,36.10,18.20,64.76,51.70,16.60,61.88,450.61
2024/03/13 02:51:30,36.70,18.20,64.76,50.60,16.60,61.88,450.96
2024/03/13 02:52:41,37.00,18.20,64.76,50.70,16.60,61.88,450.56
2024/03/13 02:53:55,36.40,18.20,64.76,50.50,16.60,61.88,450.20
2024/03/13 02:55:04,36.90,18.20,64.76,50.40,16.60,61.88,448.86
2024/03/13 02:57:27,34.30,18.20,64.76,49.20,16.60,61.88,449.45
2024/03/13 02:58:37,35.80,18.20,64.76,48.00,16.60,61.88,448.96
2024/03/13 02:59:45,35.60,18.20,64.76,47.00,16.60,61.88,448.95
2024/03/13 03:00:52,33.30,18.20,64.76,47.30,16.60,61.88,448.96
2024/03/13 03:02:01,33.10,18.20,64.76,47.80,16.60,61.88,449.04
2024/03/13 03:03:11,33.70,18.20,64.76,47.70,16.60,61.88,448.36
2024/03/13 03:04:21,32.60,18.20,64.76,47.30,16.60,61.88,448.38
2024/03/13 03:05:30,32.30,18.20,64.76,46.50,16.60,61.88,448.45
2024/03/13 03:06:39,31.40,18.20,64.76,46.40,16.60,61.88,448.34
2024/03/13 03:07:47,31.80,18.20,64.76,46.20,16.60,61.88,448.16
2024/03/13 03:08:55,31.80,18.20,64.76,44.80,16.70,62.06,448.03
2024/03/13 03:10:03,32.20,18.20,64.76,44.50,16.60,61.88,447.97
2024/03/13 03:11:14,33.10,18.20,64.76,44.60,16.60,61.88,447.75
2024/03/13 03:12:22,32.80,18.20,64.76,44.50,16.60,61.88,447.51
2024/03/13 03:13:36,33.60,18.20,64.76,44.30,16.60,61.88,447.34
2024/03/13 03:14:43,33.40,18.20,64.76,44.00,16.60,61.88,447.54
2024/03/13 03:15:53,33.00,18.20,64.76,43.90,16.70,62.06,447.42
2024/03/13 03:17:04,32.20,18.20,64.76,43.60,16.70,62.06,447.07
2024/03/13 03:18:13,31.90,18.10,64.58,43.90,16.70,62.06,447.38
2024/03/13 03:19:20,32.10,18.10,64.58,43.00,16.70,62.06,447.20
2024/03/13 03:20:29,32.60,18.10,64.58,42.30,16.70,62.06,447.20
2024/03/13 03:21:40,31.30,18.20,64.76,42.70,16.70,62.06,446.87
2024/03/13 03:22:49,30.00,18.10,64.58,43.00,16.70,62.06,446.95
2024/03/13 03:23:57,31.00,18.10,64.58,43.00,16.80,62.24,447.24
2024/03/13 03:25:07,31.00,18.10,64.58,42.90,16.80,62.24,446.82
2024/03/13 03:26:17,31.70,18.10,64.58,42.50,16.80,62.24,447.00
2024/03/13 03:27:28,32.00,18.10,64.58,42.50,16.80,62.24,446.88
2024/03/13 03:28:37,32.40,18.10,64.58,42.30,16.80,62.24,446.30
2024/03/13 03:29:44,29.60,18.10,64.58,42.50,16.80,62.24,446.33
2024/03/13 03:30:55,30.30,18.10,64.58,41.50,16.80,62.24,446.30
2024/03/13 03:32:02,30.60,18.10,64.58,42.10,16.80,62.24,445.82
2024/03/13 03:33:14,30.70,18.10,64.58,42.00,16.80,62.24,445.92
2024/03/13 03:34:22,31.50,18.10,64.58,41.80,16.80,62.24,445.60
2024/03/13 03:35:32,31.40,18.10,64.58,41.70,16.80,62.24,445.52
2024/03/13 03:36:45,30.50,18.10,64.58,41.80,16.80,62.24,444.11
2024/03/13 03:37:54,32.30,18.10,64.58,41.70,16.80,62.24,444.24
2024/03/13 03:39:03,31.00,18.10,64.58,42.00,16.90,62.42,443.92
2024/03/13 03:40:10,30.70,18.10,64.58,42.10,16.90,62.42,442.51
2024/03/13 03:41:21,31.20,18.10,64.58,42.60,16.90,62.42,442.96
2024/03/13 03:42:30,30.50,18.20,64.76,41.60,16.90,62.42,442.06
2024/03/13 03:43:39,30.80,18.20,64.76,40.90,16.90,62.42,442.27
2024/03/13 03:44:46,30.30,18.20,64.76,41.10,16.90,62.42,441.67
2024/03/13 03:45:56,31.00,18.20,64.76,40.60,16.90,62.42,441.37
2024/03/13 03:47:06,32.20,18.20,64.76,40.70,16.90,62.42,441.42
2024/03/13 03:48:16,31.40,18.20,64.76,40.90,16.90,62.42,441.61
2024/03/13 03:49:25,33.50,18.20,64.76,40.80,16.90,62.42,441.62
2024/03/13 03:50:35,32.00,18.20,64.76,40.70,16.90,62.42,441.83
2024/03/13 03:51:45,31.90,18.20,64.76,40.60,17.00,62.60,441.91
2024/03/13 03:52:56,31.20,18.20,64.76,40.60,17.00,62.60,441.68
2024/03/13 03:54:05,31.70,18.20,64.76,40.30,17.00,62.60,441.65
2024/03/13 03:55:14,30.90,18.20,64.76,40.70,17.00,62.60,441.78
2024/03/13 03:56:24,30.40,18.20,64.76,40.60,17.00,62.60,440.99
2024/03/13 03:57:33,30.40,18.20,64.76,40.70,17.00,62.60,441.06
2024/03/13 03:58:46,30.70,18.20,64.76,40.80,17.00,62.60,441.39
2024/03/13 03:59:57,31.40,18.20,64.76,41.00,17.00,62.60,441.24
2024/03/13 04:01:08,31.00,18.20,64.76,41.10,17.00,62.60,439.30
2024/03/13 04:02:16,31.00,18.20,64.76,41.00,17.00,62.60,439.33
2024/03/13 04:03:28,30.90,18.20,64.76,41.40,17.00,62.60,439.32
2024/03/13 04:04:39,31.20,18.20,64.76,41.50,17.10,62.78,439.41
2024/03/13 04:05:50,32.70,18.20,64.76,41.60,17.10,62.78,439.48
2024/03/13 04:06:58,31.80,18.20,64.76,41.70,17.10,62.78,439.38
2024/03/13 04:08:08,31.30,18.20,64.76,41.60,17.10,62.78,439.35
2024/03/13 04:09:16,32.20,18.20,64.76,41.50,17.10,62.78,439.04
2024/03/13 04:10:25,31.30,18.20,64.76,41.70,17.10,62.78,439.27
2024/03/13 04:11:33,32.20,18.20,64.76,41.80,17.20,62.96,439.15
2024/03/13 04:12:42,31.90,18.20,64.76,42.00,17.20,62.96,439.36
2024/03/13 04:13:53,31.10,18.20,64.76,42.20,17.20,62.96,439.35
2024/03/13 04:15:04,31.20,18.20,64.76,42.20,17.20,62.96,439.29
2024/03/13 04:16:12,31.10,18.20,64.76,42.70,17.20,62.96,439.17
2024/03/13 04:17:20,31.90,18.20,64.76,42.40,17.20,62.96,439.15
2024/03/13 04:18:32,33.00,18.20,64.76,42.30,17.20,62.96,439.24
2024/03/13 04:19:44,34.50,18.20,64.76,40.90,17.20,62.96,439.27
2024/03/13 04:20:52,32.90,18.20,64.76,41.00,17.10,62.78,439.13
2024/03/13 04:22:03,32.50,18.20,64.76,41.40,17.10,62.78,439.14
2024/03/13 04:23:11,33.90,18.20,64.76,41.70,17.10,62.78,439.05
2024/03/13 04:24:20,32.50,18.10,64.58,41.90,17.10,62.78,439.17
2024/03/13 04:25:28,32.90,18.10,64.58,42.10,17.20,62.96,439.20
2024/03/13 04:26:39,32.80,18.10,64.58,42.30,17.20,62.96,439.14
2024/03/13 04:27:49,32.30,18.10,64.58,42.10,17.20,62.96,439.26
2024/03/13 04:28:59,31.70,18.10,64.58,42.10,17.20,62.96,439.19
2024/03/13 04:30:11,32.70,18.10,64.58,41.60,17.10,62.78,439.34
2024/03/13 04:31:20,33.20,18.10,64.58,40.50,17.10,62.78,439.08
2024/03/13 04:32:28,33.60,18.10,64.58,40.50,17.10,62.78,439.13
2024/03/13 04:33:38,33.10,18.10,64.58,40.20,17.00,62.60,438.90
2024/03/13 04:34:48,33.30,18.10,64.58,40.10,17.00,62.60,438.88
2024/03/13 04:36:00,34.60,18.10,64.58,39.80,17.00,62.60,439.27
2024/03/13 04:37:07,35.50,18.00,64.40,39.40,17.00,62.60,439.06
2024/03/13 04:38:19,36.20,18.10,64.58,39.10,17.00,62.60,439.32
2024/03/13 04:39:30,35.80,18.00,64.40,38.90,17.00,62.60,439.33
2024/03/13 04:40:39,34.70,18.00,64.40,39.50,17.00,62.60,439.24
2024/03/13 04:41:49,34.10,18.00,64.40,40.00,17.00,62.60,439.18
2024/03/13 04:42:59,34.40,18.00,64.40,40.20,17.00,62.60,439.16
2024/03/13 04:44:11,34.20,18.00,64.40,40.20,17.10,62.78,439.40
2024/03/13 04:45:19,34.30,18.00,64.40,40.50,17.10,62.78,439.48
2024/03/13 04:46:29,35.20,18.00,64.40,40.30,17.20,62.96,439.42
2024/03/13 04:47:39,34.40,18.00,64.40,40.60,17.20,62.96,439.42
2024/03/13 04:48:49,33.70,18.00,64.40,40.90,17.20,62.96,439.33
2024/03/13 04:49:57,34.10,18.00,64.40,40.50,17.20,62.96,439.40
2024/03/13 04:51:06,33.90,17.90,64.22,40.90,17.20,62.96,439.37
2024/03/13 04:52:13,35.50,17.90,64.22,40.80,17.20,62.96,439.47
2024/03/13 04:54:32,36.00,17.90,64.22,40.50,17.20,62.96,439.48
2024/03/13 04:55:41,34.50,17.90,64.22,40.70,17.20,62.96,439.38
2024/03/13 04:56:50,34.60,17.90,64.22,40.90,17.20,62.96,438.98
2024/03/13 04:58:00,34.50,17.90,64.22,41.10,17.20,62.96,438.69
2024/03/13 04:59:09,34.10,17.90,64.22,41.50,17.20,62.96,438.48
2024/03/13 05:00:18,36.60,17.90,64.22,41.50,17.20,62.96,438.43
2024/03/13 05:01:28,36.90,18.00,64.40,41.70,17.20,62.96,80.69
2024/03/13 05:02:36,36.60,18.00,64.40,41.50,17.20,62.96,32.40
2024/03/13 05:03:45,36.20,17.90,64.22,42.50,17.30,63.14,32.38
2024/03/13 05:04:52,36.10,17.90,64.22,42.00,17.30,63.14,32.46
2024/03/13 05:06:01,35.40,17.90,64.22,43.10,17.20,62.96,32.66
2024/03/13 05:07:09,36.10,17.90,64.22,41.20,17.20,62.96,32.56
2024/03/13 05:08:18,38.30,17.90,64.22,42.40,17.20,62.96,32.39
2024/03/13 05:09:26,38.90,17.90,64.22,42.30,17.20,62.96,32.37
2024/03/13 05:10:36,39.30,18.00,64.40,40.10,17.20,62.96,32.41
2024/03/13 05:11:45,37.50,17.90,64.22,42.70,17.10,62.78,32.54
2024/03/13 05:12:56,37.80,17.90,64.22,40.80,17.10,62.78,32.42
2024/03/13 05:14:05,38.50,17.90,64.22,39.80,17.10,62.78,32.62
2024/03/13 05:15:12,36.70,17.90,64.22,43.10,17.10,62.78,32.53
2024/03/13 05:16:22,37.50,17.90,64.22,42.30,17.00,62.60,32.53
2024/03/13 05:17:32,39.60,17.90,64.22,40.10,17.00,62.60,32.51
2024/03/13 05:18:39,40.60,17.90,64.22,40.90,17.00,62.60,32.69
2024/03/13 05:19:47,40.10,17.90,64.22,41.00,17.00,62.60,32.56
2024/03/13 05:20:59,38.10,17.90,64.22,41.70,17.00,62.60,32.62
2024/03/13 05:22:07,36.60,17.90,64.22,41.20,17.00,62.60,32.65
2024/03/13 05:23:15,37.50,17.80,64.04,41.50,17.00,62.60,32.69
2024/03/13 05:24:24,38.70,17.80,64.04,43.00,17.00,62.60,32.51
2024/03/13 05:25:34,36.50,17.80,64.04,41.90,17.00,62.60,32.41
2024/03/13 05:26:46,36.90,17.80,64.04,42.20,17.10,62.78,32.66
2024/03/13 05:27:54,36.20,17.80,64.04,41.90,17.00,62.60,32.66
2024/03/13 05:29:00,36.30,17.80,64.04,43.30,17.10,62.78,32.60
2024/03/13 05:30:11,36.60,17.80,64.04,42.60,17.00,62.60,32.53
2024/03/13 05:31:19,36.20,17.80,64.04,42.20,17.10,62.78,32.69
2024/03/13 05:32:27,36.00,17.70,63.86,43.00,17.10,62.78,32.58
2024/03/13 05:33:35,36.20,17.70,63.86,43.70,17.10,62.78,32.51
2024/03/13 05:34:44,36.10,17.70,63.86,43.00,17.10,62.78,32.30
2024/03/13 05:35:58,38.30,17.70,63.86,42.00,17.00,62.60,32.44
2024/03/13 05:37:08,38.70,17.70,63.86,41.10,17.00,62.60,32.48
2024/03/13 05:38:17,38.30,17.70,63.86,42.60,17.00,62.60,32.70
2024/03/13 05:39:27,38.70,17.70,63.86,42.60,17.00,62.60,32.27
2024/03/13 05:40:33,38.30,17.70,63.86,42.70,17.00,62.60,32.54
2024/03/13 05:41:43,38.50,17.70,63.86,41.80,17.00,62.60,32.38
2024/03/13 05:42:51,38.00,17.70,63.86,41.80,17.00,62.60,32.48
2024/03/13 05:44:05,38.40,17.70,63.86,42.20,17.00,62.60,2009.67
2024/03/13 05:45:14,37.70,17.70,63.86,42.30,17.00,62.60,32.32
2024/03/13 05:46:23,36.60,17.60,63.68,42.30,17.00,62.60,32.04
2024/03/13 05:47:34,36.60,17.60,63.68,42.40,17.00,62.60,32.15
2024/03/13 05:48:44,38.30,17.70,63.86,41.70,17.00,62.60,32.37
2024/03/13 05:49:54,39.20,17.70,63.86,41.20,17.00,62.60,32.35
2024/03/13 05:51:01,39.10,17.70,63.86,41.20,17.00,62.60,32.35
2024/03/13 05:52:09,40.70,17.70,63.86,41.60,17.00,62.60,32.30
2024/03/13 05:53:17,40.70,17.70,63.86,41.80,17.00,62.60,32.47
2024/03/13 05:54:26,42.10,17.70,63.86,42.10,17.00,62.60,32.50
2024/03/13 05:55:33,41.80,17.70,63.86,41.50,17.00,62.60,32.44
2024/03/13 05:56:46,41.30,17.70,63.86,40.80,16.90,62.42,32.51
2024/03/13 05:57:55,41.80,17.70,63.86,42.40,16.90,62.42,32.63
2024/03/13 05:59:03,42.90,17.70,63.86,42.90,16.90,62.42,32.39
2024/03/13 06:00:15,42.80,17.70,63.86,41.80,16.90,62.42,32.27
2024/03/13 06:01:26,42.40,17.70,63.86,41.90,16.90,62.42,32.41
2024/03/13 06:02:39,40.80,17.70,63.86,42.30,16.80,62.24,2009.62
2024/03/13 06:03:48,41.20,17.60,63.68,43.50,16.80,62.24,32.40
2024/03/13 06:04:56,40.90,17.60,63.68,43.20,16.90,62.42,32.33
2024/03/13 06:06:04,40.80,17.60,63.68,43.80,16.80,62.24,32.23
2024/03/13 06:07:13,41.20,17.60,63.68,43.20,16.90,62.42,32.20
2024/03/13 06:08:22,40.60,17.60,63.68,44.00,16.90,62.42,32.23
2024/03/13 06:09:34,39.80,17.50,63.50,44.20,16.90,62.42,32.28
2024/03/13 06:10:44,39.90,17.50,63.50,43.20,16.90,62.42,32.32
2024/03/13 06:11:54,39.70,17.40,63.32,42.90,16.90,62.42,31.94
2024/03/13 06:13:00,40.30,17.40,63.32,43.10,16.90,62.42,32.12
2024/03/13 06:14:07,40.10,17.50,63.50,43.90,16.90,62.42,32.06
2024/03/13 06:16:29,41.30,17.40,63.32,42.70,16.90,62.42,31.92
2024/03/13 06:17:38,40.90,17.40,63.32,42.30,16.90,62.42,32.11
2024/03/13 06:18:49,40.00,17.40,63.32,42.40,16.90,62.42,32.11
2024/03/13 06:19:57,41.10,17.40,63.32,42.50,16.80,62.24,32.23
2024/03/13 06:21:05,41.40,17.40,63.32,43.10,16.90,62.42,32.17
2024/03/13 06:22:15,41.90,17.40,63.32,42.90,16.80,62.24,32.33
2024/03/13 06:23:24,41.90,17.40,63.32,43.10,16.80,62.24,32.00
2024/03/13 06:24:33,43.10,17.50,63.50,43.00,16.80,62.24,32.35
2024/03/13 06:25:43,42.90,17.50,63.50,43.30,16.70,62.06,32.09
2024/03/13 06:26:52,41.90,17.40,63.32,43.10,16.70,62.06,32.24
2024/03/13 06:28:02,41.90,17.40,63.32,44.00,16.70,62.06,32.48
2024/03/13 06:29:10,42.50,17.40,63.32,43.50,16.70,62.06,32.47
2024/03/13 06:30:21,42.00,17.30,63.14,44.70,16.70,62.06,32.35
2024/03/13 06:31:30,42.20,17.30,63.14,44.30,16.70,62.06,32.37
2024/03/13 06:32:41,42.50,17.30,63.14,44.90,16.80,62.24,32.38
2024/03/13 06:33:51,42.80,17.30,63.14,45.00,16.80,62.24,32.38
2024/03/13 06:35:02,43.00,17.30,63.14,45.00,16.80,62.24,32.24
2024/03/13 06:36:13,43.50,17.30,63.14,44.30,16.80,62.24,32.21
2024/03/13 06:37:22,43.30,17.30,63.14,44.40,16.80,62.24,32.39
2024/03/13 06:38:30,43.80,17.30,63.14,44.30,16.70,62.06,32.33
2024/03/13 06:39:38,43.50,17.30,63.14,44.60,16.70,62.06,32.54
2024/03/13 06:40:47,43.80,17.30,63.14,45.00,16.70,62.06,32.44
2024/03/13 06:41:57,43.90,17.30,63.14,44.70,16.70,62.06,32.39
2024/03/13 06:43:05,44.00,17.30,63.14,45.10,16.70,62.06,32.52
2024/03/13 06:44:13,43.90,17.30,63.14,45.00,16.70,62.06,32.40
2024/03/13 06:45:26,44.00,17.20,62.96,45.30,16.70,62.06,32.19
2024/03/13 06:46:36,44.40,17.20,62.96,45.20,16.80,62.24,32.52
2024/03/13 06:47:44,44.50,17.20,62.96,45.30,16.80,62.24,32.31
2024/03/13 06:48:52,44.80,17.20,62.96,45.40,16.80,62.24,32.35
2024/03/13 06:50:00,44.80,17.10,62.78,45.40,16.80,62.24,32.28
2024/03/13 06:51:08,45.10,17.10,62.78,45.40,16.80,62.24,32.15
2024/03/13 06:52:19,45.10,17.10,62.78,45.70,16.80,62.24,32.09
2024/03/13 06:53:27,45.40,17.20,62.96,45.50,16.80,62.24,32.30
2024/03/13 06:54:39,45.70,17.20,62.96,45.80,16.80,62.24,32.13
2024/03/13 06:55:49,46.00,17.10,62.78,45.90,16.80,62.24,32.03
2024/03/13 06:56:56,46.30,17.10,62.78,46.00,16.90,62.42,32.26
2024/03/13 06:58:05,46.70,17.20,62.96,46.00,16.90,62.42,32.12
2024/03/13 06:59:13,47.10,17.20,62.96,46.40,16.90,62.42,32.03
2024/03/13 07:00:19,47.20,17.20,62.96,46.50,16.90,62.42,32.25
2024/03/13 07:01:27,47.10,17.20,62.96,46.70,16.90,62.42,32.09
2024/03/13 07:02:34,47.60,17.20,62.96,46.80,16.90,62.42,32.23
2024/03/13 07:03:42,48.00,17.20,62.96,46.90,16.90,62.42,32.17
2024/03/13 07:04:50,48.40,17.20,62.96,47.20,16.90,62.42,32.08
2024/03/13 07:06:00,48.80,17.10,62.78,47.30,16.90,62.42,32.05
2024/03/13 07:07:09,49.20,17.20,62.96,48.00,16.90,62.42,31.59
2024/03/13 07:08:19,49.40,17.20,62.96,48.20,16.90,62.42,32.15
2024/03/13 07:09:27,49.50,17.20,62.96,48.90,16.80,62.24,31.84
2024/03/13 07:10:35,49.90,17.20,62.96,48.90,16.80,62.24,32.12
2024/03/13 07:11:45,49.90,17.20,62.96,49.10,16.80,62.24,31.86
2024/03/13 07:12:56,50.10,17.20,62.96,49.30,16.80,62.24,31.79
2024/03/13 07:14:03,50.40,17.10,62.78,49.10,16.80,62.24,32.18
2024/03/13 07:15:13,50.80,17.10,62.78,49.20,16.80,62.24,31.91
2024/03/13 07:16:23,50.90,17.10,62.78,49.50,16.80,62.24,31.90
