0,75.4,28.6,83.48,84.3,28,82.4,293.89
0,75.3,28.6,83.48,83.9,28,82.4,292.77
0,75.2,28.6,83.48,83.2,28,82.4,292.66
0,75.1,28.6,83.48,83.2,28,82.4,292.43
0,75.1,28.6,83.48,83.4,28,82.4,292.18
0,75,28.6,83.48,83.8,28,82.4,291.96
0,74.9,28.6,83.48,83.6,28,82.4,291.79
0,75,28.6,83.48,84,28,82.4,291.56
0,74.7,28.6,83.48,83.7,28,82.4,291.4
0,74.9,28.6,83.48,83.8,28,82.4,291.14
0,74.8,28.6,83.48,84.1,28,82.4,291.06
0,74.9,28.6,83.48,83.9,28,82.4,290.88
0,74.9,28.6,83.48,84,28,82.4,290.85
0,74.8,28.6,83.48,83.8,27.9,82.22,290.71
0,74.8,28.5,83.3,83.8,27.9,82.22,290.5
0,74.9,28.5,83.3,84.1,27.9,82.22,290.38
0,75,28.5,83.3,84,27.9,82.22,290.1
0,74.9,28.5,83.3,84.3,27.9,82.22,290
0,75,28.5,83.3,84.2,27.9,82.22,289.8
0,74.9,28.5,83.3,83.9,27.9,82.22,289.64
0,75.1,28.6,83.48,84.2,27.9,82.22,289.44
0,74.9,28.5,83.3,84.2,27.9,82.22,289.34
0,75,28.6,83.48,84.1,27.9,82.22,289.15
0,75,28.6,83.48,84.6,27.9,82.22,289.07
0,75.1,28.5,83.3,84.6,27.9,82.22,288.97
0,75,28.5,83.3,84.5,27.9,82.22,288.72
0,75.1,28.5,83.3,84.6,27.9,82.22,288.51
0,75.1,28.5,83.3,84.3,27.9,82.22,288.41
0,75.1,28.5,83.3,84.6,27.9,82.22,288.23
0,75.2,28.5,83.3,84.7,27.9,82.22,287.96
0,75.2,28.5,83.3,84.6,27.9,82.22,287.99
0,75.2,28.5,83.3,84.9,27.9,82.22,287.59
0,75.2,28.5,83.3,84.7,27.9,82.22,287.57
0,75.2,28.5,83.3,84.8,27.9,82.22,287.34
0,75,28.5,83.3,84.5,27.9,82.22,287.31
0,75.1,28.5,83.3,84.9,27.9,82.22,287.15
0,75,28.5,83.3,84.9,27.9,82.22,287.03
0,75.2,28.5,83.3,85.1,27.9,82.22,286.82
0,75.1,28.5,83.3,84.6,27.9,82.22,286.61
0,75.2,28.5,83.3,84.2,27.9,82.22,286.6
0,75.1,28.5,83.3,84.7,27.9,82.22,286.5
0,75,28.5,83.3,84.9,27.9,82.22,286.26
0,75.2,28.5,83.3,85,27.9,82.22,286.15
0,75.2,28.5,83.3,85.2,27.9,82.22,285.91
0,75.2,28.5,83.3,84.8,27.9,82.22,285.75
0,75.3,28.5,83.3,84.7,27.9,82.22,285.61
0,75.3,28.5,83.3,84.8,27.9,82.22,285.56
0,75.4,28.6,83.48,84.3,27.9,82.22,285.85
0,75.3,28.5,83.3,84.6,27.9,82.22,285.6
0,75.5,28.6,83.48,84.2,27.9,82.22,285.46
0,75.5,28.5,83.3,83.8,27.9,82.22,285.28
0,75.5,28.5,83.3,84.4,28,82.4,285.23
0,75.4,28.5,83.3,84.1,28,82.4,285.13
0,75.3,28.5,83.3,84.2,28,82.4,284.82
0,75.4,28.5,83.3,83.8,28,82.4,284.86
0,75.3,28.5,83.3,83.8,28,82.4,284.64
0,75.3,28.5,83.3,83.8,28,82.4,284.43
0,75.4,28.5,83.3,83.6,28,82.4,284.36
0,75.3,28.5,83.3,83.5,28,82.4,284.17
0,75.3,28.5,83.3,83.2,28,82.4,284.06
0,75.3,28.5,83.3,83.9,28.1,82.58,283.99
0,75.5,28.5,83.3,83.5,28.1,82.58,283.81
0,75.4,28.5,83.3,83.6,28.1,82.58,283.71
0,75.4,28.5,83.3,84,28.1,82.58,283.49
0,75.5,28.5,83.3,84,28.1,82.58,283.33
0,75.5,28.5,83.3,84,28.1,82.58,283.18
0,75.4,28.5,83.3,83.7,28.1,82.58,283.08
0,75.2,28.5,83.3,83.8,28.1,82.58,283.02
0,75.4,28.5,83.3,83.2,28.1,82.58,282.96
0,75.3,28.5,83.3,83.2,28.1,82.58,282.74
0,75.4,28.5,83.3,83.7,28.1,82.58,282.66
0,75.3,28.5,83.3,83.4,28.1,82.58,282.51
0,75.5,28.5,83.3,83.4,28.1,82.58,282.36
0,75.6,28.5,83.3,83.4,28.1,82.58,282.21
0,75.5,28.5,83.3,83.7,28.1,82.58,282.1
0,75.5,28.5,83.3,83.5,28.1,82.58,281.94
0,75.6,28.5,83.3,83.1,28.1,82.58,281.76
0,75.6,28.5,83.3,83.1,28.1,82.58,281.66
0,75.5,28.5,83.3,83.5,28.2,82.76,281.46
0,75.6,28.5,83.3,83.2,28.2,82.76,281.4
0,75.5,28.5,83.3,83.1,28.2,82.76,281.22
0,75.6,28.5,83.3,83.4,28.2,82.76,281.12
0,75.4,28.5,83.3,83.2,28.2,82.76,280.95
0,75.5,28.5,83.3,83.4,28.2,82.76,280.88
0,75.6,28.5,83.3,83.7,28.2,82.76,280.67
0,75.7,28.5,83.3,83.7,28.2,82.76,280.57
0,75.7,28.5,83.3,83.5,28.2,82.76,280.44
0,75.7,28.5,83.3,83.1,28.2,82.76,280.2
0,75.7,28.5,83.3,83.2,28.2,82.76,280.16
0,75.8,28.5,83.3,83.3,28.2,82.76,280
0,75.7,28.5,83.3,83,28.2,82.76,279.79
0,75.7,28.5,83.3,82.9,28.2,82.76,279.76
0,75.8,28.5,83.3,83.1,28.2,82.76,279.7
0,75.7,28.5,83.3,83.8,28.2,82.76,279.55
0,75.7,28.5,83.3,83.5,28.2,82.76,279.41
0,75.8,28.5,83.3,83,28.2,82.76,279.19
0,75.9,28.5,83.3,83.3,28.2,82.76,279.12
0,75.8,28.5,83.3,83.3,28.2,82.76,278.98
0,75.9,28.5,83.3,84,28.2,82.76,278.84
0,75.9,28.5,83.3,83.4,28.2,82.76,278.68
0,76.1,28.5,83.3,84,28.2,82.76,278.67
0,76,28.5,83.3,83.7,28.2,82.76,278.43
0,75.9,28.5,83.3,83.6,28.2,82.76,278.26
0,76,28.5,83.3,83.5,28.2,82.76,278.18
0,76,28.5,83.3,83.6,28.2,82.76,278.09
0,76,28.5,83.3,83.7,28.2,82.76,278.02
0,75.9,28.5,83.3,83.8,28.2,82.76,277.83
0,75.9,28.5,83.3,83.9,28.2,82.76,277.79
0,75.9,28.5,83.3,83.8,28.2,82.76,277.7
0,76.1,28.5,83.3,83.7,28.2,82.76,277.42
0,76.1,28.5,83.3,83.6,28.2,82.76,277.3
0,76.1,28.5,83.3,83.3,28.2,82.76,277.24
0,76.1,28.5,83.3,83.6,28.2,82.76,277.05
0,76.1,28.5,83.3,83,28.3,82.94,276.94
0,76,28.5,83.3,83.6,28.2,82.76,276.85
0,76.2,28.5,83.3,83.6,28.3,82.94,276.74
0,76.2,28.5,83.3,83.3,28.3,82.94,276.55
0,76.1,28.5,83.3,83.4,28.3,82.94,276.55
0,76.2,28.5,83.3,83.4,28.3,82.94,276.35
0,76.2,28.5,83.3,83.6,28.3,82.94,276.26
0,76.4,28.5,83.3,83.6,28.3,82.94,276.04
0,76.2,28.5,83.3,83,28.3,82.94,276.02
0,76.1,28.5,83.3,83.2,28.3,82.94,275.84
0,76.2,28.5,83.3,83.2,28.3,82.94,275.76
0,76.1,28.5,83.3,82.9,28.3,82.94,275.54
0,76.2,28.5,83.3,83.3,28.3,82.94,275.57
0,76.2,28.5,83.3,83,28.3,82.94,275.47
0,76.3,28.5,83.3,83,28.3,82.94,275.28
0,76.1,28.5,83.3,83.2,28.3,82.94,275.21
0,76.2,28.5,83.3,83,28.3,82.94,275.1
0,76.2,28.5,83.3,83,28.3,82.94,274.98
0,76.2,28.5,83.3,82.8,28.3,82.94,274.86
0,76.2,28.5,83.3,82.9,28.3,82.94,274.73
0,76.2,28.5,83.3,82.8,28.3,82.94,274.66
0,76.2,28.5,83.3,82.9,28.3,82.94,274.53
0,76.1,28.5,83.3,82.9,28.3,82.94,274.44
0,76.2,28.5,83.3,82.8,28.3,82.94,274.37
0,76.2,28.5,83.3,82.9,28.3,82.94,274.22
0,76.2,28.5,83.3,82.8,28.3,82.94,274.01
0,76.3,28.5,83.3,82.8,28.3,82.94,273.97
0,76.4,28.5,83.3,82.7,28.3,82.94,274.01
0,76.3,28.5,83.3,82.9,28.3,82.94,273.85
0,76.4,28.5,83.3,82.8,28.3,82.94,273.57
0,76.2,28.5,83.3,83,28.3,82.94,273.62
0,76.4,28.5,83.3,83,28.3,82.94,273.5
0,76.5,28.5,83.3,83.1,28.3,82.94,273.32
0,76.5,28.5,83.3,83,28.3,82.94,273.19
0,76.5,28.5,83.3,83.2,28.3,82.94,273.15
0,76.5,28.5,83.3,83.4,28.3,82.94,273.03
0,76.5,28.5,83.3,83.4,28.4,83.12,272.83
0,76.6,28.5,83.3,83.4,28.4,83.12,272.85
0,76.8,28.5,83.3,83.6,28.3,82.94,272.62
0,76.6,28.5,83.3,83.5,28.3,82.94,272.62
0,76.7,28.5,83.3,83.3,28.3,82.94,272.54
0,76.7,28.5,83.3,83.4,28.4,83.12,272.45
0,76.6,28.5,83.3,83.2,28.3,82.94,272.16
0,76.7,28.5,83.3,83.4,28.4,83.12,272.13
0,76.6,28.5,83.3,83.2,28.3,82.94,272.04
0,76.6,28.5,83.3,83.4,28.4,83.12,272
0,76.6,28.5,83.3,83.7,28.4,83.12,271.8
0,76.6,28.5,83.3,83.7,28.3,82.94,271.69
0,76.6,28.5,83.3,83.7,28.3,82.94,271.63
0,76.6,28.5,83.3,83.2,28.3,82.94,271.47
0,76.6,28.5,83.3,83.2,28.3,82.94,271.38
0,76.6,28.5,83.3,83.4,28.3,82.94,271.29
0,76.6,28.5,83.3,83.4,28.3,82.94,271.04
0,76.6,28.5,83.3,83.8,28.4,83.12,271.01
0,76.6,28.5,83.3,83.6,28.4,83.12,271.06
0,76.7,28.5,83.3,83.3,28.4,83.12,270.79
0,76.7,28.5,83.3,83.6,28.3,82.94,270.84
0,76.8,28.5,83.3,84.1,28.4,83.12,270.54
0,76.8,28.5,83.3,83.9,28.4,83.12,270.48
0,76.8,28.5,83.3,83.5,28.3,82.94,270.4
0,76.7,28.5,83.3,83.5,28.3,82.94,270.49
0,76.9,28.5,83.3,83.4,28.4,83.12,270.32
0,76.7,28.5,83.3,83.7,28.4,83.12,270.21
0,76.9,28.5,83.3,83.7,28.3,82.94,269.98
0,76.8,28.5,83.3,83.9,28.3,82.94,269.94
0,77,28.5,83.3,84,28.3,82.94,269.8
0,77.1,28.5,83.3,84.3,28.3,82.94,269.72
0,77.3,28.5,83.3,84.2,28.3,82.94,269.59
0,77.3,28.5,83.3,84,28.3,82.94,269.47
0,77.3,28.5,83.3,84,28.3,82.94,269.48
0,77.3,28.5,83.3,83.5,28.3,82.94,269.38
0,77.3,28.5,83.3,84,28.3,82.94,269.19
0,77.3,28.5,83.3,83.9,28.3,82.94,269.18
0,77.3,28.5,83.3,83.8,28.3,82.94,268.96
0,77.1,28.5,83.3,84,28.3,82.94,268.97
0,77.1,28.5,83.3,83.8,28.3,82.94,268.76
0,77.3,28.5,83.3,83.6,28.3,82.94,268.68
0,77.2,28.5,83.3,84.1,28.3,82.94,268.57
0,77.5,28.5,83.3,84,28.3,82.94,268.43
0,77.4,28.5,83.3,83.5,28.3,82.94,268.44
0,77.4,28.5,83.3,83.6,28.3,82.94,268.28
0,77.3,28.5,83.3,83.4,28.3,82.94,268.2
0,77.5,28.5,83.3,83.6,28.4,83.12,268.24
0,77.3,28.5,83.3,83.9,28.4,83.12,268.04
0,77.5,28.5,83.3,83.9,28.4,83.12,267.89
0,77.9,28.5,83.3,84.4,28.4,83.12,267.69
0,77.8,28.5,83.3,84.4,28.4,83.12,267.66
0,77.6,28.5,83.3,83.8,28.3,82.94,267.53
0,77.7,28.5,83.3,83.7,28.3,82.94,267.53
0,77.7,28.5,83.3,83.8,28.3,82.94,267.32
0,77.4,28.5,83.3,84.1,28.4,83.12,267.27
0,77.3,28.5,83.3,83.9,28.4,83.12,267.15
0,77.2,28.5,83.3,83.6,28.3,82.94,267.2
0,77.6,28.5,83.3,83.9,28.3,82.94,266.92
0,77.6,28.5,83.3,83.8,28.3,82.94,266.9
0,77.7,28.5,83.3,83.8,28.3,82.94,266.77
0,77.8,28.5,83.3,83.8,28.3,82.94,266.75
0,77.8,28.5,83.3,83.8,28.3,82.94,266.64
0,77.6,28.5,83.3,83.7,28.3,82.94,266.44
0,77.6,28.5,83.3,84.3,28.3,82.94,266.32
0,77.8,28.5,83.3,84.4,28.3,82.94,266.25
0,78,28.5,83.3,84.3,28.4,83.12,266.15
0,78,28.5,83.3,84.2,28.3,82.94,266.12
0,77.8,28.5,83.3,84.2,28.3,82.94,265.99
0,77.6,28.5,83.3,84.3,28.3,82.94,265.86
0,78,28.5,83.3,84.4,28.3,82.94,265.87
0,77.7,28.5,83.3,84.4,28.3,82.94,265.67
0,77.7,28.5,83.3,84.5,28.3,82.94,265.71
0,77.6,28.5,83.3,84.8,28.3,82.94,265.53
0,77.7,28.5,83.3,84.3,28.3,82.94,265.46
0,77.9,28.5,83.3,85,28.3,82.94,265.31
0,77.9,28.5,83.3,84.4,28.3,82.94,265.23
0,78.3,28.5,83.3,84.5,28.3,82.94,265.22
0,78.4,28.5,83.3,84.7,28.3,82.94,265.06
0,78.2,28.5,83.3,84.6,28.3,82.94,265.05
0,78.2,28.5,83.3,84.6,28.3,82.94,265
0,78.2,28.5,83.3,84.8,28.3,82.94,264.88
0,78.2,28.5,83.3,84.4,28.3,82.94,264.81
0,78.3,28.5,83.3,84.1,28.3,82.94,264.72
0,78.2,28.5,83.3,84.4,28.3,82.94,264.55
0,78.4,28.5,83.3,84.8,28.3,82.94,264.54
0,78.5,28.5,83.3,84.6,28.3,82.94,264.4
0,78.7,28.5,83.3,85,28.3,82.94,264.34
0,78.6,28.5,83.3,85.1,28.3,82.94,264.23
0,78.6,28.5,83.3,85.3,28.3,82.94,264.28
0,78.7,28.5,83.3,85.1,28.3,82.94,264.1
0,78.7,28.5,83.3,85,28.3,82.94,264.03
0,78.5,28.5,83.3,85,28.3,82.94,264.06
0,78.6,28.5,83.3,85,28.3,82.94,263.91
0,78.5,28.5,83.3,85.2,28.3,82.94,263.72
0,78.4,28.5,83.3,84.9,28.3,82.94,263.71
0,78.3,28.5,83.3,84.8,28.3,82.94,263.53
0,78.3,28.5,83.3,84.9,28.3,82.94,263.54
0,78.2,28.5,83.3,84.7,28.3,82.94,263.46
0,78.5,28.5,83.3,84.7,28.4,83.12,263.42
0,78.6,28.5,83.3,84.6,28.3,82.94,263.11
0,78.5,28.5,83.3,84.7,28.4,83.12,263.16
0,78.3,28.5,83.3,85,28.4,83.12,263.09
0,78.3,28.5,83.3,84.8,28.4,83.12,263.02
0,78.4,28.5,83.3,84.9,28.4,83.12,262.85
0,78.3,28.5,83.3,85,28.4,83.12,262.89
0,78.4,28.5,83.3,85,28.3,82.94,262.71
0,78.4,28.5,83.3,84.7,28.3,82.94,262.67
0,78.4,28.5,83.3,84.6,28.3,82.94,262.51
0,78.4,28.5,83.3,84.5,28.3,82.94,262.47
0,78.7,28.5,83.3,84.7,28.3,82.94,262.46
0,78.8,28.5,83.3,84.5,28.3,82.94,262.31
0,78.8,28.5,83.3,84.5,28.3,82.94,262.29
0,78.7,28.5,83.3,84.8,28.4,83.12,262.18
0,78.7,28.5,83.3,84.6,28.4,83.12,262.14
0,78.6,28.5,83.3,84.2,28.4,83.12,262.03
0,78.7,28.5,83.3,84.6,28.4,83.12,262.05
0,78.8,28.5,83.3,84.6,28.4,83.12,261.84
0,78.7,28.5,83.3,84.4,28.4,83.12,261.8
0,78.7,28.5,83.3,84.3,28.4,83.12,261.75
0,78.5,28.5,83.3,84.4,28.4,83.12,261.57
0,78.5,28.5,83.3,84.6,28.4,83.12,261.56
0,78.3,28.5,83.3,84.1,28.4,83.12,261.48
0,78.5,28.5,83.3,84.2,28.4,83.12,261.32
0,78.6,28.5,83.3,84.5,28.4,83.12,261.16
0,78.4,28.5,83.3,84.5,28.4,83.12,261.14
0,78.7,28.5,83.3,84.5,28.4,83.12,261.12
0,78.9,28.5,83.3,84.8,28.4,83.12,261.02
0,79,28.5,83.3,84.7,28.4,83.12,260.93
0,78.9,28.5,83.3,84.4,28.4,83.12,260.95
0,78.8,28.5,83.3,84.4,28.4,83.12,260.87
0,78.6,28.5,83.3,84.4,28.4,83.12,260.71
0,78.6,28.5,83.3,84.4,28.4,83.12,260.63
0,78.6,28.5,83.3,84.4,28.4,83.12,260.62
0,78.5,28.5,83.3,84.1,28.4,83.12,260.59
0,78.8,28.5,83.3,84.1,28.4,83.12,260.45
0,78.9,28.5,83.3,84.3,28.4,83.12,260.23
0,78.8,28.5,83.3,84.6,28.4,83.12,260.17
0,78.9,28.5,83.3,84.4,28.4,83.12,260.15
0,79,28.5,83.3,84.4,28.4,83.12,260.01
0,79,28.5,83.3,84.4,28.4,83.12,259.92
0,79,28.5,83.3,84.6,28.4,83.12,259.84
0,79.1,28.5,83.3,85.1,28.4,83.12,259.89
0,79.1,28.5,83.3,84.9,28.4,83.12,259.78
0,79.1,28.5,83.3,84.7,28.4,83.12,259.66
0,79,28.5,83.3,84.5,28.4,83.12,259.61
0,79,28.5,83.3,84.3,28.4,83.12,259.67
0,79,28.5,83.3,84.9,28.4,83.12,259.44
0,79,28.5,83.3,84.7,28.4,83.12,259.45
0,79.1,28.5,83.3,84.6,28.5,83.3,259.37
0,79,28.5,83.3,84.3,28.4,83.12,259.29
0,78.7,28.5,83.3,84.6,28.4,83.12,259.14
0,78.6,28.5,83.3,84.6,28.4,83.12,259.08
0,78.6,28.5,83.3,84.2,28.4,83.12,259.03
0,78.7,28.5,83.3,84.2,28.4,83.12,258.86
0,78.7,28.5,83.3,84.2,28.4,83.12,258.79
0,78.7,28.5,83.3,84.3,28.4,83.12,258.75
0,78.8,28.5,83.3,84,28.4,83.12,258.56
0,78.7,28.5,83.3,83.8,28.4,83.12,258.68
0,78.6,28.5,83.3,84.1,28.4,83.12,258.6
0,78.7,28.5,83.3,84.2,28.5,83.3,258.33
0,78.8,28.5,83.3,84.2,28.4,83.12,258.38
0,78.7,28.5,83.3,84.7,28.5,83.3,258.24
0,78.6,28.5,83.3,84.7,28.4,83.12,258.21
0,78.5,28.5,83.3,84.7,28.5,83.3,258.1
0,78.8,28.5,83.3,84.9,28.5,83.3,258
0,78.7,28.5,83.3,85.2,28.4,83.12,257.96
0,78.9,28.5,83.3,85,28.4,83.12,257.92
0,79,28.5,83.3,84.9,28.5,83.3,257.83
0,78.9,28.5,83.3,84.7,28.4,83.12,257.74
0,78.8,28.5,83.3,84.4,28.4,83.12,257.6
0,78.6,28.5,83.3,84.1,28.4,83.12,257.53
0,78.7,28.5,83.3,84,28.4,83.12,257.53
0,78.7,28.5,83.3,84.2,28.4,83.12,257.38
0,78.7,28.5,83.3,84,28.5,83.3,257.33
0,78.6,28.5,83.3,84.1,28.5,83.3,257.19
0,78.6,28.5,83.3,83.9,28.4,83.12,257.21
0,78.7,28.5,83.3,84.3,28.4,83.12,257.11
0,78.8,28.5,83.3,84.4,28.5,83.3,256.99
0,78.9,28.5,83.3,84.5,28.5,83.3,256.88
0,79,28.5,83.3,84.2,28.5,83.3,256.87
0,79,28.5,83.3,83.9,28.5,83.3,256.73
0,78.9,28.5,83.3,83.8,28.5,83.3,256.69
0,78.8,28.5,83.3,83.9,28.5,83.3,256.63
0,78.7,28.5,83.3,84.5,28.5,83.3,256.51
0,78.9,28.5,83.3,84.3,28.5,83.3,256.39
0,78.9,28.5,83.3,84.3,28.5,83.3,256.36
0,78.8,28.5,83.3,84.2,28.5,83.3,256.22
0,78.7,28.5,83.3,84,28.5,83.3,256.2
0,78.7,28.5,83.3,83.7,28.4,83.12,256.16
0,78.7,28.5,83.3,83.8,28.5,83.3,256.03
0,78.8,28.5,83.3,84.3,28.5,83.3,256
0,78.8,28.5,83.3,84.3,28.5,83.3,255.92
0,78.9,28.5,83.3,84.6,28.5,83.3,255.75
0,79,28.5,83.3,84.8,28.5,83.3,255.68
0,78.8,28.5,83.3,84.8,28.5,83.3,255.71
0,78.8,28.5,83.3,84.5,28.5,83.3,255.61
0,78.8,28.5,83.3,83.8,28.5,83.3,255.55
0,78.7,28.5,83.3,83.6,28.5,83.3,255.43
0,78.6,28.5,83.3,83.8,28.5,83.3,255.37
0,78.7,28.5,83.3,84.3,28.5,83.3,255.32
0,79,28.5,83.3,84.2,28.5,83.3,255.17
0,79,28.5,83.3,84.6,28.5,83.3,255.07
0,79,28.5,83.3,84.1,28.5,83.3,255
0,79.2,28.5,83.3,84.3,28.5,83.3,255
0,79.1,28.5,83.3,84.4,28.5,83.3,254.89
0,78.9,28.5,83.3,84.2,28.5,83.3,254.83
0,79,28.5,83.3,84.7,28.5,83.3,254.65
0,79,28.5,83.3,84.4,28.5,83.3,254.64
0,79.1,28.5,83.3,84.2,28.5,83.3,254.47
0,79,28.5,83.3,84,28.5,83.3,254.43
0,79,28.5,83.3,83.8,28.5,83.3,254.44
0,79,28.5,83.3,84.1,28.5,83.3,254.25
0,79.1,28.5,83.3,83.8,28.5,83.3,254.1
0,79.2,28.5,83.3,84.3,28.5,83.3,254.12
0,79,28.5,83.3,84.9,28.5,83.3,254.01
0,79.2,28.5,83.3,84.6,28.5,83.3,253.94
0,79.2,28.5,83.3,84.4,28.5,83.3,253.94
0,79.2,28.5,83.3,84.1,28.5,83.3,253.81
0,79.2,28.5,83.3,84,28.5,83.3,253.78
0,79.3,28.5,83.3,84.1,28.5,83.3,253.67
0,79.3,28.5,83.3,84.2,28.5,83.3,253.65
0,79.1,28.5,83.3,83.8,28.5,83.3,253.48
0,79.3,28.5,83.3,84,28.5,83.3,253.39
0,79.1,28.5,83.3,83.5,28.5,83.3,253.39
0,79.1,28.5,83.3,83.4,28.5,83.3,253.39
0,79.2,28.5,83.3,83.3,28.5,83.3,253.2
0,79.5,28.5,83.3,83.5,28.5,83.3,253.11
0,79.3,28.5,83.3,84.1,28.5,83.3,253.1
0,79.1,28.5,83.3,84,28.5,83.3,252.94
0,79.1,28.5,83.3,83.8,28.5,83.3,252.87
0,79,28.5,83.3,83.8,28.5,83.3,252.72
0,79,28.5,83.3,84.1,28.6,83.48,252.75
0,79.1,28.5,83.3,84.2,28.5,83.3,252.58
0,79.2,28.5,83.3,84.3,28.6,83.48,252.54
0,79.3,28.5,83.3,84.5,28.5,83.3,252.6
0,79.3,28.5,83.3,84.5,28.5,83.3,252.39
0,79.3,28.5,83.3,84.4,28.6,83.48,252.31
0,79.3,28.5,83.3,84.2,28.5,83.3,252.32
0,79.3,28.5,83.3,84,28.5,83.3,252.21
0,79.3,28.5,83.3,84.3,28.5,83.3,252.12
0,79.3,28.5,83.3,84.3,28.5,83.3,252.09
0,79.1,28.5,83.3,84.1,28.6,83.48,251.97
0,79.1,28.5,83.3,83.9,28.5,83.3,251.86
0,79.1,28.5,83.3,84.5,28.5,83.3,251.75
0,79.2,28.5,83.3,84.9,28.5,83.3,251.71
0,79.4,28.5,83.3,84.7,28.6,83.48,251.63
0,79.3,28.5,83.3,84.1,28.5,83.3,251.67
0,79.3,28.5,83.3,84.2,28.5,83.3,251.54
0,79,28.5,83.3,84.2,28.6,83.48,251.51
0,79.1,28.5,83.3,84.2,28.5,83.3,251.36
0,79.3,28.5,83.3,84.4,28.6,83.48,251.31
0,79.3,28.5,83.3,84.3,28.5,83.3,251.26
0,79.5,28.5,83.3,84.1,28.6,83.48,251.21
0,79.2,28.5,83.3,84.1,28.6,83.48,251.12
0,79.2,28.5,83.3,84.4,28.6,83.48,251
0,79.2,28.5,83.3,84.3,28.6,83.48,250.9
0,79.3,28.5,83.3,83.9,28.5,83.3,250.83
0,79.4,28.5,83.3,83.9,28.6,83.48,250.73
0,79.4,28.5,83.3,84,28.6,83.48,250.77
0,79.3,28.5,83.3,83.8,28.6,83.48,250.58
0,79.3,28.5,83.3,84.2,28.6,83.48,250.52
0,79.3,28.5,83.3,83.7,28.6,83.48,250.53
0,79.4,28.5,83.3,84.1,28.6,83.48,250.49
0,79.4,28.5,83.3,83.7,28.6,83.48,250.39
0,79.3,28.5,83.3,83.7,28.6,83.48,250.28
0,79.3,28.5,83.3,83.6,28.6,83.48,250.24
0,79.2,28.5,83.3,83.6,28.6,83.48,250.14
0,79.3,28.5,83.3,83.6,28.6,83.48,250.08
0,79.5,28.5,83.3,83.7,28.6,83.48,250.04
0,79.4,28.5,83.3,83.8,28.6,83.48,249.94
0,79.2,28.5,83.3,83.8,28.6,83.48,249.94
0,79.4,28.5,83.3,83.5,28.6,83.48,249.88
0,79.5,28.5,83.3,84,28.6,83.48,249.64
0,79.4,28.5,83.3,84.2,28.6,83.48,249.74
0,79.7,28.5,83.3,84.3,28.6,83.48,249.52
0,79.6,28.5,83.3,84.1,28.6,83.48,249.66
0,79.6,28.5,83.3,84,28.6,83.48,249.44
0,79.5,28.5,83.3,83.8,28.6,83.48,249.35
0,79.4,28.5,83.3,83.8,28.6,83.48,249.24
0,79.5,28.5,83.3,84.3,28.6,83.48,249.24
0,79.6,28.5,83.3,84.3,28.6,83.48,249.14
0,79.7,28.5,83.3,84.4,28.6,83.48,249.12
0,79.6,28.5,83.3,84.1,28.6,83.48,249.06
0,79.5,28.5,83.3,84.3,28.6,83.48,248.91
0,79.6,28.5,83.3,84.3,28.6,83.48,248.75
0,79.7,28.5,83.3,84.6,28.6,83.48,248.75
0,79.7,28.5,83.3,84.2,28.6,83.48,248.71
0,79.5,28.5,83.3,83.9,28.6,83.48,248.71
0,79.4,28.5,83.3,83.7,28.6,83.48,248.59
0,79.5,28.5,83.3,83.8,28.6,83.48,248.6
0,79.6,28.5,83.3,84.1,28.6,83.48,248.44
0,79.7,28.5,83.3,84.3,28.6,83.48,248.43
0,79.7,28.5,83.3,84.2,28.6,83.48,248.32
0,79.7,28.5,83.3,84.3,28.6,83.48,248.36
0,79.7,28.5,83.3,84.2,28.6,83.48,248.14
0,79.7,28.5,83.3,84,28.6,83.48,248.2
0,79.4,28.5,83.3,83.8,28.6,83.48,248.07
0,79.5,28.5,83.3,83.7,28.6,83.48,248.04
0,79.4,28.5,83.3,83.6,28.6,83.48,247.92
0,79.5,28.5,83.3,83.7,28.6,83.48,247.9
0,79.6,28.5,83.3,83.8,28.6,83.48,247.8
0,79.6,28.5,83.3,84.1,28.6,83.48,247.67
0,79.5,28.5,83.3,83.8,28.6,83.48,247.68
0,79.6,28.5,83.3,83.8,28.6,83.48,247.55
0,79.6,28.5,83.3,83.7,28.6,83.48,247.58
0,79.7,28.5,83.3,84.3,28.6,83.48,247.44
0,79.6,28.5,83.3,84.3,28.6,83.48,247.43
0,79.6,28.5,83.3,83.6,28.6,83.48,247.3
0,79.5,28.5,83.3,83.9,28.6,83.48,247.29
0,79.4,28.5,83.3,83.9,28.6,83.48,247.21
0,79.5,28.5,83.3,83.6,28.6,83.48,247.2
0,79.5,28.5,83.3,84,28.6,83.48,247.07
0,79.5,28.5,83.3,84.1,28.6,83.48,247.05
0,79.4,28.5,83.3,84.1,28.6,83.48,246.87
0,79.4,28.5,83.3,83.8,28.6,83.48,246.79
0,79.4,28.5,83.3,84,28.6,83.48,246.79
0,79.2,28.5,83.3,84,28.6,83.48,246.75
0,79.4,28.5,83.3,84,28.6,83.48,246.64
0,79.5,28.5,83.3,84,28.6,83.48,246.63
0,79.4,28.5,83.3,83.8,28.6,83.48,246.5
0,79.5,28.5,83.3,84,28.6,83.48,246.4
0,79.4,28.5,83.3,84.1,28.6,83.48,246.31
0,79.5,28.5,83.3,84,28.6,83.48,246.29
0,79.4,28.5,83.3,84,28.6,83.48,246.26
0,79.6,28.5,83.3,84,28.6,83.48,246.16
0,79.5,28.5,83.3,84,28.6,83.48,246.1
0,79.4,28.5,83.3,83.6,28.6,83.48,246.08
0,79.4,28.5,83.3,83.4,28.6,83.48,246.01
0,79.3,28.5,83.3,84,28.6,83.48,245.9
0,79.4,28.5,83.3,83.6,28.6,83.48,245.86
0,79.5,28.5,83.3,83.8,28.6,83.48,245.8
0,79.4,28.5,83.3,83.8,28.6,83.48,245.74
0,79.4,28.5,83.3,83.8,28.6,83.48,245.59
0,79.4,28.5,83.3,83.8,28.6,83.48,245.63
0,79.3,28.5,83.3,83.5,28.6,83.48,245.69
0,79.4,28.5,83.3,83.3,28.6,83.48,245.51
0,79.3,28.5,83.3,83.4,28.6,83.48,245.47
0,79.1,28.5,83.3,83.4,28.6,83.48,245.37
0,79.1,28.5,83.3,83,28.6,83.48,245.35
0,79.1,28.5,83.3,83.5,28.6,83.48,245.28
0,79.1,28.5,83.3,83.6,28.6,83.48,245.22
0,79.3,28.5,83.3,83.7,28.6,83.48,245.05
0,79.3,28.5,83.3,83.6,28.6,83.48,245.01
0,79.1,28.5,83.3,83.4,28.6,83.48,244.94
0,79.3,28.5,83.3,83.7,28.6,83.48,244.74
0,79.4,28.5,83.3,83.6,28.6,83.48,244.72
0,79.4,28.5,83.3,83.2,28.6,83.48,244.73
0,79.3,28.5,83.3,83.5,28.6,83.48,244.62
0,79.4,28.5,83.3,83.6,28.6,83.48,244.53
0,79.5,28.5,83.3,83.8,28.6,83.48,244.48
0,79.5,28.5,83.3,83.3,28.6,83.48,244.4
0,79.6,28.5,83.3,83.3,28.6,83.48,244.36
0,79.2,28.5,83.3,83.5,28.6,83.48,244.2
0,79.3,28.5,83.3,83.4,28.6,83.48,244.25
0,79.4,28.5,83.3,83,28.6,83.48,244.16
0,79.2,28.5,83.3,83.1,28.6,83.48,244.16
0,79.2,28.5,83.3,83.1,28.6,83.48,244.09
0,79.1,28.5,83.3,83.3,28.6,83.48,244
0,79.2,28.5,83.3,82.9,28.6,83.48,243.95
0,79,28.5,83.3,82.6,28.6,83.48,244
0,78.9,28.5,83.3,82.6,28.6,83.48,243.7
0,79,28.5,83.3,82.9,28.6,83.48,243.78
0,79.1,28.5,83.3,82.9,28.6,83.48,243.65
0,79.1,28.5,83.3,83.1,28.6,83.48,243.58
0,79,28.5,83.3,82.9,28.6,83.48,243.49
0,79,28.5,83.3,83,28.6,83.48,243.43
0,79.2,28.5,83.3,83.5,28.7,83.66,243.31
0,79.2,28.5,83.3,83.5,28.6,83.48,243.29
0,79.2,28.5,83.3,83.6,28.6,83.48,243.27
0,79.3,28.5,83.3,82.9,28.7,83.66,243.21
0,79.4,28.5,83.3,83,28.7,83.66,243.25
0,79.4,28.5,83.3,82.6,28.6,83.48,243.07
0,79.3,28.5,83.3,82.8,28.6,83.48,243.07
0,79.4,28.5,83.3,82.8,28.7,83.66,242.98
0,79.3,28.5,83.3,83,28.7,83.66,242.82
0,79.1,28.5,83.3,82.8,28.7,83.66,242.65
0,79.2,28.5,83.3,82.5,28.7,83.66,242.53
0,79.1,28.5,83.3,83,28.7,83.66,242.64
0,79.3,28.5,83.3,82.8,28.7,83.66,242.52
0,79.1,28.5,83.3,83.4,28.7,83.66,242.37
0,79.1,28.5,83.3,83.3,28.7,83.66,242.38
0,79.3,28.5,83.3,83.2,28.7,83.66,242.24
0,79.1,28.5,83.3,83,28.7,83.66,242.24
0,79.2,28.5,83.3,83.1,28.7,83.66,242.17
0,79.2,28.5,83.3,83,28.7,83.66,242.12
0,79.1,28.5,83.3,82.9,28.6,83.48,242.02
0,79.2,28.5,83.3,83.1,28.7,83.66,241.9
0,79.4,28.5,83.3,82.8,28.7,83.66,241.75
0,79.3,28.5,83.3,83,28.7,83.66,241.7
0,79.3,28.5,83.3,83,28.7,83.66,241.77
0,79.3,28.5,83.3,83.3,28.7,83.66,241.62
0,79.3,28.5,83.3,82.9,28.7,83.66,241.57
0,79.4,28.5,83.3,83.1,28.7,83.66,241.57
0,79.3,28.5,83.3,83.1,28.6,83.48,241.41
0,79.5,28.5,83.3,83,28.7,83.66,241.34
0,79.4,28.5,83.3,83.4,28.7,83.66,241.33
0,79.4,28.5,83.3,83.7,28.7,83.66,241.22
0,79.5,28.5,83.3,83,28.7,83.66,241.15
0,79.5,28.5,83.3,83.6,28.7,83.66,241.06
0,79.4,28.5,83.3,83.2,28.7,83.66,241.12
0,79.3,28.5,83.3,83.4,28.7,83.66,241.07
0,79.4,28.5,83.3,83.4,28.7,83.66,240.93
0,79.5,28.5,83.3,83.4,28.7,83.66,240.77
0,79.6,28.5,83.3,83.3,28.7,83.66,240.73
0,79.6,28.5,83.3,83.5,28.7,83.66,240.67
0,79.6,28.5,83.3,83.3,28.7,83.66,240.63
0,79.5,28.5,83.3,83.4,28.7,83.66,240.57
0,79.3,28.5,83.3,83.4,28.7,83.66,240.39
0,79.4,28.5,83.3,83.1,28.7,83.66,240.41
0,79.5,28.5,83.3,83.4,28.7,83.66,240.36
0,79.5,28.5,83.3,83.4,28.7,83.66,240.28
0,79.6,28.5,83.3,83.2,28.7,83.66,240.23
0,79.6,28.5,83.3,83.4,28.7,83.66,240.18
0,79.6,28.5,83.3,83.4,28.7,83.66,240.05
0,79.7,28.5,83.3,83.3,28.7,83.66,240.09
0,79.6,28.5,83.3,83.5,28.7,83.66,240.02
0,79.7,28.5,83.3,83.6,28.7,83.66,239.89
0,79.7,28.5,83.3,83.6,28.7,83.66,239.92
0,79.5,28.5,83.3,83.6,28.7,83.66,239.72
0,79.7,28.5,83.3,83.6,28.7,83.66,239.71
0,79.6,28.5,83.3,83.4,28.7,83.66,239.65
0,79.7,28.5,83.3,83.7,28.7,83.66,239.6
0,79.7,28.5,83.3,83.9,28.7,83.66,239.54
0,79.8,28.5,83.3,83.8,28.7,83.66,239.48
0,79.8,28.5,83.3,83.5,28.7,83.66,239.5
0,79.7,28.5,83.3,83,28.7,83.66,239.32
0,79.7,28.5,83.3,83.1,28.7,83.66,239.37
0,79.8,28.5,83.3,83.4,28.7,83.66,239.31
0,79.8,28.5,83.3,83.5,28.7,83.66,239.26
0,79.8,28.5,83.3,83.4,28.7,83.66,239.16
0,79.9,28.5,83.3,83.2,28.7,83.66,239.05
0,79.7,28.5,83.3,83,28.7,83.66,238.98
0,79.7,28.5,83.3,83.2,28.7,83.66,238.84
0,79.9,28.5,83.3,83,28.7,83.66,238.87
0,79.7,28.5,83.3,83.4,28.7,83.66,238.86
0,79.8,28.5,83.3,83.4,28.7,83.66,238.79
0,79.8,28.5,83.3,83.4,28.7,83.66,238.63
0,79.9,28.5,83.3,83.7,28.7,83.66,238.61
0,80,28.5,83.3,83.6,28.7,83.66,238.6
0,79.8,28.5,83.3,83.4,28.7,83.66,238.51
0,79.7,28.5,83.3,83,28.7,83.66,238.39
0,79.7,28.5,83.3,83.2,28.7,83.66,238.39
0,79.7,28.5,83.3,83.3,28.7,83.66,238.28
0,79.9,28.5,83.3,83.1,28.7,83.66,238.25
0,79.8,28.5,83.3,83.4,28.7,83.66,238.2
0,79.7,28.5,83.3,83.4,28.7,83.66,238.18
0,79.9,28.5,83.3,83.7,28.7,83.66,238.1
0,79.8,28.5,83.3,83.3,28.7,83.66,238.06
0,79.8,28.5,83.3,83.9,28.7,83.66,237.96
0,79.7,28.5,83.3,83.6,28.7,83.66,237.93
0,79.8,28.5,83.3,83.4,28.7,83.66,237.96
0,79.8,28.5,83.3,83.6,28.7,83.66,237.86
0,79.9,28.5,83.3,83.6,28.7,83.66,237.75
0,79.8,28.5,83.3,83.5,28.7,83.66,237.72
0,80,28.5,83.3,83.5,28.7,83.66,237.74
0,79.7,28.5,83.3,83.3,28.7,83.66,237.55
0,79.7,28.5,83.3,83.5,28.7,83.66,237.62
0,79.8,28.5,83.3,83.3,28.7,83.66,237.55
0,79.8,28.5,83.3,83.3,28.7,83.66,237.47
0,79.6,28.5,83.3,83.1,28.7,83.66,237.36
0,79.7,28.5,83.3,83.5,28.7,83.66,237.38
0,79.9,28.5,83.3,83.5,28.7,83.66,237.3
0,79.7,28.5,83.3,83.7,28.7,83.66,237.38
0,79.7,28.5,83.3,83.1,28.7,83.66,237.21
0,79.6,28.5,83.3,83.1,28.7,83.66,237.18
0,79.5,28.5,83.3,83.1,28.7,83.66,237.1
0,79.6,28.5,83.3,82.9,28.7,83.66,237.05
0,79.5,28.5,83.3,83,28.7,83.66,237.04
0,79.7,28.5,83.3,83.4,28.7,83.66,236.94
0,79.8,28.5,83.3,83.6,28.7,83.66,236.94
0,80,28.5,83.3,83.4,28.7,83.66,236.81
0,79.9,28.5,83.3,83.4,28.7,83.66,236.67
0,79.8,28.5,83.3,83.4,28.7,83.66,236.73
0,79.7,28.5,83.3,83.3,28.7,83.66,236.57
0,79.8,28.5,83.3,83.5,28.7,83.66,236.55
0,79.7,28.5,83.3,83.3,28.7,83.66,236.49
0,79.8,28.5,83.3,83.2,28.7,83.66,236.44
0,79.9,28.5,83.3,83.4,28.7,83.66,236.41
0,79.9,28.5,83.3,83.3,28.7,83.66,236.37
0,79.8,28.5,83.3,83.3,28.7,83.66,236.3
0,79.8,28.5,83.3,82.9,28.7,83.66,236.29
0,79.7,28.5,83.3,83.1,28.7,83.66,236.21
0,79.5,28.5,83.3,82.5,28.7,83.66,236.15
0,79.6,28.5,83.3,82.7,28.7,83.66,236.08
0,79.6,28.5,83.3,82.8,28.7,83.66,236.2
0,79.5,28.5,83.3,82.7,28.7,83.66,235.97
0,79.5,28.5,83.3,82.8,28.7,83.66,236.06
0,79.5,28.5,83.3,82.6,28.7,83.66,235.98
0,79.4,28.5,83.3,82.2,28.7,83.66,235.83
0,79.4,28.5,83.3,82.8,28.7,83.66,235.83
0,79.4,28.5,83.3,82.8,28.7,83.66,235.67
0,79.5,28.5,83.3,82.9,28.7,83.66,235.71
0,79.4,28.5,83.3,82.8,28.7,83.66,235.59
0,79.5,28.5,83.3,82.8,28.7,83.66,235.66
0,79.5,28.5,83.3,82.9,28.7,83.66,235.64
0,79.4,28.5,83.3,82.9,28.7,83.66,235.39
0,79.4,28.5,83.3,82.7,28.7,83.66,235.39
0,79.4,28.5,83.3,82.9,28.7,83.66,235.43
0,79.4,28.5,83.3,82.8,28.7,83.66,235.28
0,79.3,28.5,83.3,82.8,28.7,83.66,235.3
0,79.3,28.5,83.3,82.4,28.7,83.66,235.18
0,79.3,28.5,83.3,82.5,28.7,83.66,235.15
0,79.2,28.5,83.3,82.6,28.7,83.66,235.04
0,79.3,28.5,83.3,82.6,28.7,83.66,234.99
0,79.3,28.4,83.12,82.6,28.7,83.66,234.96
0,79.4,28.5,83.3,82.6,28.8,83.84,234.91
0,79.3,28.4,83.12,82.6,28.7,83.66,234.88
0,79.3,28.5,83.3,82.5,28.8,83.84,234.8
0,79.2,28.5,83.3,82.3,28.7,83.66,234.75
0,79.2,28.4,83.12,82.3,28.7,83.66,234.69
0,79.1,28.4,83.12,82.1,28.7,83.66,234.52
0,79.1,28.5,83.3,82.1,28.7,83.66,234.53
0,79.1,28.5,83.3,82.5,28.8,83.84,234.55
0,79.2,28.5,83.3,82.5,28.8,83.84,234.44
0,79.1,28.5,83.3,82.3,28.8,83.84,234.38
0,79.1,28.5,83.3,82.5,28.8,83.84,234.35
0,79.1,28.4,83.12,82.2,28.7,83.66,234.27
0,79.1,28.4,83.12,82.1,28.8,83.84,234.23
0,79,28.5,83.3,82,28.8,83.84,234.08
0,79,28.4,83.12,81.9,28.7,83.66,234.15
0,79,28.5,83.3,81.9,28.7,83.66,234.05
0,79,28.4,83.12,81.8,28.8,83.84,233.89
0,79.3,28.4,83.12,82.1,28.8,83.84,233.82
0,79.1,28.4,83.12,81.8,28.7,83.66,233.83
0,79,28.4,83.12,82,28.7,83.66,233.78
0,79.1,28.4,83.12,81.6,28.8,83.84,233.81
0,78.9,28.4,83.12,82.1,28.8,83.84,233.71
0,79,28.4,83.12,81.8,28.8,83.84,233.56
0,79.1,28.4,83.12,82.1,28.8,83.84,233.5
0,79.1,28.4,83.12,82.2,28.8,83.84,233.46
0,79.2,28.4,83.12,82,28.8,83.84,233.4
0,79,28.4,83.12,82.1,28.8,83.84,233.42
0,79,28.4,83.12,81.7,28.8,83.84,233.28
0,79.1,28.4,83.12,82,28.8,83.84,233.31
0,79.1,28.4,83.12,81.8,28.8,83.84,233.27
0,79.1,28.4,83.12,82,28.8,83.84,233.13
0,79.1,28.4,83.12,81.9,28.8,83.84,233.11
0,79.1,28.4,83.12,82,28.8,83.84,232.94
0,79,28.4,83.12,81.9,28.8,83.84,232.91
0,79,28.4,83.12,81.7,28.8,83.84,232.84
0,79.1,28.4,83.12,81.9,28.8,83.84,232.79
0,79,28.4,83.12,81.6,28.8,83.84,232.68
0,79.1,28.4,83.12,81.9,28.8,83.84,232.66
0,79.2,28.4,83.12,82.2,28.8,83.84,232.62
0,79.2,28.4,83.12,82.1,28.8,83.84,232.64
0,79.1,28.4,83.12,82,28.8,83.84,232.41
0,79.2,28.4,83.12,82.1,28.8,83.84,232.47
0,79.1,28.4,83.12,81.7,28.8,83.84,232.41
0,79,28.4,83.12,81.8,28.8,83.84,232.42
0,79,28.4,83.12,81.8,28.8,83.84,232.29
0,79.1,28.4,83.12,81.8,28.8,83.84,232.26
0,79,28.4,83.12,81.9,28.8,83.84,232.25
0,79.2,28.4,83.12,81.8,28.8,83.84,232.1
0,79.1,28.4,83.12,81.9,28.8,83.84,232.18
0,79,28.4,83.12,81.7,28.8,83.84,232.15
0,79.1,28.4,83.12,81.8,28.8,83.84,231.99
0,79.1,28.4,83.12,81.7,28.8,83.84,231.86
0,79.1,28.4,83.12,81.6,28.8,83.84,231.93
0,79.1,28.4,83.12,81.6,28.8,83.84,231.81
0,79,28.4,83.12,81.5,28.8,83.84,231.71
0,79,28.4,83.12,81.3,28.8,83.84,231.72
0,78.9,28.4,83.12,81.3,28.8,83.84,231.65
0,79,28.4,83.12,81.1,28.8,83.84,231.68
0,78.9,28.4,83.12,81.2,28.8,83.84,231.73
0,78.9,28.4,83.12,81.2,28.8,83.84,231.51
0,78.9,28.3,82.94,81.1,28.8,83.84,231.41
0,78.9,28.4,83.12,81,28.8,83.84,231.36
0,78.8,28.4,83.12,80.9,28.8,83.84,231.4
0,78.8,28.3,82.94,81.1,28.8,83.84,231.31
0,78.9,28.4,83.12,81,28.8,83.84,231.29
0,78.7,28.3,82.94,81.1,28.8,83.84,231.13
0,78.8,28.3,82.94,80.9,28.8,83.84,231.2
0,78.8,28.3,82.94,80.9,28.8,83.84,231.08
0,78.7,28.3,82.94,81,28.8,83.84,231
0,78.7,28.3,82.94,80.9,28.8,83.84,230.97
0,78.7,28.3,82.94,81.1,28.7,83.66,230.94
0,78.6,28.3,82.94,81,28.7,83.66,230.79
0,78.4,28.3,82.94,81,28.7,83.66,230.8
0,78.3,28.4,83.12,80.9,28.7,83.66,230.79
0,78.4,28.3,82.94,80.8,28.7,83.66,230.72
0,78.4,28.3,82.94,80.9,28.7,83.66,230.67
0,78.3,28.3,82.94,80.8,28.7,83.66,230.58
0,78.4,28.3,82.94,80.8,28.7,83.66,230.49
0,78.3,28.3,82.94,80.8,28.7,83.66,230.44
0,78.3,28.3,82.94,80.6,28.7,83.66,230.39
0,78.4,28.3,82.94,80.6,28.7,83.66,230.37
0,78.3,28.3,82.94,80.7,28.7,83.66,230.22
0,78.3,28.3,82.94,80.8,28.7,83.66,230.13
0,78.4,28.3,82.94,80.8,28.7,83.66,230.14
0,78.3,28.3,82.94,80.6,28.7,83.66,230.16
0,78.3,28.3,82.94,80.6,28.7,83.66,230.09
0,78.3,28.3,82.94,80.5,28.7,83.66,230.03
0,78.1,28.3,82.94,80.4,28.7,83.66,230.11
0,78.1,28.3,82.94,80.5,28.7,83.66,229.82
0,78.2,28.3,82.94,80.4,28.7,83.66,229.92
0,78.2,28.3,82.94,80.4,28.7,83.66,229.75
0,78.1,28.3,82.94,80.4,28.7,83.66,229.78
0,78.2,28.3,82.94,80.4,28.7,83.66,229.68
0,78,28.3,82.94,80.2,28.7,83.66,229.64
0,78.1,28.3,82.94,80.3,28.7,83.66,229.57
0,78,28.3,82.94,80.2,28.7,83.66,229.46
0,78.1,28.3,82.94,80.1,28.7,83.66,229.45
0,78,28.3,82.94,80,28.7,83.66,229.36
0,78.1,28.3,82.94,79.9,28.7,83.66,229.34
0,78.1,28.3,82.94,80,28.7,83.66,229.23
0,78.1,28.3,82.94,80,28.7,83.66,229.21
0,78,28.3,82.94,80.1,28.7,83.66,229.15
0,78.1,28.3,82.94,79.9,28.7,83.66,229.07
0,78,28.3,82.94,79.8,28.7,83.66,228.97
0,78,28.3,82.94,80,28.7,83.66,228.92
0,78,28.3,82.94,79.9,28.7,83.66,228.92
0,78,28.3,82.94,80,28.7,83.66,228.8
0,78,28.3,82.94,79.9,28.7,83.66,228.72
0,77.9,28.3,82.94,79.9,28.7,83.66,228.78
0,77.9,28.3,82.94,80.1,28.7,83.66,228.63
0,78,28.3,82.94,80,28.7,83.66,228.61
0,77.9,28.3,82.94,80.1,28.7,83.66,228.56
0,77.7,28.3,82.94,80,28.7,83.66,228.54
0,77.9,28.3,82.94,80,28.7,83.66,228.42
0,77.7,28.3,82.94,79.9,28.7,83.66,228.41
0,77.8,28.3,82.94,79.7,28.7,83.66,228.29
0,77.7,28.3,82.94,80,28.7,83.66,228.24
0,77.6,28.3,82.94,80,28.7,83.66,228.15
0,77.5,28.3,82.94,79.9,28.7,83.66,228.07
0,77.5,28.3,82.94,79.9,28.7,83.66,228
0,77.5,28.3,82.94,79.9,28.7,83.66,228.02
0,77.5,28.3,82.94,80,28.7,83.66,228.07
0,77.5,28.3,82.94,80,28.7,83.66,227.89
0,77.6,28.3,82.94,79.9,28.7,83.66,227.85
0,77.5,28.3,82.94,80,28.7,83.66,227.64
0,77.6,28.3,82.94,79.9,28.7,83.66,227.8
0,77.4,28.3,82.94,79.9,28.7,83.66,227.58
0,77.5,28.3,82.94,80,28.7,83.66,227.6
0,77.6,28.3,82.94,79.8,28.7,83.66,227.46
0,77.6,28.3,82.94,79.6,28.7,83.66,227.47
0,77.7,28.3,82.94,79.9,28.7,83.66,227.39
0,77.8,28.3,82.94,79.8,28.7,83.66,227.33
0,77.8,28.3,82.94,80,28.7,83.66,227.28
0,77.7,28.3,82.94,80.1,28.7,83.66,227.18
0,77.9,28.3,82.94,79.9,28.7,83.66,227.24
0,77.9,28.3,82.94,80.1,28.7,83.66,227.17
0,77.9,28.3,82.94,79.9,28.7,83.66,227.03
0,77.9,28.3,82.94,80,28.7,83.66,226.94
0,77.9,28.3,82.94,80.4,28.7,83.66,226.89
0,78,28.3,82.94,80.1,28.8,83.84,226.9
0,78,28.3,82.94,80.1,28.7,83.66,226.82
0,78,28.3,82.94,80.3,28.7,83.66,226.68
0,78.1,28.3,82.94,80.2,28.7,83.66,226.66
0,78.1,28.3,82.94,80.2,28.7,83.66,226.54
0,78.2,28.3,82.94,80.1,28.7,83.66,226.57
0,78.1,28.3,82.94,80.1,28.7,83.66,226.6
0,78.2,28.3,82.94,79.9,28.7,83.66,226.57
0,78.2,28.3,82.94,79.8,28.7,83.66,226.53
0,78.1,28.3,82.94,79.8,28.7,83.66,226.42
0,78.2,28.3,82.94,79.7,28.7,83.66,226.4
0,78.1,28.3,82.94,79.6,28.8,83.84,226.37
0,78.1,28.3,82.94,79.5,28.8,83.84,226.33
0,78.2,28.3,82.94,79.6,28.7,83.66,226.11
0,78,28.3,82.94,79.5,28.7,83.66,226.24
0,78.2,28.3,82.94,79.4,28.7,83.66,226.12
0,78.1,28.3,82.94,79.3,28.7,83.66,226.13
0,78,28.3,82.94,79.3,28.7,83.66,226.02
0,78.1,28.3,82.94,79.2,28.7,83.66,225.98
0,77.9,28.3,82.94,79.1,28.7,83.66,226.01
0,78,28.3,82.94,79,28.7,83.66,225.87
0,77.9,28.3,82.94,79.2,28.7,83.66,225.88
0,77.8,28.3,82.94,79.1,28.7,83.66,225.96
0,77.7,28.3,82.94,78.9,28.7,83.66,225.8
0,77.6,28.3,82.94,78.9,28.7,83.66,225.79
0,77.6,28.3,82.94,79.1,28.7,83.66,225.76
0,77.5,28.3,82.94,78.9,28.7,83.66,225.72
0,77.4,28.3,82.94,79,28.7,83.66,225.56
0,77.4,28.2,82.76,78.8,28.7,83.66,225.51
0,77.3,28.2,82.76,78.7,28.7,83.66,225.58
0,77.4,28.2,82.76,78.8,28.7,83.66,225.58
0,77.2,28.3,82.94,78.7,28.7,83.66,225.53
0,77.2,28.2,82.76,78.8,28.7,83.66,225.43
0,77.2,28.2,82.76,78.7,28.7,83.66,225.32
0,77.2,28.2,82.76,78.6,28.7,83.66,225.33
0,77.1,28.2,82.76,78.6,28.7,83.66,225.28
0,77.2,28.2,82.76,78.7,28.7,83.66,225.17
0,77,28.2,82.76,78.6,28.7,83.66,225.12
0,77.1,28.2,82.76,78.4,28.7,83.66,225.21
0,77.3,28.2,82.76,78.4,28.7,83.66,225.05
0,77.2,28.2,82.76,78.4,28.7,83.66,225.06
0,77.1,28.2,82.76,78.5,28.7,83.66,225.02
0,77,28.2,82.76,78.3,28.7,83.66,224.96
0,77,28.2,82.76,78.3,28.7,83.66,224.86
0,76.9,28.2,82.76,78.4,28.7,83.66,224.9
0,77,28.2,82.76,78.5,28.7,83.66,224.78
0,77,28.2,82.76,78.5,28.7,83.66,224.67
0,77.1,28.2,82.76,78.3,28.7,83.66,224.58
0,77,28.1,82.58,78.2,28.7,83.66,224.66
0,76.9,28.1,82.58,78.2,28.7,83.66,224.58
0,77,28.2,82.76,78.2,28.7,83.66,224.4
0,76.9,28.2,82.76,78.2,28.7,83.66,224.42
0,77,28.2,82.76,78.1,28.7,83.66,224.34
0,76.8,28.1,82.58,78,28.7,83.66,224.33
0,76.8,28.1,82.58,78.1,28.7,83.66,224.29
0,76.8,28.2,82.76,77.8,28.7,83.66,224.35
0,76.8,28.2,82.76,77.7,28.7,83.66,224.26
0,76.8,28.1,82.58,77.8,28.7,83.66,224.29
0,76.7,28.2,82.76,77.6,28.7,83.66,224.1
0,76.6,28.2,82.76,77.5,28.7,83.66,224.04
0,76.6,28.2,82.76,77.6,28.7,83.66,224.01
0,76.6,28.2,82.76,77.5,28.7,83.66,223.93
0,76.6,28.1,82.58,77.5,28.7,83.66,223.89
0,76.7,28.1,82.58,77.4,28.7,83.66,223.78
0,76.6,28.2,82.76,77.4,28.7,83.66,223.81
0,76.5,28.1,82.58,77.2,28.7,83.66,223.68
0,76.5,28.1,82.58,77.3,28.7,83.66,223.68
0,76.4,28.1,82.58,77.2,28.7,83.66,223.66
0,76.4,28.1,82.58,77.3,28.7,83.66,223.55
0,76.4,28.1,82.58,77.3,28.7,83.66,223.54
0,76.2,28.1,82.58,77.3,28.7,83.66,223.58
0,76.2,28.1,82.58,77.2,28.7,83.66,223.54
0,76.3,28.1,82.58,77.1,28.7,83.66,223.29
0,76.2,28.1,82.58,76.9,28.8,83.84,223.26
0,76.1,28.1,82.58,76.8,28.7,83.66,223.03
0,76.1,28.1,82.58,76.7,28.7,83.66,223.12
0,75.9,28.1,82.58,76.5,28.7,83.66,223
0,75.9,28.1,82.58,76.4,28.7,83.66,223.05
0,76,28.1,82.58,76.4,28.7,83.66,223.05
0,75.8,28.1,82.58,76.3,28.7,83.66,222.89
0,75.8,28.1,82.58,76.3,28.7,83.66,222.86
0,75.8,28.1,82.58,76.3,28.7,83.66,222.71
0,75.9,28.1,82.58,76.2,28.7,83.66,222.68
0,75.8,28.1,82.58,76.2,28.8,83.84,222.55
0,75.7,28.1,82.58,76.2,28.8,83.84,222.65
0,75.8,28.1,82.58,76.2,28.8,83.84,222.54
0,75.9,28.1,82.58,76.1,28.7,83.66,222.43
0,75.8,28.1,82.58,76.3,28.8,83.84,222.37
0,75.9,28.1,82.58,76.2,28.8,83.84,222.38
0,75.8,28.1,82.58,76.2,28.8,83.84,222.23
0,75.9,28.1,82.58,76.2,28.8,83.84,222.16
0,75.9,28.1,82.58,76.1,28.7,83.66,222.05
0,75.9,28.1,82.58,76.2,28.8,83.84,221.97
0,75.9,28.1,82.58,76.1,28.8,83.84,221.88
0,75.9,28.1,82.58,76.1,28.8,83.84,221.95
0,75.9,28.1,82.58,76.1,28.8,83.84,221.73
0,76,28.1,82.58,76.1,28.8,83.84,221.71
0,76,28.1,82.58,76.1,28.8,83.84,221.72
0,76,28.1,82.58,76,28.8,83.84,221.54
0,75.9,28.1,82.58,76.1,28.8,83.84,221.55
0,76,28.1,82.58,76.2,28.8,83.84,221.45
0,75.9,28.1,82.58,76.2,28.8,83.84,221.34
0,75.8,28.1,82.58,76,28.8,83.84,221.44
0,75.9,28.1,82.58,76,28.8,83.84,221.32
0,76,28.1,82.58,76.1,28.8,83.84,221.35
0,76,28.1,82.58,76,28.8,83.84,221.15
0,76,28.1,82.58,75.9,28.8,83.84,221.21
0,76,28.1,82.58,75.9,28.8,83.84,221.13
0,75.9,28.1,82.58,75.9,28.8,83.84,221.08
0,75.8,28.1,82.58,75.7,28.8,83.84,220.97
0,75.7,28.1,82.58,75.5,28.8,83.84,220.94
0,75.9,28.1,82.58,75.5,28.8,83.84,220.95
0,75.5,28.1,82.58,75.5,28.8,83.84,220.85
0,75.5,28.1,82.58,75.4,28.8,83.84,220.79
0,75.5,28.1,82.58,75.3,28.8,83.84,220.89
0,75.5,28.1,82.58,75.2,28.8,83.84,220.77
0,75.2,28.1,82.58,75.1,28.8,83.84,220.69
0,75.4,28.1,82.58,75,28.8,83.84,220.67
0,75.2,28,82.4,74.9,28.8,83.84,220.57
0,75.3,28.1,82.58,74.9,28.8,83.84,220.5
0,75.2,28,82.4,74.9,28.8,83.84,220.48
0,75.2,28,82.4,74.8,28.8,83.84,220.42
0,75,28.1,82.58,74.7,28.8,83.84,220.34
0,75,28.1,82.58,74.7,28.8,83.84,220.41
0,74.9,28,82.4,74.7,28.8,83.84,220.21
0,75,28,82.4,74.6,28.8,83.84,220.23
0,75,28,82.4,74.6,28.8,83.84,220.13
0,75,28,82.4,74.6,28.8,83.84,220.16
0,75,28,82.4,74.6,28.8,83.84,219.98
0,74.9,28,82.4,74.5,28.8,83.84,219.96
0,74.8,28,82.4,74.5,28.8,83.84,219.89
0,74.8,28,82.4,74.5,28.8,83.84,219.86
0,74.8,28,82.4,74.5,28.8,83.84,219.83
0,74.9,28,82.4,74.4,28.8,83.84,219.75
0,74.7,28,82.4,74.4,28.8,83.84,219.78
0,74.6,28,82.4,74.3,28.8,83.84,219.68
0,74.7,28,82.4,74.2,28.8,83.84,219.71
0,74.4,28,82.4,74.2,28.8,83.84,219.51
0,74.4,28,82.4,74.2,28.8,83.84,219.51
0,74.3,28,82.4,74,28.8,83.84,219.52
0,74.6,28,82.4,74.2,28.8,83.84,219.46
0,74.7,28,82.4,74.2,28.8,83.84,219.38
0,74.6,28,82.4,74.2,28.8,83.84,219.4
0,74.8,28,82.4,74.2,28.8,83.84,219.22
0,74.8,28,82.4,74.2,28.8,83.84,219.24
0,74.7,28,82.4,74.3,28.8,83.84,219.11
0,74.7,28,82.4,74.2,28.8,83.84,219.04
0,74.8,28,82.4,74.2,28.8,83.84,218.99
0,74.8,28,82.4,74.1,28.8,83.84,219.02
0,74.8,28,82.4,74.2,28.8,83.84,218.87
0,74.7,28,82.4,74.2,28.8,83.84,218.79
0,74.8,28,82.4,74.1,28.8,83.84,218.74
0,75,28,82.4,74.4,28.8,83.84,225.1
0,75.2,28,82.4,74.5,28.8,83.84,224.8
