1,cef4ae98-85a9-43ae-9e2e-1646072c87c1,57.4,31.2,58.9,31.4,0.14,16.0
0,cef4ae98-85a9-43ae-9e2e-1646072c87c1,57.6,31.1,-1.0,-1.0,184.82,215.0
1,cef4ae98-85a9-43ae-9e2e-1646072c87c1,57.6,31.1,68.2,31.3,265.03,137.5
0,cef4ae98-85a9-43ae-9e2e-1646072c87c1,57.0,31.1,-1.0,-1.0,184.27,292.25
1,cef4ae98-85a9-43ae-9e2e-1646072c87c1,57.0,31.1,64.6,31.0,265.92,174.625
0,cef4ae98-85a9-43ae-9e2e-1646072c87c1,57.1,31.1,-1.0,-1.0,170.76,310.8125
1,cef4ae98-85a9-43ae-9e2e-1646072c87c1,57.1,31.1,66.6,30.6,267.29,191.90625
0,cef4ae98-85a9-43ae-9e2e-1646072c87c1,57.4,31.1,74.1,29.5,176.85,322.953125
1,cef4ae98-85a9-43ae-9e2e-1646072c87c1,57.4,31.1,66.1,30.2,266.12,196.9765625
0,cef4ae98-85a9-43ae-9e2e-1646072c87c1,57.3,31.1,74.7,29.1,179.89,325.98828125
1,cef4ae98-85a9-43ae-9e2e-1646072c87c1,57.3,31.1,67.9,29.8,265.78,197.994140625
0,cef4ae98-85a9-43ae-9e2e-1646072c87c1,57.1,31.1,74.7,28.9,175.64,327.9970703125
1,cef4ae98-85a9-43ae-9e2e-1646072c87c1,57.1,31.1,69.1,29.5,265.49,199.49853515625
0,cef4ae98-85a9-43ae-9e2e-1646072c87c1,57.4,31.1,74.1,28.6,176.19,328.249267578125
1,cef4ae98-85a9-43ae-9e2e-1646072c87c1,57.4,31.1,70.0,29.3,265.33,195.6246337890625
0,cef4ae98-85a9-43ae-9e2e-1646072c87c1,57.2,31.1,74.8,28.4,176.46,326.81231689453125
1,cef4ae98-85a9-43ae-9e2e-1646072c87c1,57.2,31.1,70.2,29.0,265.33,197.90615844726562
0,cef4ae98-85a9-43ae-9e2e-1646072c87c1,57.0,31.1,78.0,28.3,176.24,327.9530792236328
1,cef4ae98-85a9-43ae-9e2e-1646072c87c1,57.0,31.1,70.8,28.9,265.33,195.4765396118164
0,cef4ae98-85a9-43ae-9e2e-1646072c87c1,57.1,31.1,74.7,28.2,174.14,327.2382698059082
1,cef4ae98-85a9-43ae-9e2e-1646072c87c1,57.1,31.1,71.5,28.7,264.7,195.1191349029541
0,cef4ae98-85a9-43ae-9e2e-1646072c87c1,57.2,31.1,75.7,28.1,171.85,327.05956745147705
1,cef4ae98-85a9-43ae-9e2e-1646072c87c1,57.2,31.1,72.0,28.6,264.64,195.02978372573853
0,cef4ae98-85a9-43ae-9e2e-1646072c87c1,57.1,31.1,76.7,28.0,171.59,327.01489186286926
1,cef4ae98-85a9-43ae-9e2e-1646072c87c1,57.1,31.1,72.3,28.5,264.68,195.00744593143463
0,cef4ae98-85a9-43ae-9e2e-1646072c87c1,57.1,31.1,78.6,27.9,173.31,327.0037229657173
1,cef4ae98-85a9-43ae-9e2e-1646072c87c1,57.1,31.1,73.1,28.4,264.13,195.00186148285866
0,cef4ae98-85a9-43ae-9e2e-1646072c87c1,57.1,31.1,77.9,27.8,172.66,326.50093074142933
1,cef4ae98-85a9-43ae-9e2e-1646072c87c1,57.1,31.1,73.0,28.3,263.95,193.75046537071466
0,cef4ae98-85a9-43ae-9e2e-1646072c87c1,57.1,31.1,77.5,27.8,171.69,326.37523268535733
1,cef4ae98-85a9-43ae-9e2e-1646072c87c1,57.1,31.1,72.5,28.2,263.43,193.18761634267867
0,cef4ae98-85a9-43ae-9e2e-1646072c87c1,57.0,31.1,78.0,27.7,169.89,326.09380817133933
1,cef4ae98-85a9-43ae-9e2e-1646072c87c1,57.0,31.1,72.9,28.2,263.13,193.54690408566967
0,cef4ae98-85a9-43ae-9e2e-1646072c87c1,57.0,31.1,80.7,27.7,170.05,325.27345204283483
1,cef4ae98-85a9-43ae-9e2e-1646072c87c1,57.0,31.1,73.3,28.2,263.1,192.13672602141742
0,cef4ae98-85a9-43ae-9e2e-1646072c87c1,57.1,31.1,79.3,27.7,169.93,325.5683630107087
1,cef4ae98-85a9-43ae-9e2e-1646072c87c1,57.1,31.1,73.2,28.1,262.85,191.78418150535435
0,cef4ae98-85a9-43ae-9e2e-1646072c87c1,57.1,31.1,79.5,27.6,169.52,326.3920907526772
1,cef4ae98-85a9-43ae-9e2e-1646072c87c1,57.1,31.1,73.4,28.1,262.56,192.6960453763386
0,cef4ae98-85a9-43ae-9e2e-1646072c87c1,57.1,31.1,78.8,27.6,169.79,326.8480226881693
1,cef4ae98-85a9-43ae-9e2e-1646072c87c1,57.1,31.1,74.6,28.1,262.2,191.92401134408465
0,cef4ae98-85a9-43ae-9e2e-1646072c87c1,57.5,31.1,78.2,27.6,170.99,325.4620056720423
1,cef4ae98-85a9-43ae-9e2e-1646072c87c1,57.5,31.1,74.3,28.0,261.95,191.23100283602116
0,cef4ae98-85a9-43ae-9e2e-1646072c87c1,57.7,31.1,79.2,27.6,168.14,326.6155014180106
1,cef4ae98-85a9-43ae-9e2e-1646072c87c1,57.7,31.1,74.8,28.0,261.59,192.8077507090053
0,cef4ae98-85a9-43ae-9e2e-1646072c87c1,57.4,31.1,78.0,27.6,166.91,329.90387535450265
1,cef4ae98-85a9-43ae-9e2e-1646072c87c1,57.4,31.1,74.5,28.0,261.38,192.45193767725132
0,cef4ae98-85a9-43ae-9e2e-1646072c87c1,57.4,31.1,80.1,27.6,165.21,329.72596883862565
1,cef4ae98-85a9-43ae-9e2e-1646072c87c1,57.4,31.1,74.6,28.0,261.87,191.86298441931282
0,cef4ae98-85a9-43ae-9e2e-1646072c87c1,57.5,31.1,81.9,27.6,166.3,329.4314922096564
1,cef4ae98-85a9-43ae-9e2e-1646072c87c1,57.5,31.1,75.3,28.0,261.14,191.2157461048282
0,cef4ae98-85a9-43ae-9e2e-1646072c87c1,57.6,31.1,79.3,27.6,165.15,329.1078730524141
1,cef4ae98-85a9-43ae-9e2e-1646072c87c1,57.6,31.1,74.4,28.0,260.42,191.05393652620705
0,cef4ae98-85a9-43ae-9e2e-1646072c87c1,57.5,31.1,81.2,27.6,163.84,328.5269682631035
1,cef4ae98-85a9-43ae-9e2e-1646072c87c1,57.5,31.1,74.7,28.0,260.37,190.26348413155176
0,cef4ae98-85a9-43ae-9e2e-1646072c87c1,57.5,31.1,79.9,27.6,163.36,328.6317420657759
1,cef4ae98-85a9-43ae-9e2e-1646072c87c1,57.5,31.1,74.5,28.0,259.84,190.81587103288794
0,cef4ae98-85a9-43ae-9e2e-1646072c87c1,57.4,31.1,79.7,27.6,162.06,329.40793551644396
1,cef4ae98-85a9-43ae-9e2e-1646072c87c1,57.4,31.1,74.4,28.0,259.58,190.20396775822198
0,cef4ae98-85a9-43ae-9e2e-1646072c87c1,57.5,31.1,78.3,27.7,166.25,328.101983879111
1,cef4ae98-85a9-43ae-9e2e-1646072c87c1,57.5,31.1,74.4,28.0,259.08,190.5509919395555
0,cef4ae98-85a9-43ae-9e2e-1646072c87c1,57.5,31.1,77.2,27.7,163.02,328.77549596977775
1,cef4ae98-85a9-43ae-9e2e-1646072c87c1,57.5,31.1,74.8,28.0,258.83,187.88774798488888
0,cef4ae98-85a9-43ae-9e2e-1646072c87c1,57.5,31.1,78.3,27.7,161.27,327.4438739924444
1,cef4ae98-85a9-43ae-9e2e-1646072c87c1,57.5,31.1,74.7,28.1,258.4,187.2219369962222
0,cef4ae98-85a9-43ae-9e2e-1646072c87c1,57.6,31.1,79.3,27.8,160.26,325.1109684981111
1,cef4ae98-85a9-43ae-9e2e-1646072c87c1,57.6,31.1,74.7,28.1,258.05,188.05548424905555
0,cef4ae98-85a9-43ae-9e2e-1646072c87c1,57.6,31.1,80.0,27.8,161.49,325.5277421245278
1,cef4ae98-85a9-43ae-9e2e-1646072c87c1,57.6,31.1,74.5,28.1,257.75,186.2638710622639
0,cef4ae98-85a9-43ae-9e2e-1646072c87c1,57.6,31.1,79.2,27.8,160.6,324.63193553113194
1,cef4ae98-85a9-43ae-9e2e-1646072c87c1,57.6,31.1,74.6,28.1,257.58,184.81596776556597
0,cef4ae98-85a9-43ae-9e2e-1646072c87c1,57.7,31.1,77.4,27.9,160.36,322.907983882783
1,cef4ae98-85a9-43ae-9e2e-1646072c87c1,57.7,31.1,74.7,28.1,257.03,184.4539919413915
0,cef4ae98-85a9-43ae-9e2e-1646072c87c1,57.5,31.1,78.0,27.9,158.85,322.7269959706957
1,cef4ae98-85a9-43ae-9e2e-1646072c87c1,57.5,31.1,74.8,28.1,256.6,182.86349798534786
0,cef4ae98-85a9-43ae-9e2e-1646072c87c1,57.8,31.1,78.6,27.9,158.03,320.93174899267393
1,cef4ae98-85a9-43ae-9e2e-1646072c87c1,57.8,31.1,74.7,28.1,256.48,181.96587449633697
0,cef4ae98-85a9-43ae-9e2e-1646072c87c1,57.7,31.1,76.7,28.0,157.83,321.48293724816847
1,cef4ae98-85a9-43ae-9e2e-1646072c87c1,57.7,31.1,75.3,28.1,256.14,182.24146862408423
0,cef4ae98-85a9-43ae-9e2e-1646072c87c1,57.8,31.1,76.2,28.0,157.86,320.62073431204215
1,cef4ae98-85a9-43ae-9e2e-1646072c87c1,57.8,31.1,75.0,28.1,255.91,181.31036715602107
0,cef4ae98-85a9-43ae-9e2e-1646072c87c1,57.8,31.1,77.4,28.1,157.97,319.15518357801056
1,cef4ae98-85a9-43ae-9e2e-1646072c87c1,57.8,31.1,75.0,28.0,255.72,180.07759178900528
0,cef4ae98-85a9-43ae-9e2e-1646072c87c1,57.8,31.1,75.6,28.1,157.62,318.03879589450264
1,cef4ae98-85a9-43ae-9e2e-1646072c87c1,57.8,31.1,74.8,28.0,255.3,179.01939794725132
0,cef4ae98-85a9-43ae-9e2e-1646072c87c1,57.8,31.1,75.0,28.2,155.39,317.00969897362563
1,cef4ae98-85a9-43ae-9e2e-1646072c87c1,57.8,31.1,75.3,28.0,254.95,178.00484948681282
0,cef4ae98-85a9-43ae-9e2e-1646072c87c1,58.1,31.1,73.7,28.3,154.51,316.00242474340644
1,cef4ae98-85a9-43ae-9e2e-1646072c87c1,58.1,31.1,75.5,28.0,254.75,178.00121237170322
0,cef4ae98-85a9-43ae-9e2e-1646072c87c1,58.1,31.1,75.2,28.3,152.95,315.5006061858516
1,cef4ae98-85a9-43ae-9e2e-1646072c87c1,58.1,31.1,75.6,28.0,254.58,177.2503030929258
0,cef4ae98-85a9-43ae-9e2e-1646072c87c1,58.1,31.0,75.7,28.4,153.96,315.1251515464629
1,cef4ae98-85a9-43ae-9e2e-1646072c87c1,58.1,31.0,75.1,28.0,254.1,176.06257577323146
0,cef4ae98-85a9-43ae-9e2e-1646072c87c1,58.0,31.1,75.5,28.4,153.22,314.0312878866157
1,cef4ae98-85a9-43ae-9e2e-1646072c87c1,58.0,31.1,75.3,28.0,254.25,175.51564394330785
0,cef4ae98-85a9-43ae-9e2e-1646072c87c1,58.0,31.0,75.1,28.5,153.39,311.2578219716539
1,cef4ae98-85a9-43ae-9e2e-1646072c87c1,58.0,31.0,75.7,28.0,254.0,173.12891098582696
0,cef4ae98-85a9-43ae-9e2e-1646072c87c1,58.2,31.0,73.6,28.5,153.13,309.56445549291345
1,cef4ae98-85a9-43ae-9e2e-1646072c87c1,58.2,31.0,75.2,28.0,253.56,173.28222774645673
0,cef4ae98-85a9-43ae-9e2e-1646072c87c1,58.1,31.1,73.3,28.5,151.82,309.6411138732284
1,cef4ae98-85a9-43ae-9e2e-1646072c87c1,58.1,31.1,75.3,28.0,253.14,172.3205569366142
0,cef4ae98-85a9-43ae-9e2e-1646072c87c1,58.2,31.0,73.3,28.6,152.51,308.66027846830707
1,cef4ae98-85a9-43ae-9e2e-1646072c87c1,58.2,31.0,75.4,28.0,252.81,170.83013923415353
0,cef4ae98-85a9-43ae-9e2e-1646072c87c1,58.2,31.0,72.3,28.6,151.15,306.41506961707677
1,cef4ae98-85a9-43ae-9e2e-1646072c87c1,58.2,31.0,75.4,28.1,252.46,171.20753480853838
0,cef4ae98-85a9-43ae-9e2e-1646072c87c1,58.1,31.0,74.4,28.7,151.46,306.1037674042692
1,cef4ae98-85a9-43ae-9e2e-1646072c87c1,58.1,31.0,75.8,28.1,252.3,168.5518837021346
0,cef4ae98-85a9-43ae-9e2e-1646072c87c1,58.3,31.0,72.5,28.8,151.35,305.2759418510673
1,cef4ae98-85a9-43ae-9e2e-1646072c87c1,58.3,31.0,75.6,28.0,251.89,167.63797092553364
0,cef4ae98-85a9-43ae-9e2e-1646072c87c1,58.6,31.0,71.9,28.8,150.5,304.3189854627668
1,cef4ae98-85a9-43ae-9e2e-1646072c87c1,58.6,31.0,76.6,28.0,251.63,167.1594927313834
0,cef4ae98-85a9-43ae-9e2e-1646072c87c1,58.4,31.0,71.6,28.9,150.18,304.0797463656917
1,cef4ae98-85a9-43ae-9e2e-1646072c87c1,58.4,31.0,76.1,28.0,251.57,167.03987318284584
0,cef4ae98-85a9-43ae-9e2e-1646072c87c1,58.3,31.0,71.8,28.9,149.94,303.01993659142295
1,cef4ae98-85a9-43ae-9e2e-1646072c87c1,58.3,31.0,76.0,28.0,251.04,166.50996829571147
0,cef4ae98-85a9-43ae-9e2e-1646072c87c1,58.4,31.0,72.1,28.9,149.02,302.75498414785574
1,cef4ae98-85a9-43ae-9e2e-1646072c87c1,58.4,31.0,76.2,28.0,250.71,164.87749207392787
0,cef4ae98-85a9-43ae-9e2e-1646072c87c1,58.4,31.0,71.9,29.0,148.19,300.93874603696395
1,cef4ae98-85a9-43ae-9e2e-1646072c87c1,58.4,31.0,76.1,28.0,250.29,163.96937301848197
0,cef4ae98-85a9-43ae-9e2e-1646072c87c1,58.3,31.0,71.0,29.0,148.28,300.484686509241
1,cef4ae98-85a9-43ae-9e2e-1646072c87c1,58.3,31.0,76.1,28.0,250.03,164.7423432546205
0,cef4ae98-85a9-43ae-9e2e-1646072c87c1,58.3,31.0,71.6,29.0,147.52,299.8711716273102
1,cef4ae98-85a9-43ae-9e2e-1646072c87c1,58.3,31.0,76.5,28.0,249.71,162.9355858136551
0,cef4ae98-85a9-43ae-9e2e-1646072c87c1,58.3,31.0,72.1,29.1,145.65,296.9677929068275
1,cef4ae98-85a9-43ae-9e2e-1646072c87c1,58.3,31.0,76.6,28.0,249.48,160.98389645341376
0,cef4ae98-85a9-43ae-9e2e-1646072c87c1,58.3,31.0,70.6,29.1,146.81,296.9919482267069
1,cef4ae98-85a9-43ae-9e2e-1646072c87c1,58.3,31.0,76.0,28.0,249.15,160.99597411335344
0,cef4ae98-85a9-43ae-9e2e-1646072c87c1,58.3,31.0,71.2,29.1,145.95,295.9979870566767
1,cef4ae98-85a9-43ae-9e2e-1646072c87c1,58.3,31.0,76.1,28.0,248.83,160.49899352833836
0,cef4ae98-85a9-43ae-9e2e-1646072c87c1,58.4,31.0,70.5,29.1,146.61,298.7494967641692
1,cef4ae98-85a9-43ae-9e2e-1646072c87c1,58.4,31.0,76.9,28.0,248.59,160.8747483820846
0,cef4ae98-85a9-43ae-9e2e-1646072c87c1,58.4,31.0,71.1,29.1,146.14,300.9373741910423
1,cef4ae98-85a9-43ae-9e2e-1646072c87c1,58.4,31.0,76.8,28.0,248.11,162.96868709552115
0,cef4ae98-85a9-43ae-9e2e-1646072c87c1,58.5,31.0,71.3,29.2,145.0,302.98434354776055
1,cef4ae98-85a9-43ae-9e2e-1646072c87c1,58.5,31.0,76.3,28.0,248.28,162.99217177388027
0,cef4ae98-85a9-43ae-9e2e-1646072c87c1,58.3,31.0,70.8,29.2,142.5,302.99608588694014
1,cef4ae98-85a9-43ae-9e2e-1646072c87c1,58.3,31.0,76.1,28.0,247.63,162.99804294347007
0,cef4ae98-85a9-43ae-9e2e-1646072c87c1,58.5,31.0,70.5,29.2,145.42,302.99902147173503
1,cef4ae98-85a9-43ae-9e2e-1646072c87c1,58.5,31.0,76.2,28.0,247.44,162.99951073586752
0,cef4ae98-85a9-43ae-9e2e-1646072c87c1,58.6,31.0,69.6,29.3,141.05,302.49975536793374
1,cef4ae98-85a9-43ae-9e2e-1646072c87c1,58.6,31.0,76.5,28.0,247.0,162.24987768396687
0,cef4ae98-85a9-43ae-9e2e-1646072c87c1,58.5,31.0,70.3,29.3,141.09,302.1249388419834
1,cef4ae98-85a9-43ae-9e2e-1646072c87c1,58.5,31.0,76.3,28.0,246.52,161.5624694209917
0,cef4ae98-85a9-43ae-9e2e-1646072c87c1,58.5,31.0,69.0,29.3,141.19,301.2812347104958
1,cef4ae98-85a9-43ae-9e2e-1646072c87c1,58.5,31.0,76.6,28.0,246.44,160.6406173552479
0,cef4ae98-85a9-43ae-9e2e-1646072c87c1,58.5,31.0,69.6,29.3,140.87,300.320308677624
1,cef4ae98-85a9-43ae-9e2e-1646072c87c1,58.5,31.0,76.4,27.9,245.9,160.160154338812
0,cef4ae98-85a9-43ae-9e2e-1646072c87c1,58.4,31.0,69.9,29.4,139.9,299.58007716940597
1,cef4ae98-85a9-43ae-9e2e-1646072c87c1,58.4,31.0,77.1,27.9,245.85,158.79003858470298
0,cef4ae98-85a9-43ae-9e2e-1646072c87c1,58.5,31.0,70.8,29.4,142.25,298.8950192923515
1,cef4ae98-85a9-43ae-9e2e-1646072c87c1,58.5,31.0,76.4,27.9,245.19,157.44750964617575
0,cef4ae98-85a9-43ae-9e2e-1646072c87c1,58.6,31.0,69.8,29.4,139.93,297.22375482308786
1,cef4ae98-85a9-43ae-9e2e-1646072c87c1,58.6,31.0,76.7,27.9,244.71,158.11187741154393
0,cef4ae98-85a9-43ae-9e2e-1646072c87c1,58.6,31.0,69.9,29.5,140.06,297.55593870577195
1,cef4ae98-85a9-43ae-9e2e-1646072c87c1,58.6,31.0,76.9,28.0,244.37,158.27796935288598
0,cef4ae98-85a9-43ae-9e2e-1646072c87c1,58.7,31.0,70.0,29.5,140.4,295.138984676443
1,cef4ae98-85a9-43ae-9e2e-1646072c87c1,58.7,31.0,76.5,27.9,243.88,156.0694923382215
0,cef4ae98-85a9-43ae-9e2e-1646072c87c1,58.5,31.0,70.0,29.5,140.65,293.53474616911075
1,cef4ae98-85a9-43ae-9e2e-1646072c87c1,58.5,31.0,76.9,27.9,243.43,152.76737308455537
0,cef4ae98-85a9-43ae-9e2e-1646072c87c1,58.6,31.0,69.5,29.5,139.31,289.8836865422777
1,cef4ae98-85a9-43ae-9e2e-1646072c87c1,58.6,31.0,76.4,27.9,243.28,153.44184327113885
0,cef4ae98-85a9-43ae-9e2e-1646072c87c1,58.7,31.0,68.9,29.5,138.82,290.7209216355694
1,cef4ae98-85a9-43ae-9e2e-1646072c87c1,58.7,31.0,76.6,28.0,242.78,153.3604608177847
0,cef4ae98-85a9-43ae-9e2e-1646072c87c1,58.7,31.0,69.0,29.6,138.9,291.1802304088924
1,cef4ae98-85a9-43ae-9e2e-1646072c87c1,58.7,31.0,76.6,28.0,242.37,153.5901152044462
0,cef4ae98-85a9-43ae-9e2e-1646072c87c1,58.8,31.0,68.7,29.6,138.57,290.2950576022231
1,cef4ae98-85a9-43ae-9e2e-1646072c87c1,58.8,31.0,77.2,27.9,242.19,151.64752880111155
0,cef4ae98-85a9-43ae-9e2e-1646072c87c1,58.7,31.0,68.8,29.6,138.2,288.3237644005558
1,cef4ae98-85a9-43ae-9e2e-1646072c87c1,58.7,31.0,77.2,28.0,241.73,150.1618822002779
0,cef4ae98-85a9-43ae-9e2e-1646072c87c1,58.8,31.0,68.4,29.7,138.32,287.58094110013894
1,cef4ae98-85a9-43ae-9e2e-1646072c87c1,58.8,31.0,77.1,27.9,241.19,147.79047055006947
0,cef4ae98-85a9-43ae-9e2e-1646072c87c1,59.0,31.0,68.5,29.7,137.03,286.89523527503474
1,cef4ae98-85a9-43ae-9e2e-1646072c87c1,59.0,31.0,76.9,27.9,241.05,148.94761763751737
0,cef4ae98-85a9-43ae-9e2e-1646072c87c1,59.0,31.0,68.9,29.7,134.33,285.9738088187587
1,cef4ae98-85a9-43ae-9e2e-1646072c87c1,59.0,31.0,77.3,27.9,240.73,147.48690440937935
0,cef4ae98-85a9-43ae-9e2e-1646072c87c1,59.1,31.0,68.5,29.8,137.02,284.2434522046897
1,cef4ae98-85a9-43ae-9e2e-1646072c87c1,59.1,31.0,77.5,27.9,240.31,146.62172610234484
0,cef4ae98-85a9-43ae-9e2e-1646072c87c1,59.2,31.0,68.2,29.8,135.91,283.8108630511724
1,cef4ae98-85a9-43ae-9e2e-1646072c87c1,59.2,31.0,77.5,27.9,239.9,146.4054315255862
0,cef4ae98-85a9-43ae-9e2e-1646072c87c1,59.3,31.0,68.1,29.8,135.72,279.7027157627931
1,cef4ae98-85a9-43ae-9e2e-1646072c87c1,59.3,31.0,77.7,27.9,239.7,143.35135788139655
0,cef4ae98-85a9-43ae-9e2e-1646072c87c1,59.2,31.0,67.8,29.8,135.41,281.1756789406983
1,cef4ae98-85a9-43ae-9e2e-1646072c87c1,59.2,31.0,77.8,27.9,239.29,145.08783947034914
0,cef4ae98-85a9-43ae-9e2e-1646072c87c1,59.1,31.0,68.5,29.9,135.46,280.04391973517454
1,cef4ae98-85a9-43ae-9e2e-1646072c87c1,59.1,31.0,77.8,27.9,238.99,144.52195986758727
0,cef4ae98-85a9-43ae-9e2e-1646072c87c1,59.3,31.0,68.4,29.9,135.38,279.76097993379364
1,cef4ae98-85a9-43ae-9e2e-1646072c87c1,59.3,31.0,77.7,27.9,238.64,144.38048996689682
0,cef4ae98-85a9-43ae-9e2e-1646072c87c1,59.2,31.0,68.5,29.9,135.25,278.6902449834484
1,cef4ae98-85a9-43ae-9e2e-1646072c87c1,59.2,31.0,77.6,27.9,238.48,143.8451224917242
0,cef4ae98-85a9-43ae-9e2e-1646072c87c1,59.3,31.0,68.8,30.0,131.28,277.4225612458621
1,cef4ae98-85a9-43ae-9e2e-1646072c87c1,59.3,31.0,78.6,27.9,237.99,142.71128062293104
0,cef4ae98-85a9-43ae-9e2e-1646072c87c1,59.5,31.0,68.0,30.0,134.64,275.35564031146555
1,cef4ae98-85a9-43ae-9e2e-1646072c87c1,59.5,31.0,78.0,27.9,237.58,140.17782015573277
0,cef4ae98-85a9-43ae-9e2e-1646072c87c1,59.6,31.0,67.8,30.0,132.56,274.0889100778664
1,cef4ae98-85a9-43ae-9e2e-1646072c87c1,59.6,31.0,77.9,27.9,237.52,140.5444550389332
0,cef4ae98-85a9-43ae-9e2e-1646072c87c1,59.6,31.0,68.0,30.0,134.09,273.7722275194666
1,cef4ae98-85a9-43ae-9e2e-1646072c87c1,59.6,31.0,78.3,27.9,236.97,138.3861137597333
0,cef4ae98-85a9-43ae-9e2e-1646072c87c1,59.5,31.0,68.6,30.1,134.01,272.1930568798666
1,cef4ae98-85a9-43ae-9e2e-1646072c87c1,59.5,31.0,78.4,27.9,236.91,138.0965284399333
0,cef4ae98-85a9-43ae-9e2e-1646072c87c1,59.6,31.0,68.0,30.1,133.34,271.54826421996665
1,cef4ae98-85a9-43ae-9e2e-1646072c87c1,59.6,31.0,78.0,28.0,236.38,138.77413210998333
0,cef4ae98-85a9-43ae-9e2e-1646072c87c1,59.7,31.0,67.8,30.1,133.16,271.3870660549917
1,cef4ae98-85a9-43ae-9e2e-1646072c87c1,59.7,31.0,78.3,27.9,236.29,137.19353302749585
0,cef4ae98-85a9-43ae-9e2e-1646072c87c1,59.7,30.9,68.0,30.1,132.99,270.0967665137479
1,cef4ae98-85a9-43ae-9e2e-1646072c87c1,59.7,30.9,78.6,28.0,235.95,136.54838325687396
0,cef4ae98-85a9-43ae-9e2e-1646072c87c1,59.6,31.0,68.0,30.2,133.09,268.774191628437
1,cef4ae98-85a9-43ae-9e2e-1646072c87c1,59.6,31.0,78.3,28.0,235.57,136.8870958142185
0,cef4ae98-85a9-43ae-9e2e-1646072c87c1,59.7,31.0,67.9,30.2,133.69,267.94354790710923
1,cef4ae98-85a9-43ae-9e2e-1646072c87c1,59.7,31.0,78.2,28.0,235.62,134.47177395355462
0,cef4ae98-85a9-43ae-9e2e-1646072c87c1,59.7,31.0,68.5,30.2,131.1,265.7358869767773
1,cef4ae98-85a9-43ae-9e2e-1646072c87c1,59.7,31.0,78.5,28.0,235.33,134.36794348838865
0,cef4ae98-85a9-43ae-9e2e-1646072c87c1,59.9,31.0,67.4,30.2,129.41,265.6839717441943
1,cef4ae98-85a9-43ae-9e2e-1646072c87c1,59.9,31.0,78.9,28.0,234.99,133.84198587209715
0,cef4ae98-85a9-43ae-9e2e-1646072c87c1,60.0,31.0,67.7,30.2,129.23,265.4209929360486
1,cef4ae98-85a9-43ae-9e2e-1646072c87c1,60.0,31.0,78.6,28.0,234.79,134.2104964680243
0,cef4ae98-85a9-43ae-9e2e-1646072c87c1,60.0,31.0,67.7,30.3,129.18,263.60524823401215
1,cef4ae98-85a9-43ae-9e2e-1646072c87c1,60.0,31.0,78.7,28.0,234.29,132.30262411700608
0,cef4ae98-85a9-43ae-9e2e-1646072c87c1,60.1,31.0,67.9,30.3,129.61,262.65131205850304
1,cef4ae98-85a9-43ae-9e2e-1646072c87c1,60.1,31.0,78.4,28.0,233.96,132.82565602925152
0,cef4ae98-85a9-43ae-9e2e-1646072c87c1,60.0,31.0,67.6,30.3,127.59,262.41282801462575
1,cef4ae98-85a9-43ae-9e2e-1646072c87c1,60.0,31.0,78.6,28.0,234.05,132.20641400731287
0,cef4ae98-85a9-43ae-9e2e-1646072c87c1,60.3,31.0,67.6,30.3,127.26,262.10320700365645
1,cef4ae98-85a9-43ae-9e2e-1646072c87c1,60.3,31.0,79.1,28.0,233.9,131.05160350182823
0,cef4ae98-85a9-43ae-9e2e-1646072c87c1,60.2,31.0,67.3,30.3,132.37,261.0258017509141
1,cef4ae98-85a9-43ae-9e2e-1646072c87c1,60.2,31.0,79.0,28.0,233.7,130.51290087545706
0,cef4ae98-85a9-43ae-9e2e-1646072c87c1,60.2,31.0,67.2,30.3,129.46,260.2564504377285
1,cef4ae98-85a9-43ae-9e2e-1646072c87c1,60.2,31.0,79.0,28.0,233.49,130.62822521886426
0,cef4ae98-85a9-43ae-9e2e-1646072c87c1,60.5,31.0,67.8,30.4,129.11,256.81411260943213
1,cef4ae98-85a9-43ae-9e2e-1646072c87c1,60.5,31.0,78.8,28.0,232.92,128.40705630471606
0,cef4ae98-85a9-43ae-9e2e-1646072c87c1,60.4,31.0,67.6,30.4,131.5,254.70352815235805
1,cef4ae98-85a9-43ae-9e2e-1646072c87c1,60.4,31.0,78.9,28.0,232.92,127.35176407617902
0,cef4ae98-85a9-43ae-9e2e-1646072c87c1,60.4,31.0,67.8,30.4,131.5,253.17588203808953
1,cef4ae98-85a9-43ae-9e2e-1646072c87c1,60.4,31.0,78.9,28.0,232.57,126.58794101904476
0,cef4ae98-85a9-43ae-9e2e-1646072c87c1,60.5,31.0,67.3,30.4,131.71,253.29397050952238
1,cef4ae98-85a9-43ae-9e2e-1646072c87c1,60.5,31.0,79.0,28.0,232.48,126.64698525476119
0,cef4ae98-85a9-43ae-9e2e-1646072c87c1,60.5,30.9,67.0,30.4,130.66,252.8234926273806
1,cef4ae98-85a9-43ae-9e2e-1646072c87c1,60.5,30.9,79.1,28.1,232.28,126.4117463136903
0,cef4ae98-85a9-43ae-9e2e-1646072c87c1,60.4,31.0,67.5,30.4,131.29,251.70587315684514
1,cef4ae98-85a9-43ae-9e2e-1646072c87c1,60.4,31.0,79.0,28.1,232.18,125.85293657842257
0,cef4ae98-85a9-43ae-9e2e-1646072c87c1,60.7,31.0,68.0,30.5,125.96,249.4264682892113
1,cef4ae98-85a9-43ae-9e2e-1646072c87c1,60.7,31.0,80.1,28.1,231.78,124.71323414460565
0,cef4ae98-85a9-43ae-9e2e-1646072c87c1,60.8,31.0,67.5,30.5,131.11,249.8566170723028
1,cef4ae98-85a9-43ae-9e2e-1646072c87c1,60.8,31.0,79.5,28.1,231.98,124.9283085361514
0,cef4ae98-85a9-43ae-9e2e-1646072c87c1,60.9,31.0,67.5,30.5,130.51,248.4641542680757
1,cef4ae98-85a9-43ae-9e2e-1646072c87c1,60.9,31.0,79.2,28.0,231.66,124.23207713403785
0,cef4ae98-85a9-43ae-9e2e-1646072c87c1,60.9,31.0,67.5,30.5,130.58,246.11603856701893
1,cef4ae98-85a9-43ae-9e2e-1646072c87c1,60.9,31.0,79.3,28.0,231.42,123.05801928350947
0,cef4ae98-85a9-43ae-9e2e-1646072c87c1,60.8,31.0,67.7,30.5,130.54,245.02900964175473
1,cef4ae98-85a9-43ae-9e2e-1646072c87c1,60.8,31.0,78.9,28.1,231.23,122.51450482087736
0,cef4ae98-85a9-43ae-9e2e-1646072c87c1,60.9,31.0,67.0,30.6,129.65,243.7572524104387
1,cef4ae98-85a9-43ae-9e2e-1646072c87c1,60.9,31.0,79.1,28.1,230.82,121.87862620521935
0,cef4ae98-85a9-43ae-9e2e-1646072c87c1,61.1,31.0,67.2,30.6,130.47,244.43931310260967
1,cef4ae98-85a9-43ae-9e2e-1646072c87c1,61.1,31.0,79.2,28.1,230.87,122.21965655130484
0,cef4ae98-85a9-43ae-9e2e-1646072c87c1,60.9,31.0,67.2,30.6,130.42,244.60982827565243
1,cef4ae98-85a9-43ae-9e2e-1646072c87c1,60.9,31.0,79.5,28.1,230.65,122.30491413782622
0,cef4ae98-85a9-43ae-9e2e-1646072c87c1,60.9,31.0,67.0,30.6,130.01,243.65245706891312
1,cef4ae98-85a9-43ae-9e2e-1646072c87c1,60.9,31.0,79.4,28.1,230.31,121.82622853445656
0,cef4ae98-85a9-43ae-9e2e-1646072c87c1,61.1,31.0,67.2,30.6,130.33,241.91311426722828
1,cef4ae98-85a9-43ae-9e2e-1646072c87c1,61.1,31.0,79.9,28.2,230.19,120.95655713361414
0,cef4ae98-85a9-43ae-9e2e-1646072c87c1,61.0,31.0,67.1,30.7,130.05,240.97827856680706
1,cef4ae98-85a9-43ae-9e2e-1646072c87c1,61.0,31.0,79.9,28.2,229.91,120.48913928340353
0,cef4ae98-85a9-43ae-9e2e-1646072c87c1,61.1,31.0,66.9,30.7,127.62,239.24456964170176
1,cef4ae98-85a9-43ae-9e2e-1646072c87c1,61.1,31.0,79.9,28.2,206.97,119.62228482085088
0,cef4ae98-85a9-43ae-9e2e-1646072c87c1,61.2,31.0,67.1,30.7,128.26,238.31114241042545
1,cef4ae98-85a9-43ae-9e2e-1646072c87c1,61.2,31.0,80.3,28.1,206.87,119.15557120521272
0,cef4ae98-85a9-43ae-9e2e-1646072c87c1,61.2,31.0,67.2,30.7,127.39,238.07778560260635
1,cef4ae98-85a9-43ae-9e2e-1646072c87c1,61.2,31.0,80.2,28.2,206.28,119.03889280130318
0,cef4ae98-85a9-43ae-9e2e-1646072c87c1,61.2,31.0,67.0,30.7,127.77,237.0194464006516
1,cef4ae98-85a9-43ae-9e2e-1646072c87c1,61.2,31.0,80.1,28.2,206.3,118.5097232003258
0,cef4ae98-85a9-43ae-9e2e-1646072c87c1,61.2,31.0,66.9,30.8,128.11,236.25486160016288
1,cef4ae98-85a9-43ae-9e2e-1646072c87c1,61.2,31.0,80.0,28.2,205.96,118.12743080008144
0,cef4ae98-85a9-43ae-9e2e-1646072c87c1,61.2,31.0,66.1,30.8,128.92,233.56371540004073
1,cef4ae98-85a9-43ae-9e2e-1646072c87c1,61.2,31.0,80.5,28.2,205.64,116.78185770002037
0,cef4ae98-85a9-43ae-9e2e-1646072c87c1,61.1,31.0,66.3,30.8,130.45,230.8909288500102
1,cef4ae98-85a9-43ae-9e2e-1646072c87c1,61.1,31.0,80.1,28.2,205.48,115.4454644250051
0,cef4ae98-85a9-43ae-9e2e-1646072c87c1,61.2,31.0,66.4,30.7,129.99,230.22273221250254
1,cef4ae98-85a9-43ae-9e2e-1646072c87c1,61.2,31.0,80.6,28.2,205.46,115.11136610625127
0,cef4ae98-85a9-43ae-9e2e-1646072c87c1,61.3,31.0,66.4,30.8,130.28,230.05568305312562
1,cef4ae98-85a9-43ae-9e2e-1646072c87c1,61.3,31.0,79.8,28.2,205.42,115.02784152656281
0,cef4ae98-85a9-43ae-9e2e-1646072c87c1,61.3,31.0,66.1,30.8,129.05,229.01392076328142
1,cef4ae98-85a9-43ae-9e2e-1646072c87c1,61.3,31.0,80.1,28.2,205.41,114.50696038164071
0,cef4ae98-85a9-43ae-9e2e-1646072c87c1,61.2,31.1,66.1,30.8,129.29,227.25348019082037
1,cef4ae98-85a9-43ae-9e2e-1646072c87c1,61.2,31.1,80.5,28.2,205.5,113.62674009541018
0,cef4ae98-85a9-43ae-9e2e-1646072c87c1,61.2,31.0,66.3,30.8,130.27,226.3133700477051
1,cef4ae98-85a9-43ae-9e2e-1646072c87c1,61.2,31.0,80.1,28.2,205.49,113.15668502385255
0,cef4ae98-85a9-43ae-9e2e-1646072c87c1,61.2,31.0,66.2,30.8,129.49,223.07834251192628
1,cef4ae98-85a9-43ae-9e2e-1646072c87c1,61.2,31.0,80.1,28.2,205.57,111.53917125596314
0,cef4ae98-85a9-43ae-9e2e-1646072c87c1,61.0,31.0,66.4,30.8,129.68,221.26958562798157
1,cef4ae98-85a9-43ae-9e2e-1646072c87c1,61.0,31.0,80.3,28.2,205.58,110.63479281399079
0,cef4ae98-85a9-43ae-9e2e-1646072c87c1,61.1,31.1,66.4,30.8,129.88,221.31739640699539
1,cef4ae98-85a9-43ae-9e2e-1646072c87c1,61.1,31.1,80.0,28.2,205.41,110.65869820349769
0,cef4ae98-85a9-43ae-9e2e-1646072c87c1,61.1,31.0,66.2,30.8,129.52,219.32934910174885
1,cef4ae98-85a9-43ae-9e2e-1646072c87c1,61.1,31.0,80.0,28.2,205.59,109.66467455087442
0,cef4ae98-85a9-43ae-9e2e-1646072c87c1,61.2,31.1,66.3,30.8,129.7,217.83233727543723
1,cef4ae98-85a9-43ae-9e2e-1646072c87c1,61.2,31.1,79.9,28.2,205.48,108.91616863771861
0,cef4ae98-85a9-43ae-9e2e-1646072c87c1,61.3,31.0,66.2,30.8,129.54,216.9580843188593
1,cef4ae98-85a9-43ae-9e2e-1646072c87c1,61.3,31.0,80.0,28.2,205.38,108.47904215942965
0,cef4ae98-85a9-43ae-9e2e-1646072c87c1,61.2,31.1,66.2,30.9,129.85,213.23952107971482
1,cef4ae98-85a9-43ae-9e2e-1646072c87c1,61.2,31.1,80.0,28.2,205.33,106.61976053985741
0,cef4ae98-85a9-43ae-9e2e-1646072c87c1,61.2,31.1,66.3,30.9,129.1,211.3098802699287
1,cef4ae98-85a9-43ae-9e2e-1646072c87c1,61.2,31.1,80.0,28.3,205.22,105.65494013496435
0,cef4ae98-85a9-43ae-9e2e-1646072c87c1,61.3,31.1,66.1,30.9,129.17,209.32747006748218
1,cef4ae98-85a9-43ae-9e2e-1646072c87c1,61.3,31.1,79.6,28.3,205.19,104.66373503374109
0,cef4ae98-85a9-43ae-9e2e-1646072c87c1,61.3,31.1,66.3,30.9,129.51,208.33186751687055
1,cef4ae98-85a9-43ae-9e2e-1646072c87c1,61.3,31.1,79.7,28.3,205.09,104.16593375843527
0,cef4ae98-85a9-43ae-9e2e-1646072c87c1,61.4,31.1,65.8,30.9,128.68,207.58296687921762
1,cef4ae98-85a9-43ae-9e2e-1646072c87c1,61.4,31.1,79.4,28.3,204.94,103.79148343960881
0,cef4ae98-85a9-43ae-9e2e-1646072c87c1,61.4,31.1,66.1,30.9,128.8,205.8957417198044
1,cef4ae98-85a9-43ae-9e2e-1646072c87c1,61.4,31.1,79.8,28.3,204.97,102.9478708599022
0,cef4ae98-85a9-43ae-9e2e-1646072c87c1,61.5,31.1,65.9,30.9,129.37,202.9739354299511
1,cef4ae98-85a9-43ae-9e2e-1646072c87c1,61.5,31.1,79.8,28.4,204.94,101.48696771497555
0,cef4ae98-85a9-43ae-9e2e-1646072c87c1,61.3,31.0,65.9,30.9,130.02,201.24348385748777
1,cef4ae98-85a9-43ae-9e2e-1646072c87c1,61.3,31.0,79.4,28.4,204.97,100.62174192874389
0,cef4ae98-85a9-43ae-9e2e-1646072c87c1,61.4,31.0,66.1,30.9,129.98,199.31087096437193
1,cef4ae98-85a9-43ae-9e2e-1646072c87c1,61.4,31.0,79.5,28.4,204.79,99.65543548218596
0,cef4ae98-85a9-43ae-9e2e-1646072c87c1,61.5,31.1,66.1,30.9,130.09,197.32771774109298
1,cef4ae98-85a9-43ae-9e2e-1646072c87c1,61.5,31.1,79.6,28.4,204.71,98.66385887054649
0,cef4ae98-85a9-43ae-9e2e-1646072c87c1,61.4,31.1,65.9,30.9,130.11,195.83192943527325
1,cef4ae98-85a9-43ae-9e2e-1646072c87c1,61.4,31.1,79.6,28.4,204.57,97.91596471763663
0,cef4ae98-85a9-43ae-9e2e-1646072c87c1,61.3,31.1,66.0,30.9,127.35,192.4579823588183
1,cef4ae98-85a9-43ae-9e2e-1646072c87c1,61.3,31.1,80.0,28.4,204.76,96.22899117940915
0,cef4ae98-85a9-43ae-9e2e-1646072c87c1,61.5,31.1,65.7,30.9,128.51,190.11449558970457
1,cef4ae98-85a9-43ae-9e2e-1646072c87c1,61.5,31.1,79.9,28.4,204.18,95.05724779485229
0,cef4ae98-85a9-43ae-9e2e-1646072c87c1,61.5,31.1,65.5,30.9,126.38,188.52862389742614
1,cef4ae98-85a9-43ae-9e2e-1646072c87c1,61.5,31.1,79.5,28.4,204.23,94.26431194871307
0,cef4ae98-85a9-43ae-9e2e-1646072c87c1,61.4,31.1,65.7,30.9,129.08,187.13215597435652
1,cef4ae98-85a9-43ae-9e2e-1646072c87c1,61.4,31.1,79.9,28.4,204.17,93.56607798717826
0,cef4ae98-85a9-43ae-9e2e-1646072c87c1,61.4,31.1,65.6,30.9,127.87,185.78303899358912
1,cef4ae98-85a9-43ae-9e2e-1646072c87c1,61.4,31.1,79.6,28.4,204.28,92.89151949679456
0,cef4ae98-85a9-43ae-9e2e-1646072c87c1,61.6,31.0,65.7,30.9,128.24,183.94575974839728
1,cef4ae98-85a9-43ae-9e2e-1646072c87c1,61.6,31.0,79.9,28.4,203.89,91.97287987419864
0,cef4ae98-85a9-43ae-9e2e-1646072c87c1,61.5,31.0,65.9,30.9,128.57,180.4864399370993
1,cef4ae98-85a9-43ae-9e2e-1646072c87c1,61.5,31.0,79.7,28.4,203.85,90.24321996854965
0,cef4ae98-85a9-43ae-9e2e-1646072c87c1,61.5,31.0,65.9,30.9,128.61,178.6216099842748
1,cef4ae98-85a9-43ae-9e2e-1646072c87c1,61.5,31.0,79.5,28.4,203.94,89.3108049921374
0,cef4ae98-85a9-43ae-9e2e-1646072c87c1,61.4,31.0,65.6,30.9,127.34,177.1554024960687
1,cef4ae98-85a9-43ae-9e2e-1646072c87c1,61.4,31.0,79.9,28.4,203.9,88.57770124803434
0,cef4ae98-85a9-43ae-9e2e-1646072c87c1,61.4,31.0,65.8,31.0,127.93,175.7888506240172
1,cef4ae98-85a9-43ae-9e2e-1646072c87c1,61.4,31.0,79.5,28.4,203.79,87.8944253120086
0,cef4ae98-85a9-43ae-9e2e-1646072c87c1,61.7,31.0,65.9,30.9,128.11,174.4472126560043
1,cef4ae98-85a9-43ae-9e2e-1646072c87c1,61.7,31.0,79.6,28.5,203.78,87.22360632800215
0,cef4ae98-85a9-43ae-9e2e-1646072c87c1,61.7,31.0,66.0,31.0,128.13,170.11180316400106
1,cef4ae98-85a9-43ae-9e2e-1646072c87c1,61.7,31.0,79.7,28.5,203.54,85.05590158200053
0,cef4ae98-85a9-43ae-9e2e-1646072c87c1,61.7,31.1,66.1,31.0,127.85,167.52795079100025
1,cef4ae98-85a9-43ae-9e2e-1646072c87c1,61.7,31.1,78.9,28.5,203.42,83.76397539550013
0,cef4ae98-85a9-43ae-9e2e-1646072c87c1,61.6,31.0,66.0,31.0,127.71,165.38198769775005
1,cef4ae98-85a9-43ae-9e2e-1646072c87c1,61.6,31.0,78.2,28.5,203.22,82.69099384887502
0,cef4ae98-85a9-43ae-9e2e-1646072c87c1,61.8,31.0,66.0,31.0,127.62,163.8454969244375
1,cef4ae98-85a9-43ae-9e2e-1646072c87c1,61.8,31.0,77.9,28.6,203.32,81.92274846221875
0,cef4ae98-85a9-43ae-9e2e-1646072c87c1,61.8,31.0,66.0,31.1,127.31,160.46137423110937
1,cef4ae98-85a9-43ae-9e2e-1646072c87c1,61.8,31.0,78.2,28.6,203.56,80.23068711555469
0,cef4ae98-85a9-43ae-9e2e-1646072c87c1,61.8,31.0,65.9,31.1,127.46,158.61534355777735
1,cef4ae98-85a9-43ae-9e2e-1646072c87c1,61.8,31.0,77.6,28.7,202.87,79.30767177888868
0,cef4ae98-85a9-43ae-9e2e-1646072c87c1,61.8,31.0,66.0,31.1,127.52,157.15383588944434
1,cef4ae98-85a9-43ae-9e2e-1646072c87c1,61.8,31.0,78.1,28.7,202.84,78.57691794472217
0,cef4ae98-85a9-43ae-9e2e-1646072c87c1,61.9,31.0,65.8,31.2,127.71,155.28845897236107
1,cef4ae98-85a9-43ae-9e2e-1646072c87c1,61.9,31.0,77.8,28.8,202.92,77.64422948618054
0,cef4ae98-85a9-43ae-9e2e-1646072c87c1,61.9,31.0,65.7,31.2,127.71,153.82211474309025
1,cef4ae98-85a9-43ae-9e2e-1646072c87c1,61.9,31.0,77.6,28.8,202.82,76.91105737154513
0,cef4ae98-85a9-43ae-9e2e-1646072c87c1,61.9,31.1,65.7,31.2,127.85,151.95552868577255
1,cef4ae98-85a9-43ae-9e2e-1646072c87c1,61.9,31.1,77.4,28.8,202.59,75.97776434288627
0,cef4ae98-85a9-43ae-9e2e-1646072c87c1,61.8,31.1,65.4,31.2,127.79,148.48888217144315
1,cef4ae98-85a9-43ae-9e2e-1646072c87c1,61.8,31.1,77.4,28.9,202.31,74.24444108572158
0,cef4ae98-85a9-43ae-9e2e-1646072c87c1,61.8,31.0,65.4,31.2,127.87,147.1222205428608
1,cef4ae98-85a9-43ae-9e2e-1646072c87c1,61.8,31.0,77.2,28.9,202.42,73.5611102714304
0,cef4ae98-85a9-43ae-9e2e-1646072c87c1,61.9,31.0,65.4,31.2,127.93,145.2805551357152
1,cef4ae98-85a9-43ae-9e2e-1646072c87c1,61.9,31.0,77.0,28.9,202.22,72.6402775678576
0,cef4ae98-85a9-43ae-9e2e-1646072c87c1,62.0,31.0,65.4,31.2,127.77,144.8201387839288
1,cef4ae98-85a9-43ae-9e2e-1646072c87c1,62.0,31.0,76.6,28.9,202.18,72.4100693919644
0,cef4ae98-85a9-43ae-9e2e-1646072c87c1,62.0,31.1,65.2,31.3,127.84,142.2050346959822
1,cef4ae98-85a9-43ae-9e2e-1646072c87c1,62.0,31.1,76.4,29.0,201.9,71.1025173479911
0,cef4ae98-85a9-43ae-9e2e-1646072c87c1,61.9,31.0,65.1,31.2,128.08,141.05125867399556
1,cef4ae98-85a9-43ae-9e2e-1646072c87c1,61.9,31.0,76.3,29.0,201.82,70.52562933699778
0,cef4ae98-85a9-43ae-9e2e-1646072c87c1,62.1,31.1,65.2,31.3,127.95,138.2628146684989
1,cef4ae98-85a9-43ae-9e2e-1646072c87c1,62.1,31.1,77.1,29.0,201.82,69.13140733424945
0,cef4ae98-85a9-43ae-9e2e-1646072c87c1,62.0,31.0,65.2,31.3,128.02,136.56570366712472
1,cef4ae98-85a9-43ae-9e2e-1646072c87c1,62.0,31.0,76.7,29.0,201.67,68.28285183356236
0,cef4ae98-85a9-43ae-9e2e-1646072c87c1,61.9,31.1,65.2,31.3,127.79,134.64142591678117
1,cef4ae98-85a9-43ae-9e2e-1646072c87c1,61.9,31.1,76.6,29.1,201.77,67.32071295839059
0,cef4ae98-85a9-43ae-9e2e-1646072c87c1,61.9,31.0,65.1,31.3,127.87,133.1603564791953
1,cef4ae98-85a9-43ae-9e2e-1646072c87c1,61.9,31.0,76.3,29.1,201.55,66.58017823959764
0,cef4ae98-85a9-43ae-9e2e-1646072c87c1,62.0,31.0,65.1,31.3,127.91,131.79008911979884
1,cef4ae98-85a9-43ae-9e2e-1646072c87c1,62.0,31.0,76.6,29.1,201.29,65.89504455989942
0,cef4ae98-85a9-43ae-9e2e-1646072c87c1,61.9,31.0,64.9,31.3,128.08,128.4475222799497
1,cef4ae98-85a9-43ae-9e2e-1646072c87c1,61.9,31.0,76.1,29.1,201.39,64.22376113997485
0,cef4ae98-85a9-43ae-9e2e-1646072c87c1,62.0,31.0,65.3,31.3,128.01,126.11188056998742
1,cef4ae98-85a9-43ae-9e2e-1646072c87c1,62.0,31.0,76.3,29.1,201.13,63.05594028499371
0,cef4ae98-85a9-43ae-9e2e-1646072c87c1,62.1,31.0,64.9,31.3,127.91,124.02797014249686
1,cef4ae98-85a9-43ae-9e2e-1646072c87c1,62.1,31.0,76.3,29.1,201.07,62.01398507124843
0,cef4ae98-85a9-43ae-9e2e-1646072c87c1,62.1,31.0,64.8,31.3,128.02,122.00699253562422
1,cef4ae98-85a9-43ae-9e2e-1646072c87c1,62.1,31.0,76.2,29.1,201.08,61.00349626781211
0,cef4ae98-85a9-43ae-9e2e-1646072c87c1,62.2,31.0,64.8,31.3,128.02,120.00174813390606
1,cef4ae98-85a9-43ae-9e2e-1646072c87c1,62.2,31.0,76.2,29.1,200.93,60.00087406695303
0,cef4ae98-85a9-43ae-9e2e-1646072c87c1,62.2,31.1,65.0,31.4,127.71,117.50043703347652
1,cef4ae98-85a9-43ae-9e2e-1646072c87c1,62.2,31.1,76.1,29.1,200.95,58.75021851673826
0,cef4ae98-85a9-43ae-9e2e-1646072c87c1,62.3,31.0,65.3,31.3,127.82,116.37510925836912
1,cef4ae98-85a9-43ae-9e2e-1646072c87c1,62.3,31.0,76.2,29.2,200.88,58.18755462918456
0,cef4ae98-85a9-43ae-9e2e-1646072c87c1,62.5,31.0,64.9,31.4,127.74,114.59377731459227
1,cef4ae98-85a9-43ae-9e2e-1646072c87c1,62.5,31.0,76.5,29.1,200.9,57.29688865729614
0,cef4ae98-85a9-43ae-9e2e-1646072c87c1,62.5,31.0,64.9,31.4,127.65,113.14844432864807
1,cef4ae98-85a9-43ae-9e2e-1646072c87c1,62.5,31.0,76.2,29.2,200.62,56.574222164324034
0,cef4ae98-85a9-43ae-9e2e-1646072c87c1,62.5,31.1,64.8,31.4,127.61,111.78711108216201
1,cef4ae98-85a9-43ae-9e2e-1646072c87c1,62.5,31.1,76.1,29.2,200.48,55.89355554108101
0,cef4ae98-85a9-43ae-9e2e-1646072c87c1,62.5,31.0,64.9,31.4,127.58,107.9467777705405
1,cef4ae98-85a9-43ae-9e2e-1646072c87c1,62.5,31.0,76.2,29.2,200.45,53.97338888527025
0,cef4ae98-85a9-43ae-9e2e-1646072c87c1,62.7,31.0,64.9,31.4,127.49,106.98669444263513
1,cef4ae98-85a9-43ae-9e2e-1646072c87c1,62.7,31.0,75.6,29.2,200.48,53.49334722131756
0,cef4ae98-85a9-43ae-9e2e-1646072c87c1,62.6,31.0,64.8,31.4,127.45,105.74667361065877
1,cef4ae98-85a9-43ae-9e2e-1646072c87c1,62.6,31.0,76.0,29.3,200.14,52.87333680532939
0,cef4ae98-85a9-43ae-9e2e-1646072c87c1,62.7,31.0,65.2,31.4,127.61,103.9366684026647
1,cef4ae98-85a9-43ae-9e2e-1646072c87c1,62.7,31.0,76.0,29.3,200.13,51.96833420133235
0,cef4ae98-85a9-43ae-9e2e-1646072c87c1,62.6,31.0,65.2,31.4,127.44,102.98416710066617
1,cef4ae98-85a9-43ae-9e2e-1646072c87c1,62.6,31.0,76.4,29.3,200.11,51.492083550333085
0,cef4ae98-85a9-43ae-9e2e-1646072c87c1,62.7,31.0,64.9,31.4,127.36,101.24604177516655
1,cef4ae98-85a9-43ae-9e2e-1646072c87c1,62.7,31.0,76.2,29.3,200.17,151.0
0,cef4ae98-85a9-43ae-9e2e-1646072c87c1,62.6,31.1,64.9,31.4,127.43,150.0
1,cef4ae98-85a9-43ae-9e2e-1646072c87c1,62.6,31.1,76.0,29.3,200.05,149.0
0,cef4ae98-85a9-43ae-9e2e-1646072c87c1,62.6,31.0,64.9,31.4,127.45,148.0
1,cef4ae98-85a9-43ae-9e2e-1646072c87c1,62.6,31.0,75.7,29.4,199.75,147.0
0,cef4ae98-85a9-43ae-9e2e-1646072c87c1,62.5,31.1,64.8,31.4,127.27,144.5
1,cef4ae98-85a9-43ae-9e2e-1646072c87c1,62.5,31.1,75.9,29.4,199.97,142.0
0,cef4ae98-85a9-43ae-9e2e-1646072c87c1,62.6,31.1,65.0,31.4,127.29,141.5
1,cef4ae98-85a9-43ae-9e2e-1646072c87c1,62.6,31.1,75.7,29.4,199.63,141.0
0,cef4ae98-85a9-43ae-9e2e-1646072c87c1,62.6,31.0,65.1,31.5,127.35,139.5
1,cef4ae98-85a9-43ae-9e2e-1646072c87c1,62.6,31.0,75.5,29.4,199.76,138.0
0,cef4ae98-85a9-43ae-9e2e-1646072c87c1,62.6,31.0,64.8,31.5,127.44,137.5
1,cef4ae98-85a9-43ae-9e2e-1646072c87c1,62.6,31.0,75.9,29.4,199.56,137.0
0,cef4ae98-85a9-43ae-9e2e-1646072c87c1,62.5,31.0,65.2,31.4,127.21,136.0
1,cef4ae98-85a9-43ae-9e2e-1646072c87c1,62.5,31.0,75.7,29.4,199.6,135.0
0,cef4ae98-85a9-43ae-9e2e-1646072c87c1,62.7,31.1,64.9,31.5,127.21,130.0
1,cef4ae98-85a9-43ae-9e2e-1646072c87c1,62.7,31.1,75.7,29.4,199.51,125.0
0,cef4ae98-85a9-43ae-9e2e-1646072c87c1,62.6,31.1,64.9,31.5,127.06,125.0
1,cef4ae98-85a9-43ae-9e2e-1646072c87c1,62.6,31.1,75.1,29.4,199.02,125.0
0,cef4ae98-85a9-43ae-9e2e-1646072c87c1,62.7,31.1,64.9,31.5,127.07,124.5
1,cef4ae98-85a9-43ae-9e2e-1646072c87c1,62.7,31.1,75.5,29.4,199.5,124.0
0,cef4ae98-85a9-43ae-9e2e-1646072c87c1,62.6,31.1,65.1,31.5,127.07,123.5
1,cef4ae98-85a9-43ae-9e2e-1646072c87c1,62.6,31.1,75.2,29.5,199.08,123.0
0,cef4ae98-85a9-43ae-9e2e-1646072c87c1,62.6,31.0,65.0,31.5,127.09,121.5
1,cef4ae98-85a9-43ae-9e2e-1646072c87c1,62.6,31.0,75.0,29.5,199.07,120.0
0,cef4ae98-85a9-43ae-9e2e-1646072c87c1,62.6,31.0,64.9,31.5,127.0,119.5
1,cef4ae98-85a9-43ae-9e2e-1646072c87c1,62.6,31.0,75.3,29.5,199.25,119.0
0,cef4ae98-85a9-43ae-9e2e-1646072c87c1,62.7,31.0,64.8,31.5,127.2,118.0
1,cef4ae98-85a9-43ae-9e2e-1646072c87c1,62.7,31.0,74.8,29.5,198.87,117.0
0,cef4ae98-85a9-43ae-9e2e-1646072c87c1,62.7,31.1,64.7,31.5,127.1,116.0
1,cef4ae98-85a9-43ae-9e2e-1646072c87c1,62.7,31.1,75.2,29.5,199.01,115.0
0,cef4ae98-85a9-43ae-9e2e-1646072c87c1,62.7,31.0,64.9,31.5,127.22,114.5
1,cef4ae98-85a9-43ae-9e2e-1646072c87c1,62.7,31.0,75.1,29.5,198.93,114.0
0,cef4ae98-85a9-43ae-9e2e-1646072c87c1,62.7,31.1,64.7,31.5,127.21,112.5
1,cef4ae98-85a9-43ae-9e2e-1646072c87c1,62.7,31.1,75.0,29.5,198.71,111.0
0,cef4ae98-85a9-43ae-9e2e-1646072c87c1,62.7,31.1,64.7,31.5,127.18,110.5
1,cef4ae98-85a9-43ae-9e2e-1646072c87c1,62.7,31.1,75.0,29.5,198.6,110.0
0,cef4ae98-85a9-43ae-9e2e-1646072c87c1,62.9,31.0,65.0,31.5,127.3,109.5
1,cef4ae98-85a9-43ae-9e2e-1646072c87c1,62.9,31.0,75.4,29.5,198.37,109.0
0,cef4ae98-85a9-43ae-9e2e-1646072c87c1,62.8,31.0,64.9,31.5,127.27,108.5
1,cef4ae98-85a9-43ae-9e2e-1646072c87c1,62.8,31.0,75.0,29.6,198.77,108.0
0,cef4ae98-85a9-43ae-9e2e-1646072c87c1,62.8,31.0,64.9,31.5,127.17,106.5
1,cef4ae98-85a9-43ae-9e2e-1646072c87c1,62.8,31.0,75.0,29.5,198.4,105.0
0,cef4ae98-85a9-43ae-9e2e-1646072c87c1,62.8,31.1,64.8,31.5,127.25,105.0
1,cef4ae98-85a9-43ae-9e2e-1646072c87c1,62.8,31.1,75.0,29.6,198.51,105.0
0,cef4ae98-85a9-43ae-9e2e-1646072c87c1,62.8,31.0,64.9,31.5,127.23,104.0
1,cef4ae98-85a9-43ae-9e2e-1646072c87c1,62.8,31.0,75.1,29.6,198.42,103.0
0,cef4ae98-85a9-43ae-9e2e-1646072c87c1,63.0,31.1,65.0,31.5,127.15,103.0
1,cef4ae98-85a9-43ae-9e2e-1646072c87c1,63.0,31.1,75.7,29.6,198.34,103.0
0,cef4ae98-85a9-43ae-9e2e-1646072c87c1,62.9,31.0,65.0,31.5,127.17,102.5
1,cef4ae98-85a9-43ae-9e2e-1646072c87c1,62.9,31.0,75.3,29.6,197.89,102.0
0,cef4ae98-85a9-43ae-9e2e-1646072c87c1,63.0,31.0,64.7,31.5,127.24,101.5
1,cef4ae98-85a9-43ae-9e2e-1646072c87c1,63.0,31.0,75.5,29.6,198.32,101.0
0,cef4ae98-85a9-43ae-9e2e-1646072c87c1,62.9,31.1,64.9,31.5,127.24,100.0
1,cef4ae98-85a9-43ae-9e2e-1646072c87c1,62.9,31.1,75.0,29.6,198.13,99.0
0,cef4ae98-85a9-43ae-9e2e-1646072c87c1,62.9,31.1,64.9,31.5,127.05,97.0
1,cef4ae98-85a9-43ae-9e2e-1646072c87c1,62.9,31.1,75.6,29.6,198.03,95.0
0,cef4ae98-85a9-43ae-9e2e-1646072c87c1,63.1,31.1,64.9,31.5,126.98,95.0
1,cef4ae98-85a9-43ae-9e2e-1646072c87c1,63.1,31.1,75.5,29.6,197.74,95.0
0,cef4ae98-85a9-43ae-9e2e-1646072c87c1,63.0,31.1,64.8,31.5,127.05,94.0
1,cef4ae98-85a9-43ae-9e2e-1646072c87c1,63.0,31.1,75.3,29.6,197.78,93.0
0,cef4ae98-85a9-43ae-9e2e-1646072c87c1,63.1,31.1,64.8,31.5,127.04,92.0
1,cef4ae98-85a9-43ae-9e2e-1646072c87c1,63.1,31.1,75.8,29.6,197.89,91.0
0,cef4ae98-85a9-43ae-9e2e-1646072c87c1,62.9,31.0,64.8,31.5,126.99,91.0
1,cef4ae98-85a9-43ae-9e2e-1646072c87c1,62.9,31.0,75.3,29.6,197.85,91.0
0,cef4ae98-85a9-43ae-9e2e-1646072c87c1,62.9,31.1,64.8,31.5,127.01,90.5
1,cef4ae98-85a9-43ae-9e2e-1646072c87c1,62.9,31.1,75.1,29.6,197.81,90.0
0,cef4ae98-85a9-43ae-9e2e-1646072c87c1,63.0,31.0,64.9,31.5,126.98,89.5
1,cef4ae98-85a9-43ae-9e2e-1646072c87c1,63.0,31.0,75.0,29.6,197.71,89.0
0,cef4ae98-85a9-43ae-9e2e-1646072c87c1,62.9,31.0,64.9,31.5,127.0,89.0
1,cef4ae98-85a9-43ae-9e2e-1646072c87c1,62.9,31.0,74.7,29.7,197.72,89.0
0,cef4ae98-85a9-43ae-9e2e-1646072c87c1,63.1,31.0,64.8,31.5,126.95,88.0
1,cef4ae98-85a9-43ae-9e2e-1646072c87c1,63.1,31.0,75.1,29.7,197.46,87.0
0,cef4ae98-85a9-43ae-9e2e-1646072c87c1,63.1,31.0,64.9,31.5,126.9,87.0
1,cef4ae98-85a9-43ae-9e2e-1646072c87c1,63.1,31.0,74.7,29.7,197.5,87.0
0,cef4ae98-85a9-43ae-9e2e-1646072c87c1,63.2,31.0,64.9,31.5,126.71,86.0
1,cef4ae98-85a9-43ae-9e2e-1646072c87c1,63.2,31.0,75.3,29.7,197.93,85.0
0,cef4ae98-85a9-43ae-9e2e-1646072c87c1,63.2,31.0,65.0,31.5,126.87,84.0
1,cef4ae98-85a9-43ae-9e2e-1646072c87c1,63.2,31.0,75.2,29.7,197.83,83.0
0,cef4ae98-85a9-43ae-9e2e-1646072c87c1,63.1,31.1,64.9,31.5,126.66,83.0
1,cef4ae98-85a9-43ae-9e2e-1646072c87c1,63.1,31.1,75.4,29.7,197.44,83.0
0,cef4ae98-85a9-43ae-9e2e-1646072c87c1,63.2,31.0,64.9,31.5,126.8,81.0
1,cef4ae98-85a9-43ae-9e2e-1646072c87c1,63.2,31.0,75.4,29.7,197.37,79.0
0,cef4ae98-85a9-43ae-9e2e-1646072c87c1,63.1,31.0,64.9,31.5,126.62,77.5
1,cef4ae98-85a9-43ae-9e2e-1646072c87c1,63.1,31.0,75.2,29.7,197.16,76.0
0,cef4ae98-85a9-43ae-9e2e-1646072c87c1,63.1,31.1,64.9,31.5,126.53,76.5
1,cef4ae98-85a9-43ae-9e2e-1646072c87c1,63.1,31.1,75.3,29.7,197.29,77.0
0,cef4ae98-85a9-43ae-9e2e-1646072c87c1,63.0,31.0,64.9,31.5,126.47,76.5
1,cef4ae98-85a9-43ae-9e2e-1646072c87c1,63.0,31.0,74.7,29.7,197.31,76.0
0,cef4ae98-85a9-43ae-9e2e-1646072c87c1,63.0,31.0,64.9,31.5,126.64,75.0
1,cef4ae98-85a9-43ae-9e2e-1646072c87c1,63.0,31.0,74.4,29.7,197.41,74.0
0,cef4ae98-85a9-43ae-9e2e-1646072c87c1,63.2,31.0,64.9,31.5,126.62,73.5
1,cef4ae98-85a9-43ae-9e2e-1646072c87c1,63.2,31.0,75.0,29.8,197.32,73.0
0,cef4ae98-85a9-43ae-9e2e-1646072c87c1,63.3,31.0,64.9,31.6,126.73,73.5
1,cef4ae98-85a9-43ae-9e2e-1646072c87c1,63.3,31.0,75.1,29.7,197.2,74.0
0,cef4ae98-85a9-43ae-9e2e-1646072c87c1,63.0,31.0,64.8,31.5,126.71,73.0
1,cef4ae98-85a9-43ae-9e2e-1646072c87c1,63.0,31.0,74.6,29.8,197.14,72.0
0,cef4ae98-85a9-43ae-9e2e-1646072c87c1,63.3,31.1,64.9,31.6,126.69,72.0
1,cef4ae98-85a9-43ae-9e2e-1646072c87c1,63.3,31.1,75.3,29.8,197.45,72.0
0,cef4ae98-85a9-43ae-9e2e-1646072c87c1,63.3,31.0,64.9,31.6,126.72,72.0
1,cef4ae98-85a9-43ae-9e2e-1646072c87c1,63.3,31.0,74.9,29.8,197.19,72.0
0,cef4ae98-85a9-43ae-9e2e-1646072c87c1,63.1,31.0,65.0,31.6,126.82,70.5
1,cef4ae98-85a9-43ae-9e2e-1646072c87c1,63.1,31.0,74.5,29.8,197.05,69.0
0,cef4ae98-85a9-43ae-9e2e-1646072c87c1,63.2,31.0,64.9,31.6,126.69,68.0
1,cef4ae98-85a9-43ae-9e2e-1646072c87c1,63.2,31.0,75.0,29.8,197.35,67.0
0,cef4ae98-85a9-43ae-9e2e-1646072c87c1,63.2,31.0,64.9,31.5,126.7,65.0
1,cef4ae98-85a9-43ae-9e2e-1646072c87c1,63.2,31.0,74.8,29.8,197.26,63.0
0,cef4ae98-85a9-43ae-9e2e-1646072c87c1,63.1,31.0,64.9,31.6,126.83,63.0
1,cef4ae98-85a9-43ae-9e2e-1646072c87c1,63.1,31.0,74.6,29.8,197.08,63.0
0,cef4ae98-85a9-43ae-9e2e-1646072c87c1,63.0,31.0,65.0,31.5,126.8,62.0
1,cef4ae98-85a9-43ae-9e2e-1646072c87c1,63.0,31.0,74.3,29.8,196.91,61.0
0,cef4ae98-85a9-43ae-9e2e-1646072c87c1,63.0,31.0,64.9,31.6,126.75,60.0
1,cef4ae98-85a9-43ae-9e2e-1646072c87c1,63.0,31.0,74.4,29.8,197.07,59.0
0,cef4ae98-85a9-43ae-9e2e-1646072c87c1,63.2,31.0,64.8,31.6,126.86,59.0
1,cef4ae98-85a9-43ae-9e2e-1646072c87c1,63.2,31.0,74.7,29.8,196.9,59.0
0,cef4ae98-85a9-43ae-9e2e-1646072c87c1,63.0,31.0,64.8,31.6,126.98,59.0
1,cef4ae98-85a9-43ae-9e2e-1646072c87c1,63.0,31.0,74.2,29.8,197.01,59.0
0,cef4ae98-85a9-43ae-9e2e-1646072c87c1,63.2,31.0,64.8,31.6,126.96,58.5
1,cef4ae98-85a9-43ae-9e2e-1646072c87c1,63.2,31.0,74.5,29.8,196.94,58.0
0,cef4ae98-85a9-43ae-9e2e-1646072c87c1,63.1,31.0,64.8,31.6,126.96,57.5
1,cef4ae98-85a9-43ae-9e2e-1646072c87c1,63.1,31.0,74.7,29.8,196.93,57.0
0,cef4ae98-85a9-43ae-9e2e-1646072c87c1,63.1,31.0,64.7,31.6,126.74,56.5
1,cef4ae98-85a9-43ae-9e2e-1646072c87c1,63.1,31.0,74.3,29.8,196.94,56.0
0,cef4ae98-85a9-43ae-9e2e-1646072c87c1,63.2,31.0,64.7,31.6,126.8,54.5
1,cef4ae98-85a9-43ae-9e2e-1646072c87c1,63.2,31.0,74.5,29.8,196.76,53.0
0,cef4ae98-85a9-43ae-9e2e-1646072c87c1,63.0,31.0,64.8,31.6,126.56,53.5
1,cef4ae98-85a9-43ae-9e2e-1646072c87c1,63.0,31.0,74.8,29.8,196.76,54.0
0,cef4ae98-85a9-43ae-9e2e-1646072c87c1,63.1,31.0,64.9,31.6,127.07,53.0
1,cef4ae98-85a9-43ae-9e2e-1646072c87c1,63.1,31.0,74.7,29.8,196.71,52.0
0,cef4ae98-85a9-43ae-9e2e-1646072c87c1,63.0,31.0,64.8,31.6,126.9,51.5
1,cef4ae98-85a9-43ae-9e2e-1646072c87c1,63.0,31.0,73.8,29.8,196.82,51.0
1,cef4ae98-85a9-43ae-9e2e-1646072c87c1,63.2,31.0,74.6,29.8,195.94,47.0
1,cef4ae98-85a9-43ae-9e2e-1646072c87c1,63.2,31.0,74.6,29.8,195.91,47.0
1,cef4ae98-85a9-43ae-9e2e-1646072c87c1,63.2,31.0,73.9,29.8,195.58,45.0
1,cef4ae98-85a9-43ae-9e2e-1646072c87c1,63.1,31.0,74.0,29.8,195.77,45.0
1,cef4ae98-85a9-43ae-9e2e-1646072c87c1,63.2,31.0,74.4,29.8,195.75,44.0
1,cef4ae98-85a9-43ae-9e2e-1646072c87c1,63.3,31.0,74.8,29.9,195.63,41.0
1,cef4ae98-85a9-43ae-9e2e-1646072c87c1,63.2,31.0,73.9,29.8,195.58,41.0
1,cef4ae98-85a9-43ae-9e2e-1646072c87c1,63.2,31.0,73.9,29.9,195.38,41.0
1,cef4ae98-85a9-43ae-9e2e-1646072c87c1,63.0,31.0,73.4,29.9,195.12,40.0
1,cef4ae98-85a9-43ae-9e2e-1646072c87c1,63.0,31.0,73.9,29.9,195.27,39.0
1,cef4ae98-85a9-43ae-9e2e-1646072c87c1,63.0,31.0,73.4,29.9,195.12,38.0
1,cef4ae98-85a9-43ae-9e2e-1646072c87c1,63.2,31.0,73.6,29.9,194.88,38.0
1,cef4ae98-85a9-43ae-9e2e-1646072c87c1,63.2,31.0,73.7,29.9,195.2,36.0
1,cef4ae98-85a9-43ae-9e2e-1646072c87c1,63.4,31.0,73.9,29.9,195.02,36.0
1,cef4ae98-85a9-43ae-9e2e-1646072c87c1,63.1,31.0,73.7,29.9,194.85,35.0
1,cef4ae98-85a9-43ae-9e2e-1646072c87c1,63.0,31.0,73.3,29.9,194.93,31.0
1,cef4ae98-85a9-43ae-9e2e-1646072c87c1,63.0,30.9,73.2,29.9,194.65,30.0
1,cef4ae98-85a9-43ae-9e2e-1646072c87c1,63.2,31.0,73.4,29.9,194.86,30.0
1,cef4ae98-85a9-43ae-9e2e-1646072c87c1,63.2,31.0,73.8,29.9,194.81,28.0
1,cef4ae98-85a9-43ae-9e2e-1646072c87c1,63.0,31.0,73.3,29.9,194.43,27.0
1,cef4ae98-85a9-43ae-9e2e-1646072c87c1,63.0,31.0,72.8,29.9,194.7,27.0
1,cef4ae98-85a9-43ae-9e2e-1646072c87c1,62.8,30.9,72.9,29.9,194.46,25.0
1,cef4ae98-85a9-43ae-9e2e-1646072c87c1,63.0,30.9,72.8,29.9,194.67,26.0
1,cef4ae98-85a9-43ae-9e2e-1646072c87c1,63.0,30.9,73.2,29.9,194.72,25.0
1,cef4ae98-85a9-43ae-9e2e-1646072c87c1,63.0,30.9,73.3,29.9,194.59,24.0
1,cef4ae98-85a9-43ae-9e2e-1646072c87c1,62.9,30.9,72.8,29.9,194.54,22.0
1,cef4ae98-85a9-43ae-9e2e-1646072c87c1,62.9,30.9,72.6,29.9,194.35,23.0
1,cef4ae98-85a9-43ae-9e2e-1646072c87c1,63.2,30.9,73.1,30.0,194.29,22.0
1,cef4ae98-85a9-43ae-9e2e-1646072c87c1,63.1,30.9,73.0,29.9,194.26,23.0
1,cef4ae98-85a9-43ae-9e2e-1646072c87c1,63.0,30.9,72.8,30.0,194.12,22.0
1,cef4ae98-85a9-43ae-9e2e-1646072c87c1,63.2,30.9,73.3,30.0,194.25,21.0
1,cef4ae98-85a9-43ae-9e2e-1646072c87c1,63.2,30.9,73.0,30.0,194.12,21.0
1,cef4ae98-85a9-43ae-9e2e-1646072c87c1,63.1,30.9,73.2,30.0,194.3,21.0
1,cef4ae98-85a9-43ae-9e2e-1646072c87c1,63.0,30.9,72.8,30.0,194.15,21.0
1,cef4ae98-85a9-43ae-9e2e-1646072c87c1,63.0,30.9,72.9,30.0,193.83,20.0
1,cef4ae98-85a9-43ae-9e2e-1646072c87c1,62.9,30.9,72.4,30.0,193.86,20.0
1,cef4ae98-85a9-43ae-9e2e-1646072c87c1,63.0,30.9,72.8,30.0,193.65,20.0
1,cef4ae98-85a9-43ae-9e2e-1646072c87c1,63.1,30.9,72.4,30.0,193.82,20.0
1,cef4ae98-85a9-43ae-9e2e-1646072c87c1,63.1,30.9,72.9,30.0,194.05,20.0
1,cef4ae98-85a9-43ae-9e2e-1646072c87c1,63.2,30.9,73.3,30.0,193.89,20.0
1,cef4ae98-85a9-43ae-9e2e-1646072c87c1,63.1,30.9,73.0,30.0,193.6,19.0
1,cef4ae98-85a9-43ae-9e2e-1646072c87c1,63.1,30.9,72.7,30.0,193.8,17.0
1,cef4ae98-85a9-43ae-9e2e-1646072c87c1,63.0,30.9,72.6,30.0,193.6,18.0
1,cef4ae98-85a9-43ae-9e2e-1646072c87c1,63.0,30.9,72.5,30.0,193.6,19.0
1,cef4ae98-85a9-43ae-9e2e-1646072c87c1,63.0,30.9,72.3,30.0,193.66,19.0
1,cef4ae98-85a9-43ae-9e2e-1646072c87c1,63.0,30.9,72.4,30.0,193.32,19.0
1,cef4ae98-85a9-43ae-9e2e-1646072c87c1,63.0,30.9,72.2,30.1,193.63,20.0
1,cef4ae98-85a9-43ae-9e2e-1646072c87c1,63.1,30.9,72.8,30.1,193.74,19.0
1,cef4ae98-85a9-43ae-9e2e-1646072c87c1,63.1,30.9,72.3,30.1,193.48,19.0
1,cef4ae98-85a9-43ae-9e2e-1646072c87c1,63.1,30.9,72.4,30.1,193.48,18.0
1,cef4ae98-85a9-43ae-9e2e-1646072c87c1,63.4,30.9,73.1,30.1,193.45,20.0
1,cef4ae98-85a9-43ae-9e2e-1646072c87c1,63.5,30.9,73.4,30.1,193.55,18.0
1,cef4ae98-85a9-43ae-9e2e-1646072c87c1,63.6,30.9,73.1,30.1,193.0,18.0
1,cef4ae98-85a9-43ae-9e2e-1646072c87c1,63.5,30.9,73.1,30.1,193.17,17.0
1,cef4ae98-85a9-43ae-9e2e-1646072c87c1,63.4,30.9,72.8,30.1,192.97,19.0
1,cef4ae98-85a9-43ae-9e2e-1646072c87c1,63.4,30.9,72.9,30.1,193.21,17.0
1,cef4ae98-85a9-43ae-9e2e-1646072c87c1,63.5,31.0,72.8,30.2,193.1,17.0
1,cef4ae98-85a9-43ae-9e2e-1646072c87c1,63.3,31.0,72.6,30.2,193.07,17.0
1,cef4ae98-85a9-43ae-9e2e-1646072c87c1,63.2,31.0,72.7,30.2,193.06,17.0
1,cef4ae98-85a9-43ae-9e2e-1646072c87c1,63.4,31.0,72.7,30.2,192.84,18.0
1,cef4ae98-85a9-43ae-9e2e-1646072c87c1,63.4,31.0,73.0,30.2,192.81,20.0
1,cef4ae98-85a9-43ae-9e2e-1646072c87c1,63.5,31.0,73.0,30.2,192.86,17.0
1,cef4ae98-85a9-43ae-9e2e-1646072c87c1,63.4,31.0,73.2,30.2,192.57,19.0
1,cef4ae98-85a9-43ae-9e2e-1646072c87c1,63.6,31.0,73.0,30.2,192.69,18.0
1,cef4ae98-85a9-43ae-9e2e-1646072c87c1,63.4,31.0,72.9,30.2,192.77,18.0
1,cef4ae98-85a9-43ae-9e2e-1646072c87c1,63.1,31.0,72.1,30.2,192.77,17.0
1,cef4ae98-85a9-43ae-9e2e-1646072c87c1,63.0,31.0,72.0,30.2,192.52,18.0
1,cef4ae98-85a9-43ae-9e2e-1646072c87c1,62.9,31.0,71.8,30.3,192.71,18.0
1,cef4ae98-85a9-43ae-9e2e-1646072c87c1,62.9,31.0,71.6,30.2,192.4,17.0
1,cef4ae98-85a9-43ae-9e2e-1646072c87c1,62.8,31.0,71.5,30.3,192.55,18.0
1,cef4ae98-85a9-43ae-9e2e-1646072c87c1,62.9,31.0,71.9,30.3,192.57,18.0
1,cef4ae98-85a9-43ae-9e2e-1646072c87c1,62.9,31.0,71.5,30.3,192.61,19.0
1,cef4ae98-85a9-43ae-9e2e-1646072c87c1,63.1,31.0,71.6,30.3,192.43,19.0
1,cef4ae98-85a9-43ae-9e2e-1646072c87c1,63.0,31.0,71.6,30.3,192.42,17.0
1,cef4ae98-85a9-43ae-9e2e-1646072c87c1,63.1,31.0,71.7,30.3,192.46,18.0
1,cef4ae98-85a9-43ae-9e2e-1646072c87c1,63.0,31.0,71.4,30.3,192.37,17.0
1,cef4ae98-85a9-43ae-9e2e-1646072c87c1,62.9,31.0,70.8,30.3,192.48,18.0
1,cef4ae98-85a9-43ae-9e2e-1646072c87c1,62.9,31.0,71.2,30.3,192.42,17.0
1,cef4ae98-85a9-43ae-9e2e-1646072c87c1,62.8,31.0,71.0,30.3,192.48,19.0
1,cef4ae98-85a9-43ae-9e2e-1646072c87c1,63.0,31.0,71.5,30.3,192.15,17.0
1,cef4ae98-85a9-43ae-9e2e-1646072c87c1,62.8,31.0,70.9,30.3,192.15,17.0
1,cef4ae98-85a9-43ae-9e2e-1646072c87c1,63.0,31.0,71.3,30.3,192.16,17.0
1,cef4ae98-85a9-43ae-9e2e-1646072c87c1,63.2,31.0,71.5,30.3,192.13,18.0
1,cef4ae98-85a9-43ae-9e2e-1646072c87c1,63.3,31.0,71.6,30.3,192.31,17.0
1,cef4ae98-85a9-43ae-9e2e-1646072c87c1,63.6,31.0,71.9,30.4,192.03,18.0
1,cef4ae98-85a9-43ae-9e2e-1646072c87c1,63.7,31.0,72.3,30.4,192.06,17.0
1,cef4ae98-85a9-43ae-9e2e-1646072c87c1,63.4,31.0,72.1,30.4,191.86,17.0
1,cef4ae98-85a9-43ae-9e2e-1646072c87c1,63.1,31.0,71.4,30.4,191.85,17.0
1,cef4ae98-85a9-43ae-9e2e-1646072c87c1,63.3,31.0,71.6,30.4,191.86,19.0
1,cef4ae98-85a9-43ae-9e2e-1646072c87c1,63.1,31.0,71.1,30.4,191.8,17.0
1,cef4ae98-85a9-43ae-9e2e-1646072c87c1,63.0,31.0,70.9,30.4,191.77,18.0
1,cef4ae98-85a9-43ae-9e2e-1646072c87c1,63.0,31.0,70.9,30.4,191.76,17.0
1,cef4ae98-85a9-43ae-9e2e-1646072c87c1,62.7,31.0,70.8,30.4,191.9,17.0
1,cef4ae98-85a9-43ae-9e2e-1646072c87c1,63.0,31.0,70.9,30.4,191.72,17.0
1,cef4ae98-85a9-43ae-9e2e-1646072c87c1,63.0,31.0,70.9,30.4,191.89,18.0
1,cef4ae98-85a9-43ae-9e2e-1646072c87c1,63.2,31.0,71.3,30.4,191.9,17.0
1,cef4ae98-85a9-43ae-9e2e-1646072c87c1,63.2,31.0,71.1,30.4,191.76,17.0
1,cef4ae98-85a9-43ae-9e2e-1646072c87c1,63.1,31.0,70.5,30.4,191.81,18.0
1,cef4ae98-85a9-43ae-9e2e-1646072c87c1,63.0,31.0,71.0,30.5,191.67,17.0
1,cef4ae98-85a9-43ae-9e2e-1646072c87c1,63.2,31.0,71.0,30.5,191.67,19.0
1,cef4ae98-85a9-43ae-9e2e-1646072c87c1,63.5,31.0,71.4,30.4,191.47,18.0
1,cef4ae98-85a9-43ae-9e2e-1646072c87c1,63.4,31.0,71.1,30.5,191.42,17.0
1,cef4ae98-85a9-43ae-9e2e-1646072c87c1,63.3,31.0,71.0,30.5,191.71,17.0
1,cef4ae98-85a9-43ae-9e2e-1646072c87c1,63.3,31.0,71.2,30.5,191.36,18.0
1,cef4ae98-85a9-43ae-9e2e-1646072c87c1,63.2,31.0,70.9,30.5,191.71,17.0
1,cef4ae98-85a9-43ae-9e2e-1646072c87c1,63.4,31.0,71.2,30.5,191.5,17.0
1,cef4ae98-85a9-43ae-9e2e-1646072c87c1,63.0,31.0,70.5,30.5,191.29,14.0
1,cef4ae98-85a9-43ae-9e2e-1646072c87c1,63.2,31.0,70.9,30.5,191.38,17.0
1,cef4ae98-85a9-43ae-9e2e-1646072c87c1,63.2,31.0,70.7,30.5,191.47,17.0
1,cef4ae98-85a9-43ae-9e2e-1646072c87c1,63.2,31.0,70.6,30.5,191.32,17.0
1,cef4ae98-85a9-43ae-9e2e-1646072c87c1,63.2,31.0,70.7,30.5,191.26,17.0
1,cef4ae98-85a9-43ae-9e2e-1646072c87c1,63.3,31.0,70.5,30.5,191.28,18.0
1,cef4ae98-85a9-43ae-9e2e-1646072c87c1,63.6,31.0,71.0,30.5,191.36,18.0
1,cef4ae98-85a9-43ae-9e2e-1646072c87c1,63.7,31.0,71.2,30.6,191.14,18.0
1,cef4ae98-85a9-43ae-9e2e-1646072c87c1,63.5,31.0,71.0,30.6,191.28,18.0
1,cef4ae98-85a9-43ae-9e2e-1646072c87c1,63.3,31.0,70.7,30.6,191.24,18.0
1,cef4ae98-85a9-43ae-9e2e-1646072c87c1,63.1,31.0,70.0,30.6,191.04,17.0
1,cef4ae98-85a9-43ae-9e2e-1646072c87c1,63.1,31.0,70.1,30.6,191.33,19.0
1,cef4ae98-85a9-43ae-9e2e-1646072c87c1,63.1,31.0,70.0,30.6,191.28,17.0
1,cef4ae98-85a9-43ae-9e2e-1646072c87c1,63.1,31.0,70.0,30.6,191.07,18.0
1,cef4ae98-85a9-43ae-9e2e-1646072c87c1,63.2,31.0,70.1,30.6,191.07,18.0
1,cef4ae98-85a9-43ae-9e2e-1646072c87c1,63.3,31.0,70.5,30.6,190.86,17.0
1,cef4ae98-85a9-43ae-9e2e-1646072c87c1,63.4,31.0,70.6,30.6,191.0,16.0
1,cef4ae98-85a9-43ae-9e2e-1646072c87c1,62.9,31.0,69.6,30.6,190.8,18.0
1,cef4ae98-85a9-43ae-9e2e-1646072c87c1,63.0,31.0,70.0,30.6,190.74,17.0
1,cef4ae98-85a9-43ae-9e2e-1646072c87c1,63.0,31.0,70.1,30.6,190.93,19.0
1,cef4ae98-85a9-43ae-9e2e-1646072c87c1,63.3,31.0,70.4,30.6,190.98,17.0
1,cef4ae98-85a9-43ae-9e2e-1646072c87c1,63.4,31.0,70.2,30.6,190.81,17.0
1,cef4ae98-85a9-43ae-9e2e-1646072c87c1,63.3,31.0,70.0,30.7,190.86,17.0
1,cef4ae98-85a9-43ae-9e2e-1646072c87c1,63.4,31.0,70.2,30.7,190.86,18.0
1,cef4ae98-85a9-43ae-9e2e-1646072c87c1,63.5,31.0,70.2,30.7,190.71,17.0
1,cef4ae98-85a9-43ae-9e2e-1646072c87c1,63.3,31.0,70.2,30.7,190.86,19.0
1,cef4ae98-85a9-43ae-9e2e-1646072c87c1,63.2,31.0,69.9,30.7,190.89,17.0
1,cef4ae98-85a9-43ae-9e2e-1646072c87c1,63.5,31.0,70.2,30.7,190.7,17.0
1,cef4ae98-85a9-43ae-9e2e-1646072c87c1,63.1,31.0,69.3,30.7,190.67,17.0
1,cef4ae98-85a9-43ae-9e2e-1646072c87c1,63.3,31.0,69.7,30.7,190.66,18.0
1,cef4ae98-85a9-43ae-9e2e-1646072c87c1,63.3,31.0,69.5,30.7,190.97,18.0
1,cef4ae98-85a9-43ae-9e2e-1646072c87c1,63.3,31.0,69.7,30.7,190.76,19.0
1,cef4ae98-85a9-43ae-9e2e-1646072c87c1,63.2,31.0,69.6,30.7,190.65,17.0
1,cef4ae98-85a9-43ae-9e2e-1646072c87c1,63.1,31.0,69.0,30.7,190.43,18.0
1,cef4ae98-85a9-43ae-9e2e-1646072c87c1,63.2,31.0,69.2,30.7,190.73,17.0
1,cef4ae98-85a9-43ae-9e2e-1646072c87c1,63.2,31.0,69.1,30.7,190.51,17.0
1,cef4ae98-85a9-43ae-9e2e-1646072c87c1,63.3,31.0,69.6,30.7,190.54,17.0
1,cef4ae98-85a9-43ae-9e2e-1646072c87c1,63.1,31.0,69.0,30.7,190.48,17.0
1,cef4ae98-85a9-43ae-9e2e-1646072c87c1,63.1,31.0,69.2,30.7,190.58,17.0
1,cef4ae98-85a9-43ae-9e2e-1646072c87c1,63.2,31.0,69.1,30.7,190.51,17.0
1,cef4ae98-85a9-43ae-9e2e-1646072c87c1,63.5,31.0,69.4,30.7,190.51,17.0
1,cef4ae98-85a9-43ae-9e2e-1646072c87c1,63.2,31.0,69.1,30.8,190.49,17.0
1,cef4ae98-85a9-43ae-9e2e-1646072c87c1,63.3,31.0,69.1,30.8,190.36,18.0
1,cef4ae98-85a9-43ae-9e2e-1646072c87c1,63.3,31.0,69.3,30.8,190.45,17.0
1,cef4ae98-85a9-43ae-9e2e-1646072c87c1,63.4,31.0,69.3,30.8,190.23,18.0
1,cef4ae98-85a9-43ae-9e2e-1646072c87c1,63.5,31.0,69.5,30.8,190.33,19.0
1,cef4ae98-85a9-43ae-9e2e-1646072c87c1,63.5,31.0,69.1,30.8,190.28,15.0
1,cef4ae98-85a9-43ae-9e2e-1646072c87c1,63.3,31.0,69.0,30.8,190.64,18.0
1,cef4ae98-85a9-43ae-9e2e-1646072c87c1,63.4,31.0,69.3,30.8,190.34,18.0
1,cef4ae98-85a9-43ae-9e2e-1646072c87c1,63.6,31.0,69.4,30.8,190.24,18.0
1,cef4ae98-85a9-43ae-9e2e-1646072c87c1,63.5,31.0,69.3,30.8,190.18,17.0
1,cef4ae98-85a9-43ae-9e2e-1646072c87c1,63.6,31.0,69.4,30.8,190.41,17.0
1,cef4ae98-85a9-43ae-9e2e-1646072c87c1,63.6,31.0,69.2,30.8,190.29,18.0
1,cef4ae98-85a9-43ae-9e2e-1646072c87c1,63.5,31.0,69.2,30.8,190.14,15.0
1,cef4ae98-85a9-43ae-9e2e-1646072c87c1,63.4,31.0,69.0,30.8,190.14,17.0
1,cef4ae98-85a9-43ae-9e2e-1646072c87c1,63.5,31.0,69.1,30.8,190.21,18.0
1,cef4ae98-85a9-43ae-9e2e-1646072c87c1,63.8,31.0,69.3,30.9,189.96,18.0
1,cef4ae98-85a9-43ae-9e2e-1646072c87c1,63.6,31.0,69.0,30.9,189.91,17.0
1,cef4ae98-85a9-43ae-9e2e-1646072c87c1,63.7,31.0,69.4,30.9,189.98,17.0
1,cef4ae98-85a9-43ae-9e2e-1646072c87c1,63.8,31.0,69.3,30.9,189.99,19.0
1,cef4ae98-85a9-43ae-9e2e-1646072c87c1,63.7,31.0,69.1,30.9,190.2,17.0
1,cef4ae98-85a9-43ae-9e2e-1646072c87c1,63.7,31.0,69.0,30.9,190.0,17.0
1,cef4ae98-85a9-43ae-9e2e-1646072c87c1,63.7,31.0,69.0,30.9,189.83,15.0
1,cef4ae98-85a9-43ae-9e2e-1646072c87c1,63.2,31.0,68.4,30.9,189.83,18.0
1,cef4ae98-85a9-43ae-9e2e-1646072c87c1,63.3,31.0,68.7,30.9,190.05,19.0
1,cef4ae98-85a9-43ae-9e2e-1646072c87c1,63.3,30.9,68.6,30.9,189.99,17.0
1,cef4ae98-85a9-43ae-9e2e-1646072c87c1,63.7,30.9,68.9,30.9,190.02,17.0
1,cef4ae98-85a9-43ae-9e2e-1646072c87c1,63.7,31.0,68.9,30.9,189.83,18.0
1,cef4ae98-85a9-43ae-9e2e-1646072c87c1,63.7,30.9,68.7,30.9,189.71,17.0
1,cef4ae98-85a9-43ae-9e2e-1646072c87c1,63.5,31.0,68.7,30.9,189.95,17.0
1,cef4ae98-85a9-43ae-9e2e-1646072c87c1,63.7,31.0,68.8,30.9,189.92,17.0
1,cef4ae98-85a9-43ae-9e2e-1646072c87c1,64.0,31.0,69.0,30.9,190.0,17.0
1,cef4ae98-85a9-43ae-9e2e-1646072c87c1,63.9,31.0,68.9,30.9,189.81,17.0
1,cef4ae98-85a9-43ae-9e2e-1646072c87c1,63.8,31.0,68.9,30.9,189.93,18.0
1,cef4ae98-85a9-43ae-9e2e-1646072c87c1,63.9,31.0,68.9,30.9,189.82,18.0
1,cef4ae98-85a9-43ae-9e2e-1646072c87c1,63.8,31.0,68.8,30.9,189.73,18.0
1,cef4ae98-85a9-43ae-9e2e-1646072c87c1,63.8,31.0,68.7,31.0,189.65,17.0
1,cef4ae98-85a9-43ae-9e2e-1646072c87c1,63.7,31.0,68.2,31.0,189.73,18.0
1,cef4ae98-85a9-43ae-9e2e-1646072c87c1,63.6,31.0,68.4,31.0,189.87,18.0
1,cef4ae98-85a9-43ae-9e2e-1646072c87c1,63.2,31.0,67.8,31.0,189.62,18.0
1,cef4ae98-85a9-43ae-9e2e-1646072c87c1,63.4,31.0,67.9,31.0,189.69,19.0
1,cef4ae98-85a9-43ae-9e2e-1646072c87c1,63.3,30.9,68.0,31.0,189.93,18.0
1,cef4ae98-85a9-43ae-9e2e-1646072c87c1,63.7,31.0,68.3,31.0,189.82,18.0
1,cef4ae98-85a9-43ae-9e2e-1646072c87c1,63.8,30.9,68.5,31.0,189.62,18.0
1,cef4ae98-85a9-43ae-9e2e-1646072c87c1,63.7,31.0,68.1,31.0,189.73,17.0
1,cef4ae98-85a9-43ae-9e2e-1646072c87c1,63.6,31.0,68.1,31.0,189.75,17.0
1,cef4ae98-85a9-43ae-9e2e-1646072c87c1,63.6,31.0,67.9,31.0,189.86,17.0
1,cef4ae98-85a9-43ae-9e2e-1646072c87c1,63.5,30.9,67.9,31.0,189.61,17.0
1,cef4ae98-85a9-43ae-9e2e-1646072c87c1,63.4,30.9,67.7,31.0,189.69,18.0
1,cef4ae98-85a9-43ae-9e2e-1646072c87c1,63.2,30.9,67.4,31.0,189.68,17.0
1,cef4ae98-85a9-43ae-9e2e-1646072c87c1,63.6,31.0,67.9,31.0,189.76,16.0
1,cef4ae98-85a9-43ae-9e2e-1646072c87c1,63.5,31.0,67.8,31.0,189.51,17.0
1,cef4ae98-85a9-43ae-9e2e-1646072c87c1,63.7,30.9,67.9,31.0,189.63,18.0
1,cef4ae98-85a9-43ae-9e2e-1646072c87c1,63.6,30.9,67.7,31.0,179.22,18.0
