2024/4/13 12:32,62.9,25.2,77.36,69.7,24.5,76.1,0.21,0,10
2024/4/13 12:36,62.8,25.5,77.9,69.3,24.7,76.46,0.015,0,23
2024/4/13 12:41,64.0,25.8,78.44,69.6,25.2,77.36,762.09,0,22
2024/4/13 12:42,64.1,25.8,78.44,76.7,25.3,77.54,761.54,0,22
2024/4/13 12:43,64.8,25.7,78.26,76.9,25.0,77.0,761.85,0,23
2024/4/13 12:44,64.9,25.8,78.44,76.7,24.8,76.64,762.09,0,5
2024/4/13 12:45,64.8,25.8,78.44,76.9,24.6,76.28,762.26,0,23
2024/4/13 12:46,65.5,25.8,78.44,77.9,24.5,76.1,762.51,0,0
2024/4/13 12:47,65.6,25.8,78.44,77.9,24.3,75.74,762.67,0,23
2024/4/13 12:48,65.7,25.8,78.44,78.8,24.3,75.74,762.9,0,19
2024/4/13 12:49,65.9,25.8,78.44,79.6,24.2,75.56,762.9,0,17
2024/4/13 12:50,66.0,25.8,78.44,80.2,24.2,75.56,762.91,0,22
2024/4/13 12:51,66.0,25.9,78.62,80.5,24.2,75.56,763.11,0,24
2024/4/13 12:52,66.1,25.9,78.62,80.0,24.2,75.56,763.09,0,23
2024/4/13 12:53,66.0,25.9,78.62,80.0,24.2,75.56,763.25,0,25
2024/4/13 12:54,66.1,25.9,78.62,80.3,24.2,75.56,763.27,0,21
2024/4/13 12:55,66.1,25.9,78.62,80.3,24.2,75.56,763.33,0,20
2024/4/13 12:56,66.1,25.9,78.62,80.3,24.3,75.74,763.29,0,14
2024/4/13 12:57,66.3,26.0,78.8,80.5,24.3,75.74,763.3,0,23
2024/4/13 12:58,66.3,26.0,78.8,80.1,24.3,75.74,763.37,0,21
2024/4/13 12:59,66.3,26.0,78.8,80.5,24.3,75.74,763.45,0,19
2024/4/13 13:00,66.5,26.0,78.8,80.5,24.3,75.74,763.53,0,12
2024/4/13 13:01,66.2,26.0,78.8,80.3,24.4,75.92,763.55,0,18
2024/4/13 13:02,66.2,26.0,78.8,79.8,24.4,75.92,763.48,0,25
2024/4/13 13:03,66.1,26.1,78.98,79.7,24.4,75.92,763.43,0,21
2024/4/13 13:04,65.8,26.1,78.98,79.5,24.4,75.92,763.49,0,21
2024/4/13 13:05,66.0,26.1,78.98,79.5,24.4,75.92,763.49,0,7
2024/4/13 13:06,65.9,26.1,78.98,79.4,24.4,75.92,763.42,0,29
2024/4/13 13:07,65.7,26.1,78.98,79.3,24.4,75.92,763.54,0,22
2024/4/13 13:08,66.0,26.1,78.98,79.2,24.5,76.1,763.46,0,23
2024/4/13 13:09,66.0,26.2,79.16,79.3,24.5,76.1,763.58,0,23
2024/4/13 13:10,66.1,26.2,79.16,79.8,24.5,76.1,763.54,0,19
2024/4/13 13:11,66.4,26.2,79.16,80.0,24.5,76.1,763.59,0,21
2024/4/13 13:12,66.4,26.2,79.16,80.0,24.6,76.28,763.5,0,1
2024/4/13 13:13,66.3,26.2,79.16,79.7,24.6,76.28,763.55,0,27
2024/4/13 13:14,66.4,26.2,79.16,80.2,24.6,76.28,763.52,0,21
2024/4/13 13:15,66.4,26.2,79.16,80.1,24.6,76.28,763.55,0,1
2024/4/13 13:16,66.3,26.3,79.34,80.1,24.7,76.46,763.48,0,22
2024/4/13 13:17,66.4,26.3,79.34,79.9,24.7,76.46,763.54,0,13
2024/4/13 13:18,66.5,26.3,79.34,80.2,24.7,76.46,763.48,0,19
2024/4/13 13:19,66.7,26.3,79.34,79.8,24.7,76.46,763.49,0,25
2024/4/13 13:20,66.5,26.3,79.34,80.1,24.7,76.46,763.46,0,25
2024/4/13 13:21,66.4,26.3,79.34,80.2,24.8,76.64,763.49,0,19
2024/4/13 13:22,66.3,26.3,79.34,80.6,24.8,76.64,763.45,0,19
2024/4/13 13:23,66.6,26.4,79.52,80.2,24.8,76.64,763.44,0,19
2024/4/13 13:24,66.4,26.4,79.52,79.2,24.8,76.64,763.45,0,19
2024/4/13 13:25,66.1,26.4,79.52,78.9,24.8,76.64,763.46,0,22
2024/4/13 13:26,66.3,26.4,79.52,78.9,24.8,76.64,763.36,0,21
2024/4/13 13:27,66.1,26.4,79.52,78.5,24.8,76.64,763.37,0,21
2024/4/13 13:28,65.9,26.4,79.52,78.4,24.9,76.82,763.38,0,23
2024/4/13 13:29,66.2,26.4,79.52,78.7,24.9,76.82,763.44,0,17
2024/4/13 13:30,66.1,26.4,79.52,78.9,24.9,76.82,763.16,0,19
2024/4/13 13:31,66.2,26.5,79.7,78.7,24.9,76.82,763.2,0,19
2024/4/13 13:32,66.3,26.5,79.7,78.6,24.9,76.82,763.08,0,0
2024/4/13 13:33,66.3,26.5,79.7,78.7,24.9,76.82,763.13,0,0
2024/4/13 13:35,66.2,26.5,79.7,79.2,24.9,76.82,763.15,0,21
2024/4/13 13:36,66.4,26.5,79.7,79.3,24.9,76.82,763.24,0,0
2024/4/13 13:37,66.4,26.5,79.7,79.2,25.0,77.0,763.23,0,25
2024/4/13 13:38,66.5,26.6,79.88,79.4,25.0,77.0,763.3,0,0
2024/4/13 13:39,66.6,26.6,79.88,79.5,25.0,77.0,763.37,0,13
2024/4/13 13:40,66.5,26.6,79.88,79.6,25.0,77.0,763.41,0,1
2024/4/13 13:41,66.6,26.6,79.88,79.0,25.1,77.18,763.53,0,0
2024/4/13 13:42,66.7,26.6,79.88,79.5,25.1,77.18,763.66,0,18
2024/4/13 13:43,66.5,26.6,79.88,80.1,25.1,77.18,763.68,0,20
2024/4/13 13:44,66.5,26.6,79.88,80.0,25.1,77.18,763.89,0,19
2024/4/13 13:45,66.8,26.6,79.88,79.3,25.1,77.18,764.01,0,25
2024/4/13 13:46,66.9,26.6,79.88,79.5,25.1,77.18,764.19,0,23
2024/4/13 13:47,66.5,26.6,79.88,79.1,25.1,77.18,764.57,0,19
2024/4/13 13:48,66.4,26.7,80.06,78.1,25.1,77.18,764.83,0,21
2024/4/13 13:49,66.2,26.7,80.06,79.0,25.1,77.18,765.24,0,23
2024/4/13 13:50,66.0,26.7,80.06,78.7,25.1,77.18,765.35,0,23
2024/4/13 13:51,66.1,26.7,80.06,78.7,25.1,77.18,765.44,0,21
2024/4/13 13:52,66.3,26.7,80.06,78.3,25.2,77.36,765.53,0,23
2024/4/13 13:53,66.5,26.7,80.06,78.3,25.2,77.36,765.57,0,25
2024/4/13 13:54,66.6,26.7,80.06,78.4,25.2,77.36,765.63,0,18
2024/4/13 13:55,66.1,26.7,80.06,78.4,25.2,77.36,765.63,0,21
2024/4/13 13:56,66.4,26.8,80.24,78.3,25.2,77.36,765.55,0,25
2024/4/13 13:57,65.1,26.7,80.06,77.9,25.2,77.36,765.65,0,19
2024/4/13 13:58,66.2,26.8,80.24,78.6,25.2,77.36,765.65,0,10
2024/4/13 13:59,66.4,26.8,80.24,78.5,25.2,77.36,765.76,0,19
2024/4/13 14:00,66.6,26.7,80.06,78.3,25.2,77.36,765.76,0,18
2024/4/13 14:01,66.6,26.8,80.24,78.2,25.2,77.36,765.75,0,0
2024/4/13 14:02,66.6,26.8,80.24,78.2,25.2,77.36,765.71,0,19
2024/4/13 14:03,66.6,26.8,80.24,78.4,25.2,77.36,765.75,0,13
2024/4/13 14:04,66.5,26.8,80.24,78.2,25.2,77.36,765.78,0,21
2024/4/13 14:05,66.5,26.8,80.24,78.4,25.2,77.36,765.81,0,22
2024/4/13 14:06,66.5,26.8,80.24,78.3,25.2,77.36,765.79,0,23
2024/4/13 14:07,66.5,26.8,80.24,79.0,25.2,77.36,765.83,0,25
2024/4/13 14:08,66.5,26.8,80.24,78.9,25.3,77.54,765.77,0,11
2024/4/13 14:09,66.4,26.8,80.24,78.5,25.3,77.54,765.73,0,18
2024/4/13 14:10,66.1,26.9,80.42,78.3,25.3,77.54,765.7,0,19
2024/4/13 14:11,66.0,26.8,80.24,77.9,25.3,77.54,765.71,0,21
2024/4/13 14:12,66.0,26.9,80.42,78.2,25.3,77.54,765.74,0,1
2024/4/13 14:13,65.8,26.9,80.42,77.8,25.3,77.54,765.76,0,1
2024/4/13 14:14,65.8,26.9,80.42,77.8,25.3,77.54,765.75,0,21
2024/4/13 14:15,65.9,26.9,80.42,78.0,25.3,77.54,765.75,0,23
2024/4/13 14:16,65.8,26.9,80.42,77.3,25.3,77.54,765.76,0,23
2024/4/13 14:17,65.9,26.9,80.42,77.4,25.3,77.54,765.74,0,23
2024/4/13 14:18,65.8,26.9,80.42,77.1,25.3,77.54,765.75,0,22
2024/4/13 14:19,65.8,26.9,80.42,77.2,25.3,77.54,765.73,0,20
2024/4/13 14:20,65.8,26.9,80.42,77.0,25.3,77.54,765.71,0,19
2024/4/13 14:22,65.7,27.0,80.6,76.9,25.3,77.54,765.75,0,21
2024/4/13 14:23,65.7,27.0,80.6,76.6,25.3,77.54,765.78,0,23
2024/4/13 14:24,65.7,27.0,80.6,77.0,25.3,77.54,765.81,0,23
2024/4/13 14:25,65.6,27.0,80.6,77.3,25.3,77.54,765.73,0,23
2024/4/13 14:26,65.5,27.0,80.6,77.8,25.4,77.72,765.8,0,21
2024/4/13 14:27,65.5,27.0,80.6,77.8,25.4,77.72,765.88,0,25
2024/4/13 14:28,64.9,27.0,80.6,78.0,25.4,77.72,765.98,0,23
2024/4/13 14:29,65.5,27.0,80.6,78.1,25.4,77.72,765.93,0,0
2024/4/13 14:30,65.2,27.0,80.6,78.3,25.4,77.72,765.91,0,23
2024/4/13 14:31,65.5,27.0,80.6,78.8,25.5,77.9,766.07,0,19
2024/4/13 14:32,65.7,27.0,80.6,78.6,25.5,77.9,766.14,0,0
2024/4/13 14:33,65.8,27.1,80.78,78.7,25.5,77.9,766.08,0,21
2024/4/13 14:34,65.9,27.1,80.78,77.8,25.5,77.9,776.88,0,19
2024/4/13 14:35,65.3,27.1,80.78,77.9,25.6,78.08,776.47,0,19
2024/4/13 14:36,65.0,27.1,80.78,77.7,25.6,78.08,776.21,0,19
2024/4/13 14:37,65.4,27.1,80.78,77.5,25.6,78.08,776.06,0,21
2024/4/13 14:39,65.5,27.2,80.96,77.5,25.7,78.26,775.89,0,23
2024/4/13 14:40,65.6,27.2,80.96,77.7,25.7,78.26,775.59,0,21
2024/4/13 14:41,65.1,27.2,80.96,77.4,25.7,78.26,775.48,0,19
2024/4/13 14:42,65.5,27.2,80.96,77.5,25.7,78.26,775.39,0,20
2024/4/13 14:43,65.4,27.2,80.96,77.9,25.7,78.26,775.3,0,17
2024/4/13 14:44,65.7,27.2,80.96,77.8,25.7,78.26,775.17,0,19
2024/4/13 14:45,65.3,27.2,80.96,78.1,25.7,78.26,775.09,0,23
2024/4/13 14:46,65.7,27.3,81.14,78.1,25.8,78.44,774.94,0,19
2024/4/13 14:47,65.8,27.3,81.14,77.9,25.8,78.44,774.83,0,18
2024/4/13 14:48,65.7,27.3,81.14,78.0,25.8,78.44,774.71,0,22
2024/4/13 14:49,65.8,27.3,81.14,78.1,25.8,78.44,774.63,0,25
2024/4/13 14:50,65.7,27.3,81.14,78.1,25.8,78.44,774.53,0,22
2024/4/13 14:51,65.7,27.3,81.14,78.3,25.8,78.44,774.31,0,19
2024/4/13 14:52,64.9,27.3,81.14,78.5,25.8,78.44,774.11,0,19
2024/4/13 14:53,62.8,27.3,81.14,78.7,25.8,78.44,774.07,0,19
2024/4/13 14:54,61.7,27.3,81.14,81.1,25.7,78.26,773.88,0,25
2024/4/13 14:55,60.2,27.1,80.78,81.5,25.6,78.08,773.72,0,23
2024/4/13 14:56,59.4,27.1,80.78,81.9,25.5,77.9,773.17,0,21
2024/4/13 14:57,58.4,27.0,80.6,81.8,25.3,77.54,772.74,0,23
2024/4/13 14:58,57.2,26.9,80.42,81.3,25.1,77.18,772.9,0,21
2024/4/13 14:59,56.3,26.8,80.24,81.3,25.0,77.0,773.01,0,24
2024/4/13 15:00,56.0,26.7,80.06,81.5,24.8,76.64,773.74,0,1
2024/4/13 15:01,55.5,26.6,79.88,79.6,24.6,76.28,774.29,0,18
2024/4/13 15:02,54.9,26.6,79.88,80.1,24.5,76.1,775.33,0,25
2024/4/13 15:03,54.0,26.5,79.7,80.3,24.3,75.74,776.0,0,19
2024/4/13 15:04,53.3,26.5,79.7,79.7,24.2,75.56,776.69,0,13
2024/4/13 15:05,53.1,26.4,79.52,79.8,24.0,75.2,776.74,0,17
2024/4/13 15:06,52.6,26.4,79.52,77.5,23.9,75.02,777.27,0,17
2024/4/13 15:07,52.0,26.3,79.34,77.6,23.7,74.66,777.69,0,19
2024/4/13 15:08,51.9,26.3,79.34,75.6,23.6,74.48,778.07,0,19
2024/4/13 15:09,51.1,26.3,79.34,77.1,23.5,74.3,778.14,0,23
2024/4/13 15:10,51.1,26.2,79.16,72.6,23.4,74.12,778.93,0,23
2024/4/13 15:11,50.8,26.2,79.16,72.2,23.3,73.94,779.21,0,21
2024/4/13 15:12,50.4,26.2,79.16,72.0,23.2,73.76,779.68,0,1
2024/4/13 15:13,49.7,26.1,78.98,72.2,23.1,73.58,780.38,0,23
2024/4/13 15:14,49.3,26.1,78.98,71.5,23.0,73.4,781.07,0,23
2024/4/13 15:15,49.1,26.1,78.98,71.9,22.9,73.22,781.45,0,23
2024/4/13 15:16,48.8,26.0,78.8,71.6,22.8,73.04,782.09,0,1
2024/4/13 15:17,48.8,26.0,78.8,69.7,22.8,73.04,782.86,0,23
2024/4/13 15:18,48.4,26.0,78.8,71.4,22.7,72.86,783.38,0,21
2024/4/13 15:19,48.1,26.0,78.8,73.1,22.6,72.68,783.55,0,20
2024/4/13 15:20,47.6,26.0,78.8,72.9,22.6,72.68,783.88,0,20
2024/4/13 15:21,47.3,25.9,78.62,72.0,22.5,72.5,784.01,0,21
2024/4/13 15:22,47.2,25.9,78.62,71.1,22.5,72.5,784.48,0,21
2024/4/13 15:23,47.0,25.9,78.62,70.4,22.5,72.5,785.08,0,17
2024/4/13 15:24,47.1,25.9,78.62,69.9,22.4,72.32,785.56,0,0
2024/4/13 15:25,46.8,25.9,78.62,69.8,22.4,72.32,786.03,0,23
2024/4/13 15:26,46.9,25.9,78.62,66.7,22.4,72.32,786.57,0,23
2024/4/13 15:27,46.3,25.9,78.62,70.3,22.4,72.32,786.9,0,0
2024/4/13 15:28,46.1,25.9,78.62,70.2,22.3,72.14,787.01,0,13
2024/4/13 15:29,46.1,25.8,78.44,68.2,22.3,72.14,787.39,0,15
2024/4/13 15:30,46.0,25.8,78.44,70.5,22.2,71.96,787.25,0,9
2024/4/13 15:31,46.3,25.7,78.26,68.9,22.2,71.96,787.68,0,0
2024/4/13 15:32,45.9,25.8,78.44,70.6,22.2,71.96,788.0,0,0
2024/4/13 15:33,45.9,25.7,78.26,69.0,22.1,71.78,788.13,0,21
2024/4/13 15:34,45.7,25.7,78.26,67.1,22.1,71.78,788.21,0,21
2024/4/13 15:35,46.9,25.7,78.26,66.4,22.1,71.78,788.33,0,19
2024/4/13 15:36,48.7,25.8,78.44,67.6,22.3,72.14,788.41,0,18
2024/4/13 15:37,50.3,25.8,78.44,68.4,22.5,72.5,788.41,0,19
2024/4/13 15:38,51.3,25.9,78.62,69.0,22.6,72.68,788.6,0,19
2024/4/13 15:39,50.5,25.9,78.62,71.4,22.8,73.04,788.56,0,23
2024/4/13 15:41,49.7,25.9,78.62,72.7,22.8,73.04,788.48,0,20
2024/4/13 15:42,49.0,25.9,78.62,74.0,22.8,73.04,788.35,0,17
2024/4/13 15:43,48.4,25.9,78.62,73.1,22.8,73.04,788.33,0,19
2024/4/13 15:44,47.8,25.9,78.62,74.1,22.7,72.86,788.14,0,17
2024/4/13 15:45,47.4,25.9,78.62,73.7,22.7,72.86,787.88,0,19
2024/4/13 15:46,47.0,25.9,78.62,73.8,22.7,72.86,787.86,0,20
2024/4/13 15:47,46.6,25.8,78.44,72.6,22.6,72.68,788.02,0,19
2024/4/13 15:48,46.5,25.8,78.44,72.3,22.5,72.5,788.14,0,20
2024/4/13 15:49,46.1,25.8,78.44,73.9,22.5,72.5,788.19,0,21
2024/4/13 15:50,45.9,25.8,78.44,75.3,22.4,72.32,788.46,0,21
2024/4/13 15:51,45.9,25.8,78.44,74.0,22.4,72.32,788.62,0,19
2024/4/13 15:52,45.8,25.7,78.26,70.6,22.3,72.14,788.82,0,19
2024/4/13 15:53,47.5,25.7,78.26,69.7,22.3,72.14,788.95,0,19
2024/4/13 15:54,49.1,25.8,78.44,69.6,22.4,72.32,788.92,0,19
2024/4/13 15:55,50.5,25.9,78.62,70.7,22.5,72.5,789.07,0,25
2024/4/13 15:56,51.5,25.9,78.62,71.3,22.6,72.68,789.22,0,17
2024/4/13 15:57,52.6,26.0,78.8,71.6,22.8,73.04,789.34,0,21
2024/4/13 15:58,51.8,26.0,78.8,74.1,22.9,73.22,789.51,0,19
2024/4/13 15:59,50.8,26.0,78.8,75.9,22.9,73.22,789.36,0,20
2024/4/13 16:00,49.9,26.0,78.8,76.8,22.9,73.22,789.46,0,0
2024/4/13 16:01,49.2,25.9,78.62,77.2,22.9,73.22,789.43,0,19
2024/4/13 16:02,48.6,25.9,78.62,77.0,22.9,73.22,789.29,0,22
2024/4/13 16:03,48.0,25.9,78.62,77.4,22.9,73.22,789.06,0,23
2024/4/13 16:05,48.1,25.8,78.44,73.6,22.7,72.86,788.57,0,14
2024/4/13 16:06,50.0,25.8,78.44,71.2,22.7,72.86,788.54,0,13
2024/4/13 16:07,51.6,25.9,78.62,72.2,22.7,72.86,788.63,0,21
2024/4/13 16:08,52.5,26.0,78.8,73.2,22.8,73.04,788.84,0,13
2024/4/13 16:09,52.9,26.0,78.8,73.5,22.9,73.22,789.23,0,17
2024/4/13 16:10,51.7,26.0,78.8,76.7,23.0,73.4,789.35,0,19
2024/4/13 16:11,50.7,26.0,78.8,78.0,23.0,73.4,789.22,0,17
2024/4/13 16:12,49.8,25.9,78.62,77.7,23.0,73.4,789.14,0,17
2024/4/13 16:13,49.3,25.9,78.62,77.7,22.9,73.22,789.04,0,15
2024/4/13 16:14,48.8,25.9,78.62,76.7,22.9,73.22,788.88,0,22
2024/4/13 16:15,48.2,25.8,78.44,77.4,22.8,73.04,788.66,0,21
2024/4/13 16:16,48.4,25.8,78.44,74.7,22.7,72.86,788.23,0,23
2024/4/13 16:17,50.0,25.8,78.44,72.2,22.7,72.86,788.08,0,14
2024/4/13 16:18,51.6,25.9,78.62,72.2,22.7,72.86,788.24,0,19
2024/4/13 16:19,52.7,25.9,78.62,73.3,22.8,73.04,788.44,0,19
2024/4/13 16:20,53.9,26.0,78.8,73.7,22.9,73.22,788.61,0,21
2024/4/13 16:21,53.0,26.0,78.8,76.7,23.0,73.4,788.7,0,19
2024/4/13 16:22,51.9,26.0,78.8,78.3,23.0,73.4,788.51,0,17
2024/4/13 16:23,50.8,26.0,78.8,77.7,23.0,73.4,788.68,0,0
2024/4/13 16:24,50.1,26.0,78.8,77.6,23.0,73.4,788.4,0,26
2024/4/13 16:25,49.3,25.9,78.62,77.5,23.0,73.4,788.59,0,0
2024/4/13 16:26,48.7,26.0,78.8,77.2,22.9,73.22,788.09,0,0
2024/4/13 16:27,48.3,25.8,78.44,77.1,22.8,73.04,787.91,0,0
2024/4/13 16:28,49.7,26.0,78.8,75.2,22.8,73.04,787.74,0,9
2024/4/13 16:29,51.3,25.9,78.62,72.8,22.7,72.86,787.64,0,0
2024/4/13 16:30,52.5,26.0,78.8,73.8,22.8,73.04,787.91,0,0
2024/4/13 16:31,53.7,26.0,78.8,74.5,22.9,73.22,788.21,0,17
2024/4/13 16:32,52.7,26.0,78.8,76.7,23.0,73.4,788.17,0,0
2024/4/13 16:33,51.6,26.0,78.8,78.2,23.0,73.4,788.22,0,19
2024/4/13 16:34,50.6,26.0,78.8,77.6,23.0,73.4,788.28,0,0
2024/4/13 16:35,49.7,26.0,78.8,77.8,23.0,73.4,788.17,0,23
2024/4/13 16:36,49.1,26.0,78.8,78.0,22.9,73.22,788.02,0,23
2024/4/13 16:37,48.7,25.9,78.62,77.9,22.9,73.22,787.59,0,21
2024/4/13 16:38,48.4,25.9,78.62,77.5,22.8,73.04,786.83,0,26
2024/4/13 16:39,48.1,25.8,78.44,76.2,22.7,72.86,786.81,0,23
2024/4/13 16:40,49.5,25.8,78.44,72.5,22.7,72.86,786.92,0,21
2024/4/13 16:41,51.0,25.9,78.62,72.5,22.7,72.86,786.81,0,15
2024/4/13 16:42,52.4,26.0,78.8,73.6,22.7,72.86,787.03,0,0
2024/4/13 16:44,53.5,26.0,78.8,74.3,22.8,73.04,787.26,0,19
2024/4/13 16:45,52.8,26.1,78.98,76.8,23.0,73.4,787.44,0,21
2024/4/13 16:46,51.5,26.0,78.8,77.8,23.0,73.4,787.3,0,19
2024/4/13 16:47,50.7,26.0,78.8,78.1,23.0,73.4,787.21,0,21
2024/4/13 16:48,49.7,26.0,78.8,76.5,23.0,73.4,787.4,0,13
2024/4/13 16:49,49.2,26.0,78.8,77.0,22.9,73.22,787.17,0,20
2024/4/13 16:50,48.6,25.9,78.62,76.9,22.9,73.22,787.02,0,23
2024/4/13 16:51,48.2,25.9,78.62,77.7,22.8,73.04,786.66,0,19
2024/4/13 16:52,49.2,25.9,78.62,74.5,22.7,72.86,786.55,0,15
2024/4/13 16:53,50.9,25.9,78.62,72.8,22.8,73.04,786.48,0,21
2024/4/13 16:54,52.1,26.0,78.8,73.2,22.8,73.04,786.74,0,20
2024/4/13 16:55,53.1,26.0,78.8,74.4,22.9,73.22,786.93,0,19
2024/4/13 16:56,51.8,26.0,78.8,77.5,22.9,73.22,787.06,0,3
2024/4/13 16:57,50.8,26.1,78.98,77.8,22.9,73.22,786.88,0,0
2024/4/13 16:58,49.9,26.0,78.8,77.6,22.9,73.22,787.0,0,17
2024/4/13 16:59,49.2,25.9,78.62,77.1,22.9,73.22,786.93,0,25
2024/4/13 17:00,48.6,25.9,78.62,76.6,22.9,73.22,786.85,0,27
2024/4/13 17:01,48.1,25.9,78.62,76.5,22.8,73.04,786.56,0,17
2024/4/13 17:02,48.8,25.9,78.62,74.5,22.7,72.86,786.2,0,22
2024/4/13 17:03,50.4,25.9,78.62,72.9,22.7,72.86,786.1,0,20
2024/4/13 17:04,51.7,25.9,78.62,74.1,22.7,72.86,786.29,0,19
2024/4/13 17:05,52.8,26.0,78.8,74.9,22.8,73.04,786.35,0,18
2024/4/13 17:06,53.6,26.1,78.98,75.5,22.9,73.22,786.72,0,21
2024/4/13 17:07,52.4,26.1,78.98,77.7,23.0,73.4,786.59,0,0
2024/4/13 17:08,51.4,26.1,78.98,77.8,23.0,73.4,786.54,0,19
2024/4/13 17:09,50.3,26.0,78.8,77.4,23.0,73.4,786.75,0,19
2024/4/13 17:10,49.3,26.0,78.8,76.9,23.0,73.4,786.57,0,19
2024/4/13 17:11,48.8,26.0,78.8,76.6,22.9,73.22,786.2,0,21
2024/4/13 17:12,48.5,25.9,78.62,77.3,22.8,73.04,785.82,0,0
2024/4/13 17:13,49.9,25.9,78.62,75.3,22.8,73.04,785.78,0,20
2024/4/13 17:14,51.6,26.0,78.8,74.7,22.8,73.04,785.9,0,10
2024/4/13 17:15,52.9,26.0,78.8,74.4,22.9,73.22,785.96,0,21
2024/4/13 17:16,54.0,26.1,78.98,75.6,22.9,73.22,786.26,0,25
2024/4/13 17:17,53.0,26.1,78.98,76.8,23.0,73.4,786.37,0,20
2024/4/13 17:18,51.5,26.1,78.98,78.1,23.0,73.4,786.43,0,17
2024/4/13 17:19,50.5,26.0,78.8,77.3,23.0,73.4,786.33,0,19
2024/4/13 17:20,49.6,26.0,78.8,76.2,23.0,73.4,786.36,0,0
2024/4/13 17:21,49.1,26.0,78.8,76.5,23.0,73.4,786.21,0,17
2024/4/13 17:22,48.4,25.9,78.62,75.7,22.9,73.22,785.97,0,0
2024/4/13 17:23,47.7,25.9,78.62,76.2,22.8,73.04,785.73,0,15
2024/4/13 17:24,48.8,25.9,78.62,74.9,22.7,72.86,785.72,0,0
2024/4/13 17:25,50.6,25.9,78.62,73.5,22.7,72.86,785.5,0,17
2024/4/13 17:26,51.9,26.0,78.8,74.3,22.7,72.86,785.67,0,22
2024/4/13 17:27,52.9,26.0,78.8,74.7,22.8,73.04,785.74,0,0
2024/4/13 17:28,53.7,26.1,78.98,76.8,22.9,73.22,785.86,0,0
2024/4/13 17:29,53.0,26.1,78.98,77.6,23.0,73.4,786.01,0,21
2024/4/13 17:30,51.4,26.1,78.98,77.8,23.0,73.4,785.96,0,17
2024/4/13 17:31,50.5,26.1,78.98,77.2,23.0,73.4,785.85,0,23
2024/4/13 17:32,49.6,26.0,78.8,76.7,23.0,73.4,785.94,0,19
2024/4/13 17:33,49.0,26.0,78.8,76.0,23.0,73.4,785.37,0,19
2024/4/13 17:34,48.4,25.9,78.62,75.9,22.9,73.22,785.05,0,21
2024/4/13 17:35,47.9,25.9,78.62,76.3,22.8,73.04,784.66,0,23
2024/4/13 17:36,48.7,25.9,78.62,76.9,22.7,72.86,784.6,0,20
2024/4/13 17:37,50.4,25.9,78.62,75.2,22.7,72.86,784.56,0,21
2024/4/13 17:38,52.0,26.0,78.8,75.0,22.7,72.86,784.67,0,23
2024/4/13 17:39,53.1,26.0,78.8,74.5,22.8,73.04,784.66,0,23
2024/4/13 17:40,53.4,26.1,78.98,76.0,22.9,73.22,784.94,0,21
2024/4/13 17:41,51.9,26.0,78.8,77.6,22.9,73.22,785.06,0,21
2024/4/13 17:42,51.0,26.0,78.8,77.9,23.0,73.4,785.09,0,20
2024/4/13 17:44,49.8,26.0,78.8,76.4,23.0,73.4,784.91,0,21
2024/4/13 17:45,49.1,25.9,78.62,75.6,22.9,73.22,784.72,0,13
2024/4/13 17:46,48.5,25.9,78.62,75.7,22.9,73.22,784.6,0,25
2024/4/13 17:48,49.2,25.9,78.62,75.6,22.7,72.86,784.33,0,20
2024/4/13 17:49,51.2,25.9,78.62,75.2,22.7,72.86,784.27,0,18
2024/4/13 17:50,52.5,26.0,78.8,76.0,22.8,73.04,784.38,0,21
2024/4/13 17:51,53.5,26.0,78.8,75.5,22.8,73.04,784.61,0,1
2024/4/13 17:52,53.4,26.0,78.8,76.4,22.9,73.22,784.67,0,18
2024/4/13 17:53,51.9,26.0,78.8,77.0,23.0,73.4,784.73,0,20
2024/4/13 17:54,50.8,26.0,78.8,76.4,23.0,73.4,784.67,0,26
2024/4/13 17:55,50.0,25.9,78.62,76.1,23.0,73.4,784.67,0,23
2024/4/13 17:56,49.2,25.9,78.62,75.6,22.9,73.22,784.47,0,0
2024/4/13 17:57,48.6,25.9,78.62,75.6,22.9,73.22,784.31,0,23
2024/4/13 17:58,48.3,25.8,78.44,76.3,22.8,73.04,784.17,0,25
2024/4/13 17:59,49.5,25.8,78.44,76.2,22.8,73.04,784.02,0,21
2024/4/13 18:00,51.4,25.9,78.62,75.6,22.8,73.04,784.04,0,23
2024/4/13 18:01,52.8,26.0,78.8,74.4,22.8,73.04,784.07,0,18
2024/4/13 18:02,53.5,26.0,78.8,76.4,22.9,73.22,784.18,0,26
2024/4/13 18:03,53.2,26.0,78.8,78.1,22.9,73.22,784.22,0,22
2024/4/13 18:04,51.8,26.0,78.8,77.7,23.0,73.4,784.49,0,11
2024/4/13 18:05,50.7,26.0,78.8,76.8,23.0,73.4,784.32,0,19
2024/4/13 18:06,49.8,26.0,78.8,75.9,23.0,73.4,784.21,0,18
2024/4/13 18:07,48.8,25.9,78.62,75.6,22.9,73.22,783.99,0,21
2024/4/13 18:08,48.3,25.9,78.62,75.1,22.9,73.22,783.76,0,14
2024/4/13 18:09,48.7,25.9,78.62,77.3,22.8,73.04,783.74,0,12
2024/4/13 18:10,50.2,25.9,78.62,75.6,22.8,73.04,783.65,0,12
2024/4/13 18:11,51.6,26.0,78.8,75.1,22.8,73.04,783.75,0,13
2024/4/13 18:12,52.9,26.0,78.8,75.3,22.9,73.22,783.83,0,19
2024/4/13 18:13,53.8,26.1,78.98,74.1,22.9,73.22,784.07,0,13
2024/4/13 18:14,53.1,26.0,78.8,77.2,23.1,73.58,784.09,0,21
2024/4/13 18:15,51.8,26.0,78.8,76.8,23.1,73.58,783.91,0,17
2024/4/13 18:16,50.7,26.0,78.8,75.8,23.1,73.58,783.94,0,21
2024/4/13 18:17,49.8,25.9,78.62,74.5,23.1,73.58,783.84,0,14
2024/4/13 18:18,49.1,25.9,78.62,74.2,23.0,73.4,783.32,0,19
2024/4/13 18:19,48.5,25.9,78.62,75.1,22.9,73.22,783.56,0,0
2024/4/13 18:20,49.7,25.9,78.62,76.7,22.9,73.22,783.51,0,21
2024/4/13 18:21,51.6,25.9,78.62,76.2,22.9,73.22,783.39,0,0
2024/4/13 18:22,53.0,25.9,78.62,75.6,22.9,73.22,783.51,0,0
2024/4/13 18:23,53.9,25.9,78.62,76.2,23.0,73.4,783.55,0,21
2024/4/13 18:24,54.4,25.9,78.62,76.4,23.0,73.4,783.78,0,21
2024/4/13 18:25,52.8,26.0,78.8,77.2,23.1,73.58,783.93,0,0
2024/4/13 18:26,51.6,26.0,78.8,76.0,23.1,73.58,783.89,0,0
2024/4/13 18:27,50.6,25.9,78.62,75.3,23.1,73.58,783.92,0,17
2024/4/13 18:28,49.9,25.9,78.62,75.6,23.1,73.58,783.67,0,23
2024/4/13 18:29,49.3,25.9,78.62,75.4,23.0,73.4,783.37,0,23
2024/4/13 18:30,49.3,25.8,78.44,76.6,23.0,73.4,783.48,0,0
2024/4/13 18:31,51.0,25.9,78.62,75.5,23.0,73.4,783.26,0,21
2024/4/13 18:32,52.7,25.9,78.62,75.8,23.0,73.4,783.32,0,19
2024/4/13 18:33,53.8,25.9,78.62,75.7,23.0,73.4,783.33,0,21
2024/4/13 18:34,54.3,26.0,78.8,76.1,23.1,73.58,783.63,0,22
2024/4/13 18:35,53.2,26.0,78.8,77.2,23.1,73.58,783.58,0,23
2024/4/13 18:36,52.0,25.9,78.62,77.0,23.2,73.76,783.59,0,21
2024/4/13 18:37,50.9,25.9,78.62,75.8,23.2,73.76,783.56,0,14
2024/4/13 18:38,50.1,25.9,78.62,75.3,23.1,73.58,783.31,0,0
2024/4/13 18:39,49.4,25.8,78.44,76.1,23.1,73.58,783.13,0,23
2024/4/13 18:40,50.5,25.8,78.44,76.5,23.1,73.58,783.13,0,19
2024/4/13 18:41,52.0,25.9,78.62,75.6,23.0,73.4,783.12,0,25
2024/4/13 18:42,53.4,25.9,78.62,75.2,23.0,73.4,783.21,0,20
2024/4/13 18:43,54.3,25.9,78.62,75.8,23.1,73.58,783.34,0,19
2024/4/13 18:44,53.4,26.0,78.8,77.5,23.1,73.58,783.33,0,23
2024/4/13 18:45,52.2,25.9,78.62,76.5,23.2,73.76,783.28,0,20
2024/4/13 18:46,51.0,25.9,78.62,76.1,23.2,73.76,783.12,0,19
2024/4/13 18:47,50.2,25.9,78.62,75.2,23.2,73.76,783.16,0,25
2024/4/13 18:48,49.3,25.9,78.62,74.6,23.1,73.58,782.83,0,17
2024/4/13 18:49,48.9,25.8,78.44,76.1,23.0,73.4,782.84,0,21
2024/4/13 18:50,50.3,25.8,78.44,76.6,23.0,73.4,782.69,0,21
2024/4/13 18:52,52.0,25.9,78.62,75.2,23.0,73.4,782.74,0,21
2024/4/13 18:53,53.1,25.9,78.62,75.4,23.0,73.4,782.85,0,19
2024/4/13 18:54,54.2,25.9,78.62,75.5,23.1,73.58,782.96,0,19
2024/4/13 18:55,54.2,26.0,78.8,76.7,23.1,73.58,783.03,0,21
2024/4/13 18:56,53.0,25.9,78.62,76.5,23.2,73.76,783.11,0,19
2024/4/13 18:57,51.7,25.9,78.62,75.7,23.2,73.76,783.08,0,14
2024/4/13 18:58,50.7,25.8,78.44,75.3,23.2,73.76,783.12,0,12
2024/4/13 18:59,49.8,25.8,78.44,74.2,23.1,73.58,782.75,0,23
2024/4/13 19:00,49.5,25.8,78.44,75.2,23.1,73.58,782.62,0,21
2024/4/13 19:01,50.9,25.8,78.44,76.8,23.0,73.4,782.53,0,21
2024/4/13 19:02,52.5,25.8,78.44,75.6,23.1,73.58,782.56,0,25
2024/4/13 19:03,53.6,25.9,78.62,75.7,23.1,73.58,782.65,0,25
2024/4/13 19:04,54.5,25.9,78.62,76.7,23.1,73.58,782.83,0,24
2024/4/13 19:05,54.5,25.9,78.62,77.1,23.2,73.76,782.95,0,21
2024/4/13 19:06,53.0,25.9,78.62,75.9,23.2,73.76,782.92,0,19
2024/4/13 19:07,51.6,25.9,78.62,75.1,23.3,73.94,782.98,0,25
2024/4/13 19:08,50.7,25.9,78.62,74.9,23.2,73.76,782.87,0,14
2024/4/13 19:09,49.9,25.8,78.44,74.0,23.1,73.58,782.62,0,18
2024/4/13 19:10,49.5,25.8,78.44,75.3,23.1,73.58,782.43,0,19
2024/4/13 19:11,50.7,25.7,78.26,74.6,23.0,73.4,782.31,0,0
2024/4/13 19:12,52.4,25.8,78.44,74.1,23.0,73.4,782.33,0,18
2024/4/13 19:13,53.6,25.9,78.62,74.2,23.1,73.58,782.33,0,19
2024/4/13 19:14,54.5,25.9,78.62,76.0,23.1,73.58,782.6,0,13
2024/4/13 19:15,53.6,25.9,78.62,76.2,23.2,73.76,782.62,0,0
2024/4/13 19:16,52.3,25.8,78.44,75.2,23.2,73.76,782.7,0,0
2024/4/13 19:17,51.3,25.9,78.62,74.3,23.2,73.76,782.52,0,23
2024/4/13 19:18,50.2,25.7,78.26,73.4,23.2,73.76,782.44,0,0
2024/4/13 19:19,49.7,25.7,78.26,73.0,23.1,73.58,782.03,0,22
2024/4/13 19:20,49.0,25.7,78.26,73.9,23.0,73.4,781.8,0,0
2024/4/13 19:21,50.2,25.7,78.26,75.9,23.0,73.4,781.71,0,17
2024/4/13 19:22,52.0,25.7,78.26,74.8,23.0,73.4,781.73,0,23
2024/4/13 19:23,53.3,25.9,78.62,73.7,23.0,73.4,781.73,0,20
2024/4/13 19:24,54.1,25.8,78.44,75.4,23.1,73.58,781.85,0,23
2024/4/13 19:25,53.6,25.9,78.62,76.1,23.1,73.58,782.0,0,19
2024/4/13 19:26,52.3,25.9,78.62,74.6,23.2,73.76,781.94,0,25
2024/4/13 19:27,51.1,25.8,78.44,73.5,23.2,73.76,781.93,0,0
2024/4/13 19:28,50.2,25.8,78.44,73.1,23.2,73.76,781.54,0,23
2024/4/13 19:30,50.4,25.8,78.44,75.9,23.0,73.4,781.52,0,23
2024/4/13 19:31,52.1,25.8,78.44,75.6,23.0,73.4,781.5,0,21
2024/4/13 19:32,53.3,25.8,78.44,74.6,23.1,73.58,781.65,0,17
2024/4/13 19:33,54.3,25.8,78.44,75.4,23.1,73.58,781.71,0,19
2024/4/13 19:34,54.7,25.8,78.44,75.9,23.2,73.76,781.95,0,23
2024/4/13 19:35,53.3,25.9,78.62,75.5,23.3,73.94,781.88,0,13
2024/4/13 19:36,51.9,25.8,78.44,74.1,23.3,73.94,781.88,0,21
2024/4/13 19:37,50.8,25.8,78.44,73.3,23.3,73.94,781.88,0,21
2024/4/13 19:38,50.0,25.8,78.44,72.5,23.2,73.76,781.63,0,0
2024/4/13 19:39,49.7,25.7,78.26,73.5,23.1,73.58,781.58,0,19
2024/4/13 19:40,51.0,25.7,78.26,75.4,23.1,73.58,781.5,0,20
2024/4/13 19:41,52.7,25.7,78.26,75.0,23.1,73.58,781.54,0,21
2024/4/13 19:42,53.9,25.8,78.44,75.4,23.1,73.58,781.61,0,22
2024/4/13 19:43,54.7,25.8,78.44,75.8,23.2,73.76,781.82,0,1
2024/4/13 19:44,54.9,25.8,78.44,76.7,23.2,73.76,781.97,0,21
2024/4/13 19:45,53.5,25.8,78.44,75.1,23.3,73.94,782.04,0,1
2024/4/13 19:46,52.1,25.8,78.44,73.7,23.3,73.94,782.0,0,21
2024/4/13 19:47,51.1,25.8,78.44,73.4,23.3,73.94,781.92,0,11
2024/4/13 19:48,50.2,25.7,78.26,72.4,23.2,73.76,781.61,0,18
2024/4/13 19:49,50.3,25.7,78.26,74.8,23.1,73.58,781.51,0,27
2024/4/13 19:50,52.2,25.7,78.26,76.1,23.1,73.58,781.52,0,0
2024/4/13 19:51,53.5,25.8,78.44,74.9,23.1,73.58,781.44,0,21
2024/4/13 19:52,54.3,25.8,78.44,76.5,23.2,73.76,781.61,0,19
2024/4/13 19:53,55.1,25.9,78.62,76.6,23.2,73.76,781.73,0,19
2024/4/13 19:55,54.1,25.8,78.44,75.9,23.3,73.94,781.63,0,17
2024/4/13 19:56,52.8,25.8,78.44,73.8,23.3,73.94,781.76,0,15
2024/4/13 19:57,51.5,25.8,78.44,72.9,23.3,73.94,781.51,0,20
2024/4/13 19:58,50.5,25.8,78.44,72.3,23.3,73.94,781.41,0,0
2024/4/13 19:59,49.8,25.7,78.26,73.3,23.2,73.76,781.21,0,23
2024/4/13 20:00,50.9,25.7,78.26,75.5,23.1,73.58,781.31,0,21
2024/4/13 20:01,52.6,25.7,78.26,74.6,23.1,73.58,781.28,0,14
2024/4/13 20:02,54.0,25.8,78.44,75.2,23.2,73.76,781.32,0,20
2024/4/13 20:03,54.8,25.8,78.44,75.7,23.2,73.76,781.54,0,18
2024/4/13 20:04,54.8,25.8,78.44,76.1,23.3,73.94,781.55,0,21
2024/4/13 20:05,53.5,25.8,78.44,74.7,23.3,73.94,781.59,0,17
2024/4/13 20:06,52.2,25.7,78.26,73.1,23.3,73.94,781.57,0,23
2024/4/13 20:07,51.2,25.7,78.26,72.1,23.3,73.94,781.29,0,23
2024/4/13 20:08,50.5,25.6,78.08,71.8,23.2,73.76,781.35,0,0
2024/4/13 20:09,49.7,25.6,78.08,70.8,23.1,73.58,781.1,0,13
2024/4/13 20:10,50.3,25.6,78.08,74.2,23.0,73.4,780.95,0,0
2024/4/13 20:11,51.9,25.7,78.26,74.7,23.0,73.4,781.0,0,0
2024/4/13 20:12,53.5,25.8,78.44,74.8,23.0,73.4,780.96,0,11
2024/4/13 20:13,54.2,25.7,78.26,74.9,23.1,73.58,781.08,0,0
2024/4/13 20:14,55.2,25.7,78.26,76.4,23.1,73.58,781.17,0,22
2024/4/13 20:15,54.7,25.7,78.26,75.2,23.2,73.76,781.41,0,0
2024/4/13 20:16,53.2,25.7,78.26,73.4,23.3,73.94,781.3,0,19
2024/4/13 20:17,51.9,25.7,78.26,71.7,23.3,73.94,781.22,0,21
2024/4/13 20:18,51.0,25.6,78.08,71.1,23.3,73.94,781.17,0,0
2024/4/13 20:19,50.4,25.7,78.26,71.7,23.2,73.76,780.99,0,22
2024/4/13 20:20,51.5,25.6,78.08,74.0,23.1,73.58,780.78,0,19
2024/4/13 20:21,53.2,25.6,78.08,72.3,23.1,73.58,780.85,0,21
2024/4/13 20:22,54.6,25.6,78.08,73.1,23.2,73.76,780.85,0,20
2024/4/13 20:23,55.5,25.6,78.08,73.9,23.2,73.76,781.09,0,19
2024/4/13 20:24,56.2,25.6,78.08,75.3,23.3,73.94,781.28,0,22
2024/4/13 20:25,55.1,25.6,78.08,74.2,23.4,74.12,781.31,0,18
2024/4/13 20:26,53.7,25.6,78.08,72.5,23.4,74.12,781.3,0,0
2024/4/13 20:27,52.4,25.6,78.08,71.8,23.4,74.12,780.94,0,23
2024/4/13 20:28,51.4,25.6,78.08,71.2,23.3,73.94,780.8,0,18
2024/4/13 20:29,51.8,25.6,78.08,74.0,23.2,73.76,780.74,0,22
2024/4/13 20:30,53.4,25.6,78.08,74.4,23.2,73.76,780.68,0,21
2024/4/13 20:31,54.8,25.6,78.08,74.5,23.2,73.76,780.82,0,12
2024/4/13 20:32,55.6,25.6,78.08,75.5,23.3,73.94,780.94,0,21
2024/4/13 20:33,56.6,25.6,78.08,75.6,23.3,73.94,781.16,0,21
2024/4/13 20:34,57.1,25.7,78.26,76.4,23.4,74.12,781.31,0,26
2024/4/13 20:35,56.4,25.7,78.26,75.3,23.5,74.3,781.36,0,20
2024/4/13 20:36,54.8,25.7,78.26,73.3,23.5,74.3,781.39,0,19
2024/4/13 20:37,53.4,25.6,78.08,72.0,23.5,74.3,781.25,0,23
2024/4/13 20:38,52.4,25.6,78.08,71.0,23.4,74.12,781.03,0,21
2024/4/13 20:39,52.2,25.6,78.08,72.7,23.3,73.94,780.91,0,22
2024/4/13 20:40,53.9,25.6,78.08,75.0,23.3,73.94,780.85,0,23
2024/4/13 20:41,55.3,25.6,78.08,75.0,23.3,73.94,780.9,0,13
2024/4/13 20:42,56.2,25.6,78.08,75.3,23.3,73.94,780.94,0,20
2024/4/13 20:43,57.2,25.6,78.08,75.8,23.4,74.12,781.14,0,0
2024/4/13 20:44,57.3,25.6,78.08,76.3,23.4,74.12,781.14,0,23
2024/4/13 20:45,56.0,25.6,78.08,74.3,23.5,74.3,781.35,0,17
2024/4/13 20:46,54.4,25.6,78.08,72.5,23.5,74.3,781.18,0,17
2024/4/13 20:47,53.2,25.5,77.9,71.8,23.4,74.12,780.98,0,23
2024/4/13 20:48,52.3,25.5,77.9,71.2,23.3,73.94,780.81,0,25
2024/4/13 20:49,52.4,25.5,77.9,73.6,23.3,73.94,780.76,0,18
2024/4/13 20:50,53.8,25.5,77.9,74.4,23.2,73.76,780.69,0,14
2024/4/13 20:51,55.3,25.5,77.9,73.9,23.2,73.76,780.69,0,23
2024/4/13 20:52,56.2,25.5,77.9,74.8,23.3,73.94,780.79,0,19
2024/4/13 20:53,57.1,25.5,77.9,75.1,23.3,73.94,780.91,0,15
2024/4/13 20:54,57.8,25.6,78.08,75.9,23.4,74.12,781.07,0,19
2024/4/13 20:55,57.9,25.6,78.08,75.5,23.5,74.3,781.15,0,15
2024/4/13 20:56,56.4,25.6,78.08,73.7,23.5,74.3,781.2,0,23
2024/4/13 20:57,54.8,25.6,78.08,72.3,23.5,74.3,781.07,0,21
2024/4/13 20:58,53.7,25.5,77.9,71.3,23.5,74.3,780.86,0,17
2024/4/13 21:00,52.7,25.5,77.9,72.3,23.4,74.12,780.76,0,21
2024/4/13 21:01,54.0,25.5,77.9,74.4,23.3,73.94,780.67,0,19
2024/4/13 21:02,55.6,25.6,78.08,74.9,23.3,73.94,780.68,0,16
2024/4/13 21:03,56.5,25.5,77.9,75.6,23.3,73.94,780.7,0,17
2024/4/13 21:04,57.3,25.5,77.9,76.2,23.3,73.94,780.71,0,21
2024/4/13 21:05,58.4,25.5,77.9,76.7,23.4,74.12,780.9,0,21
2024/4/13 21:06,57.7,25.5,77.9,74.9,23.5,74.3,780.98,0,21
2024/4/13 21:07,56.0,25.5,77.9,73.5,23.5,74.3,781.07,0,3
2024/4/13 21:08,54.8,25.4,77.72,72.3,23.5,74.3,780.89,0,19
2024/4/13 21:09,53.6,25.5,77.9,71.3,23.4,74.12,780.73,0,7
2024/4/13 21:10,53.0,25.4,77.72,70.9,23.3,73.94,780.59,0,19
2024/4/13 21:11,53.7,25.4,77.72,74.2,23.3,73.94,780.65,0,23
2024/4/13 21:13,56.7,25.5,77.9,75.3,23.3,73.94,780.62,0,14
2024/4/13 21:14,57.6,25.5,77.9,75.6,23.3,73.94,780.72,0,19
2024/4/13 21:15,58.2,25.5,77.9,76.5,23.4,74.12,780.73,0,18
2024/4/13 21:16,59.0,25.6,78.08,77.0,23.5,74.3,780.95,0,0
2024/4/13 21:17,59.6,25.6,78.08,77.4,23.6,74.48,780.98,0,17
2024/4/13 21:18,60.0,25.7,78.26,77.3,23.6,74.48,781.1,0,23
2024/4/13 21:19,60.7,25.8,78.44,77.1,23.7,74.66,781.25,0,19
2024/4/13 21:20,61.2,25.7,78.26,77.0,23.8,74.84,781.33,0,17
2024/4/13 21:21,61.8,25.7,78.26,76.8,23.9,75.02,781.39,0,25
2024/4/13 21:22,62.5,25.7,78.26,76.7,24.0,75.2,781.51,0,19
2024/4/13 21:23,62.9,25.7,78.26,76.9,24.1,75.38,781.55,0,17
2024/4/13 21:24,63.1,25.8,78.44,77.2,24.2,75.56,781.6,0,19
2024/4/13 21:25,63.7,25.8,78.44,77.0,24.3,75.74,781.68,0,18
2024/4/13 21:26,64.1,25.8,78.44,77.2,24.4,75.92,781.71,0,17
2024/4/13 21:27,64.4,25.8,78.44,77.3,24.5,76.1,781.71,0,12
2024/4/13 21:28,65.2,25.9,78.62,77.2,24.5,76.1,781.77,0,13
2024/4/13 21:29,65.3,25.9,78.62,77.4,24.6,76.28,781.83,0,15
2024/4/13 21:30,65.3,25.9,78.62,77.5,24.7,76.46,781.91,0,23
2024/4/13 21:31,65.3,25.9,78.62,77.4,24.8,76.64,781.97,0,25
2024/4/13 21:32,65.3,26.0,78.8,76.9,24.8,76.64,781.93,0,21
2024/4/13 21:33,63.6,25.9,78.62,76.5,24.9,76.82,781.9,0,21
2024/4/13 21:34,63.8,26.0,78.8,77.2,24.8,76.64,781.88,0,23
2024/4/13 21:35,64.7,26.0,78.8,77.2,24.8,76.64,781.86,0,19
2024/4/13 21:36,65.3,26.0,78.8,77.5,24.8,76.64,781.93,0,21
2024/4/13 21:37,65.8,26.0,78.8,77.8,24.9,76.82,781.96,0,0
2024/4/13 21:38,65.9,26.1,78.98,78.0,24.9,76.82,781.99,0,18
2024/4/13 21:39,65.8,26.1,78.98,78.0,25.0,77.0,781.97,0,19
2024/4/13 21:40,66.3,26.1,78.98,78.5,25.0,77.0,781.92,0,21
2024/4/13 21:41,66.4,26.1,78.98,78.4,25.0,77.0,781.92,0,21
2024/4/13 21:42,66.5,26.1,78.98,78.5,25.1,77.18,781.98,0,21
2024/4/13 21:43,66.8,26.1,78.98,78.1,25.1,77.18,781.91,0,23
2024/4/13 21:44,64.8,26.1,78.98,77.3,25.1,77.18,781.85,0,15
2024/4/13 21:45,64.4,26.1,78.98,77.1,25.1,77.18,781.65,0,19
2024/4/13 21:46,65.2,26.1,78.98,77.5,25.1,77.18,781.65,0,11
2024/4/13 21:47,65.6,26.1,78.98,77.9,25.0,77.0,781.63,0,21
2024/4/13 21:48,66.1,26.2,79.16,78.1,25.1,77.18,781.58,0,18
2024/4/13 21:49,66.7,26.2,79.16,78.5,25.1,77.18,781.52,0,15
2024/4/13 21:50,66.8,26.2,79.16,78.7,25.1,77.18,781.47,0,23
2024/4/13 21:51,67.2,26.2,79.16,78.8,25.1,77.18,781.42,0,18
2024/4/13 21:52,67.1,26.2,79.16,78.9,25.2,77.36,781.38,0,21
2024/4/13 21:53,67.1,26.2,79.16,79.0,25.2,77.36,781.37,0,0
2024/4/13 21:54,66.9,26.3,79.34,78.7,25.2,77.36,781.22,0,9
2024/4/13 21:55,64.8,26.2,79.16,77.8,25.2,77.36,781.06,0,23
2024/4/13 21:56,63.5,26.2,79.16,77.1,25.2,77.36,780.9,0,17
2024/4/13 21:57,64.3,26.2,79.16,77.9,25.1,77.18,780.83,0,22
2024/4/13 21:58,65.3,26.2,79.16,78.1,25.0,77.0,780.72,0,17
2024/4/13 21:59,66.0,26.2,79.16,78.6,25.0,77.0,780.8,0,19
2024/4/13 22:00,66.4,26.2,79.16,78.9,25.0,77.0,780.74,0,22
2024/4/13 22:01,66.8,26.2,79.16,79.2,25.0,77.0,780.75,0,22
2024/4/13 22:02,67.2,26.2,79.16,79.2,25.1,77.18,780.69,0,21
2024/4/13 22:03,67.5,26.2,79.16,79.4,25.1,77.18,780.71,0,9
2024/4/13 22:04,67.5,26.3,79.34,79.5,25.2,77.36,780.65,0,0
2024/4/13 22:05,67.5,26.3,79.34,79.4,25.2,77.36,780.56,0,0
2024/4/13 22:07,66.7,26.3,79.34,79.3,25.2,77.36,780.4,0,19
2024/4/13 22:08,64.5,26.2,79.16,77.7,25.2,77.36,780.13,0,0
2024/4/13 22:09,64.8,26.2,79.16,78.4,25.1,77.18,780.06,0,20
2024/4/13 22:10,65.9,26.2,79.16,78.8,25.1,77.18,780.15,0,19
2024/4/13 22:11,66.4,26.3,79.34,78.9,25.1,77.18,780.09,0,20
2024/4/13 22:12,67.0,26.2,79.16,79.2,25.1,77.18,779.96,0,18
2024/4/13 22:13,67.4,26.2,79.16,79.6,25.1,77.18,779.89,0,22
2024/4/13 22:14,67.7,26.2,79.16,79.7,25.1,77.18,779.85,0,23
2024/4/13 22:15,67.9,26.3,79.34,80.0,25.2,77.36,779.82,0,25
2024/4/13 22:16,68.1,26.3,79.34,80.0,25.2,77.36,779.73,0,25
2024/4/13 22:17,68.2,26.3,79.34,80.1,25.2,77.36,779.69,0,23
2024/4/13 22:18,66.7,26.3,79.34,79.6,25.3,77.54,779.67,0,21
2024/4/13 22:19,64.6,26.3,79.34,78.0,25.2,77.36,779.46,0,19
2024/4/13 22:20,64.4,26.2,79.16,78.0,25.2,77.36,779.23,0,21
2024/4/13 22:21,65.2,26.2,79.16,78.8,25.1,77.18,779.16,0,23
2024/4/13 22:22,66.5,26.2,79.16,79.3,25.1,77.18,779.09,0,19
2024/4/13 22:23,66.9,26.2,79.16,79.5,25.1,77.18,779.02,0,21
2024/4/13 22:24,67.3,26.2,79.16,79.7,25.1,77.18,779.07,0,21
2024/4/13 22:25,67.6,26.3,79.34,80.0,25.1,77.18,779.01,0,14
2024/4/13 22:26,67.9,26.3,79.34,80.0,25.1,77.18,778.93,0,13
2024/4/13 22:27,68.2,26.3,79.34,80.1,25.2,77.36,779.06,0,25
2024/4/13 22:28,68.4,26.3,79.34,80.3,25.2,77.36,779.02,0,20
2024/4/13 22:29,67.9,26.3,79.34,80.1,25.3,77.54,778.93,0,23
2024/4/13 22:30,66.1,26.3,79.34,78.7,25.3,77.54,778.75,0,14
2024/4/13 22:31,64.7,26.2,79.16,78.1,25.2,77.36,778.5,0,17
2024/4/13 22:32,65.4,26.2,79.16,78.6,25.1,77.18,778.36,0,21
2024/4/13 22:33,66.5,26.2,79.16,79.4,25.1,77.18,778.32,0,19
2024/4/13 22:34,67.0,26.3,79.34,79.5,25.1,77.18,778.19,0,20
2024/4/13 22:35,67.5,26.3,79.34,79.7,25.1,77.18,778.13,0,19
2024/4/13 22:36,68.0,26.3,79.34,80.2,25.1,77.18,778.12,0,14
2024/4/13 22:37,68.5,26.3,79.34,80.4,25.1,77.18,778.05,0,20
2024/4/13 22:38,68.6,26.3,79.34,80.4,25.2,77.36,778.08,0,21
2024/4/13 22:39,68.7,26.3,79.34,80.4,25.2,77.36,778.0,0,26
2024/4/13 22:40,68.6,26.3,79.34,80.3,25.3,77.54,778.03,0,14
2024/4/13 22:41,67.1,26.3,79.34,79.9,25.3,77.54,777.95,0,18
2024/4/13 22:42,65.0,26.3,79.34,78.3,25.3,77.54,777.66,0,21
2024/4/13 22:43,64.6,26.2,79.16,78.5,25.2,77.36,777.56,0,25
2024/4/13 22:44,66.0,26.2,79.16,79.4,25.1,77.18,777.42,0,20
2024/4/13 22:45,66.9,26.2,79.16,79.7,25.1,77.18,777.32,0,20
2024/4/13 22:46,67.3,26.2,79.16,79.7,25.0,77.0,777.25,0,20
2024/4/13 22:47,67.9,26.2,79.16,80.1,25.1,77.18,777.31,0,18
2024/4/13 22:48,68.3,26.3,79.34,80.2,25.1,77.18,777.14,0,13
2024/4/13 22:49,68.6,26.3,79.34,80.4,25.2,77.36,777.12,0,12
2024/4/13 22:50,68.8,26.3,79.34,80.4,25.2,77.36,777.15,0,14
2024/4/13 22:51,68.9,26.3,79.34,80.4,25.3,77.54,777.25,0,18
2024/4/13 22:52,68.6,26.3,79.34,80.0,25.3,77.54,777.13,0,23
2024/4/13 22:53,66.5,26.3,79.34,79.2,25.3,77.54,776.94,0,17
2024/4/13 22:55,66.0,26.3,79.34,78.9,25.2,77.36,776.78,0,26
2024/4/13 22:56,66.9,26.2,79.16,79.4,25.1,77.18,776.59,0,19
2024/4/13 22:57,67.5,26.3,79.34,79.8,25.1,77.18,776.5,0,23
2024/4/13 22:58,68.1,26.3,79.34,80.0,25.1,77.18,776.5,0,19
2024/4/13 22:59,68.4,26.3,79.34,80.1,25.1,77.18,776.52,0,0
2024/4/13 23:00,68.8,26.3,79.34,80.5,25.2,77.36,776.47,0,0
2024/4/13 23:01,69.0,26.3,79.34,80.5,25.2,77.36,776.43,0,0
2024/4/13 23:02,69.1,26.3,79.34,80.6,25.3,77.54,776.48,0,0
2024/4/13 23:03,69.0,26.3,79.34,80.2,25.3,77.54,776.46,0,21
2024/4/13 23:04,66.9,26.3,79.34,79.3,25.3,77.54,776.33,0,0
2024/4/13 23:05,64.8,26.3,79.34,78.2,25.3,77.54,776.24,0,0
2024/4/13 23:06,65.6,26.2,79.16,78.6,25.2,77.36,776.0,0,0
2024/4/13 23:07,66.6,26.2,79.16,79.3,25.1,77.18,775.9,0,21
2024/4/13 23:08,67.3,26.2,79.16,79.6,25.1,77.18,775.95,0,21
2024/4/13 23:09,67.8,26.2,79.16,79.7,25.1,77.18,775.9,0,13
2024/4/13 23:11,68.3,26.2,79.16,80.1,25.1,77.18,775.72,0,18
2024/4/13 23:12,68.9,26.3,79.34,80.2,25.2,77.36,775.67,0,19
2024/4/13 23:13,69.0,26.2,79.16,80.4,25.2,77.36,775.61,0,11
2024/4/13 23:14,69.4,26.2,79.16,80.4,25.3,77.54,775.67,0,19
2024/4/13 23:15,69.5,26.3,79.34,80.4,25.3,77.54,775.66,0,26
2024/4/13 23:16,68.2,26.2,79.16,80.0,25.3,77.54,775.5,0,19
2024/4/13 23:17,66.0,26.2,79.16,78.7,25.3,77.54,775.31,0,0
2024/4/13 23:18,66.3,26.2,79.16,78.9,25.2,77.36,775.23,0,17
2024/4/13 23:19,67.3,26.2,79.16,79.3,25.2,77.36,775.16,0,21
2024/4/13 23:20,68.1,26.2,79.16,79.6,25.2,77.36,775.04,0,0
2024/4/13 23:21,68.5,26.2,79.16,80.0,25.2,77.36,775.02,0,19
2024/4/13 23:22,68.9,26.2,79.16,80.2,25.2,77.36,774.95,0,23
2024/4/13 23:23,69.3,26.3,79.34,80.5,25.2,77.36,774.98,0,21
2024/4/13 23:24,69.5,26.3,79.34,80.6,25.3,77.54,775.02,0,19
2024/4/13 23:25,69.5,26.3,79.34,80.5,25.3,77.54,775.04,0,17
2024/4/13 23:26,69.6,26.2,79.16,80.5,25.3,77.54,775.03,0,18
2024/4/13 23:27,68.0,26.3,79.34,79.9,25.4,77.72,774.94,0,17
2024/4/13 23:28,65.8,26.2,79.16,78.2,25.3,77.54,774.83,0,18
2024/4/13 23:29,65.7,26.2,79.16,78.3,25.3,77.54,774.68,0,25
2024/4/13 23:30,67.0,26.2,79.16,79.1,25.2,77.36,774.58,0,19
2024/4/13 23:31,67.7,26.2,79.16,79.2,25.1,77.18,774.49,0,20
2024/4/13 23:32,68.1,26.2,79.16,79.7,25.1,77.18,774.47,0,0
2024/4/13 23:33,68.6,26.2,79.16,80.0,25.1,77.18,774.37,0,21
2024/4/13 23:34,69.2,26.2,79.16,80.0,25.2,77.36,774.38,0,20
2024/4/13 23:35,69.6,26.2,79.16,80.3,25.2,77.36,772.26,0,25
2024/4/13 23:36,69.5,26.2,79.16,80.8,25.3,77.54,773.52,0,23
2024/4/13 23:37,69.3,26.3,79.34,80.9,25.3,77.54,773.04,0,23
2024/4/13 23:38,65.5,26.2,79.16,79.6,25.3,77.54,772.98,0,17
2024/4/13 23:39,64.4,26.2,79.16,78.3,25.3,77.54,772.89,0,21
2024/4/13 23:40,66.1,26.1,78.98,78.4,25.2,77.36,772.77,0,20
2024/4/13 23:41,67.8,26.1,78.98,79.1,25.2,77.36,772.61,0,25
2024/4/13 23:42,68.7,26.1,78.98,79.9,25.2,77.36,772.5,0,0
2024/4/13 23:43,69.3,26.1,78.98,80.3,25.2,77.36,772.35,0,25
2024/4/13 23:44,69.7,26.2,79.16,80.4,25.2,77.36,772.39,0,19
2024/4/13 23:45,69.9,26.2,79.16,80.7,25.3,77.54,772.43,0,19
2024/4/13 23:46,70.2,26.2,79.16,80.9,25.3,77.54,772.42,0,19
2024/4/13 23:47,70.2,26.2,79.16,80.9,25.3,77.54,772.48,0,19
2024/4/13 23:48,69.4,26.2,79.16,80.6,25.4,77.72,772.52,0,25
2024/4/13 23:49,67.2,26.2,79.16,79.0,25.4,77.72,772.56,0,23
2024/4/13 23:50,65.4,26.2,79.16,77.5,25.3,77.54,772.34,0,18
2024/4/13 23:51,63.7,26.1,78.98,76.2,25.2,77.36,772.04,0,21
2024/4/13 23:52,63.1,26.0,78.8,76.7,25.0,77.0,771.7,0,19
2024/4/13 23:53,64.4,26.0,78.8,78.1,24.9,76.82,771.7,0,10
2024/4/13 23:54,65.7,26.0,78.8,79.1,24.9,76.82,771.57,0,0
2024/4/13 23:55,66.6,26.0,78.8,79.4,24.9,76.82,771.51,0,21
2024/4/13 23:56,67.1,26.0,78.8,79.5,24.9,76.82,771.55,0,0
2024/4/13 23:57,67.7,26.1,78.98,79.7,24.9,76.82,771.46,0,21
2024/4/13 23:58,68.4,26.1,78.98,79.8,25.0,77.0,771.53,0,0
2024/4/13 23:59,68.9,26.1,78.98,80.0,25.0,77.0,771.4,0,11
2024/4/14 00:00,69.5,26.1,78.98,80.1,25.1,77.18,771.53,0,23
2024/4/14 00:01,69.9,26.1,78.98,80.2,25.1,77.18,771.54,0,21
2024/4/14 00:02,69.0,26.1,78.98,79.8,25.2,77.36,771.48,0,0
2024/4/14 00:03,67.3,26.1,78.98,78.5,25.2,77.36,771.2,0,15
2024/4/14 00:04,66.4,26.0,78.8,78.3,25.2,77.36,771.25,0,0
2024/4/14 00:05,67.1,26.1,78.98,78.9,25.2,77.36,771.19,0,21
2024/4/14 00:06,68.1,26.1,78.98,79.5,25.1,77.18,771.18,0,17
2024/4/14 00:07,68.9,26.1,78.98,79.4,25.1,77.18,771.13,0,13
2024/4/14 00:08,69.5,26.1,78.98,79.9,25.2,77.36,771.06,0,0
2024/4/14 00:09,70.1,26.1,78.98,79.9,25.2,77.36,771.08,0,11
2024/4/14 00:10,70.6,26.1,78.98,80.1,25.2,77.36,771.03,0,19
2024/4/14 00:11,71.0,26.1,78.98,80.2,25.3,77.54,771.08,0,22
2024/4/14 00:13,71.3,26.1,78.98,80.3,25.3,77.54,771.02,0,13
2024/4/14 00:14,70.5,26.1,78.98,80.0,25.4,77.72,771.11,0,19
2024/4/14 00:15,68.2,26.0,78.8,78.7,25.4,77.72,771.03,0,19
2024/4/14 00:16,67.1,26.0,78.8,78.2,25.3,77.54,771.01,0,19
2024/4/14 00:17,68.6,26.0,78.8,78.7,25.3,77.54,771.15,0,19
2024/4/14 00:18,69.5,26.0,78.8,79.3,25.3,77.54,771.01,0,17
2024/4/14 00:19,69.2,26.0,78.8,79.4,25.3,77.54,770.95,0,18
2024/4/14 00:20,67.0,26.1,78.98,77.8,25.3,77.54,770.93,0,0
2024/4/14 00:21,65.0,26.0,78.8,77.0,25.2,77.36,770.8,0,18
2024/4/14 00:22,65.6,26.0,78.8,77.3,25.1,77.18,770.56,0,20
2024/4/14 00:23,67.1,26.0,78.8,78.3,25.1,77.18,770.45,0,15
2024/4/14 00:24,67.9,26.0,78.8,78.6,25.0,77.0,770.45,0,23
2024/4/14 00:25,68.8,26.0,78.8,79.1,25.0,77.0,770.49,0,18
2024/4/14 00:26,69.1,26.0,78.8,79.2,25.1,77.18,770.48,0,0
2024/4/14 00:27,69.5,26.1,78.98,79.4,25.2,77.36,770.45,0,21
2024/4/14 00:28,69.9,26.1,78.98,79.5,25.2,77.36,770.45,0,21
2024/4/14 00:29,70.2,26.1,78.98,79.6,25.3,77.54,770.46,0,21
2024/4/14 00:30,68.4,26.1,78.98,78.9,25.3,77.54,770.4,0,19
2024/4/14 00:31,66.4,26.1,78.98,77.6,25.3,77.54,770.36,0,21
2024/4/14 00:32,66.1,26.1,78.98,77.2,25.2,77.36,770.24,0,23
2024/4/14 00:33,67.4,26.0,78.8,77.7,25.2,77.36,770.18,0,22
2024/4/14 00:34,68.4,26.0,78.8,78.3,25.1,77.18,770.14,0,25
2024/4/14 00:35,69.0,26.1,78.98,78.6,25.1,77.18,770.13,0,24
2024/4/14 00:36,69.4,26.1,78.98,79.0,25.2,77.36,770.07,0,15
2024/4/14 00:38,70.3,26.1,78.98,79.3,25.3,77.54,770.02,0,11
2024/4/14 00:39,70.5,26.1,78.98,79.5,25.4,77.72,770.17,0,25
2024/4/14 00:40,70.8,26.1,78.98,79.5,25.4,77.72,770.25,0,21
2024/4/14 00:41,69.3,26.1,78.98,79.3,25.5,77.9,770.23,0,22
2024/4/14 00:42,67.6,26.1,78.98,77.9,25.5,77.9,770.09,0,19
2024/4/14 00:43,66.5,26.1,78.98,77.4,25.4,77.72,769.99,0,22
2024/4/14 00:44,67.7,26.0,78.8,77.6,25.3,77.54,769.9,0,22
2024/4/14 00:45,68.7,26.0,78.8,78.1,25.3,77.54,769.88,0,0
2024/4/14 00:46,69.3,26.0,78.8,78.5,25.3,77.54,769.83,0,23
2024/4/14 00:47,69.8,26.0,78.8,78.9,25.3,77.54,769.85,0,10
2024/4/14 00:48,70.1,26.1,78.98,79.2,25.3,77.54,769.79,0,15
2024/4/14 00:49,70.4,26.1,78.98,79.2,25.4,77.72,769.83,0,17
2024/4/14 00:50,70.8,26.1,78.98,79.4,25.4,77.72,769.74,0,18
2024/4/14 00:51,71.0,26.1,78.98,79.5,25.5,77.9,769.77,0,0
2024/4/14 00:52,70.1,26.2,79.16,79.3,25.5,77.9,769.87,0,19
2024/4/14 00:53,67.9,26.1,78.98,77.9,25.5,77.9,769.76,0,18
2024/4/14 00:54,66.6,26.1,78.98,76.9,25.5,77.9,769.75,0,0
2024/4/14 00:55,67.8,26.0,78.8,77.5,25.4,77.72,769.54,0,19
2024/4/14 00:56,69.0,26.0,78.8,77.9,25.3,77.54,769.48,0,9
2024/4/14 00:57,69.6,26.1,78.98,78.4,25.3,77.54,769.49,0,0
2024/4/14 00:58,70.2,26.1,78.98,78.8,25.3,77.54,769.43,0,0
2024/4/14 00:59,70.5,26.1,78.98,79.1,25.4,77.72,769.42,0,0
2024/4/14 01:00,70.9,26.1,78.98,79.3,25.4,77.72,769.36,0,22
2024/4/14 01:01,71.1,26.1,78.98,79.4,25.4,77.72,769.5,0,13
2024/4/14 01:02,71.3,26.1,78.98,79.5,25.5,77.9,769.38,0,21
2024/4/14 01:03,71.0,26.2,79.16,79.4,25.6,78.08,769.52,0,0
2024/4/14 01:04,68.8,26.1,78.98,78.0,25.5,77.9,769.28,0,0
2024/4/14 01:05,67.1,26.1,78.98,77.4,25.5,77.9,769.29,0,0
2024/4/14 01:06,68.1,26.1,78.98,77.6,25.4,77.72,769.07,0,19
2024/4/14 01:07,69.0,26.0,78.8,78.0,25.3,77.54,769.02,0,24
2024/4/14 01:08,69.7,26.0,78.8,78.5,25.3,77.54,768.96,0,25
2024/4/14 01:09,70.2,26.0,78.8,78.8,25.3,77.54,768.93,0,23
2024/4/14 01:10,70.7,26.0,78.8,79.1,25.3,77.54,768.96,0,11
2024/4/14 01:11,71.4,26.1,78.98,79.5,25.4,77.72,768.92,0,11
2024/4/14 01:12,71.1,26.0,78.8,79.5,25.4,77.72,768.92,0,26
2024/4/14 01:13,72.1,26.1,78.98,79.6,25.4,77.72,768.91,0,29
2024/4/14 01:14,72.4,26.1,78.98,79.8,25.5,77.9,768.97,0,21
2024/4/14 01:15,70.7,26.0,78.8,79.6,25.5,77.9,768.94,0,11
2024/4/14 01:17,68.6,26.0,78.8,78.0,25.5,77.9,768.79,0,19
2024/4/14 01:18,68.7,26.0,78.8,77.9,25.4,77.72,768.7,0,5
2024/4/14 01:19,69.7,26.0,78.8,78.3,25.3,77.54,768.65,0,19
2024/4/14 01:20,70.8,26.0,78.8,78.9,25.3,77.54,768.66,0,19
2024/4/14 01:21,71.1,26.0,78.8,79.2,25.3,77.54,768.68,0,21
2024/4/14 01:22,71.5,26.0,78.8,79.5,25.3,77.54,768.63,0,21
2024/4/14 01:23,71.7,26.1,78.98,79.6,25.4,77.72,768.64,0,21
2024/4/14 01:24,72.2,26.0,78.8,79.9,25.4,77.72,768.6,0,24
2024/4/14 01:25,72.5,26.1,78.98,80.1,25.5,77.9,768.6,0,17
2024/4/14 01:26,72.9,26.1,78.98,80.2,25.5,77.9,768.67,0,23
2024/4/14 01:27,70.8,26.1,78.98,79.7,25.6,78.08,768.67,0,15
2024/4/14 01:28,69.1,26.0,78.8,78.2,25.5,77.9,768.39,0,17
2024/4/14 01:29,69.4,26.0,78.8,78.3,25.4,77.72,768.42,0,1
2024/4/14 01:30,70.2,26.0,78.8,78.6,25.4,77.72,768.25,0,19
2024/4/14 01:31,71.3,26.0,78.8,79.2,25.4,77.72,768.37,0,19
2024/4/14 01:32,71.4,26.1,78.98,79.6,25.4,77.72,768.35,0,23
2024/4/14 01:33,71.7,26.1,78.98,79.8,25.4,77.72,768.3,0,20
2024/4/14 01:34,72.3,26.1,78.98,80.1,25.4,77.72,768.18,0,19
2024/4/14 01:35,72.6,26.1,78.98,80.1,25.5,77.9,768.27,0,19
2024/4/14 01:36,72.9,26.1,78.98,80.3,25.5,77.9,768.33,0,20
2024/4/14 01:37,73.1,26.1,78.98,80.4,25.5,77.9,768.36,0,15
2024/4/14 01:38,70.8,26.1,78.98,79.6,25.6,78.08,768.2,0,23
2024/4/14 01:39,69.2,26.0,78.8,78.2,25.5,77.9,768.12,0,21
2024/4/14 01:40,69.8,26.0,78.8,78.5,25.4,77.72,768.06,0,21
2024/4/14 01:41,71.0,26.0,78.8,79.0,25.4,77.72,768.06,0,21
2024/4/14 01:42,71.5,26.0,78.8,79.4,25.4,77.72,767.99,0,23
2024/4/14 01:43,71.8,26.1,78.98,79.7,25.4,77.72,767.95,0,19
2024/4/14 01:44,72.2,26.1,78.98,80.0,25.4,77.72,767.88,0,15
2024/4/14 01:45,72.7,26.1,78.98,80.0,25.5,77.9,767.93,0,19
2024/4/14 01:46,72.8,26.1,78.98,80.2,25.5,77.9,767.93,0,10
2024/4/14 01:47,73.1,26.1,78.98,80.4,25.5,77.9,767.95,0,3
2024/4/14 01:48,72.6,26.1,78.98,80.3,25.6,78.08,767.94,0,1
2024/4/14 01:49,70.1,26.1,78.98,79.2,25.6,78.08,767.79,0,9
2024/4/14 01:50,69.5,26.0,78.8,78.4,25.5,77.9,767.7,0,17
2024/4/14 01:51,70.7,26.0,78.8,79.0,25.4,77.72,767.71,0,20
2024/4/14 01:52,71.5,26.1,78.98,79.5,25.4,77.72,767.6,0,17
2024/4/14 01:53,72.0,26.0,78.8,79.8,25.4,77.72,767.63,0,0
2024/4/14 01:54,72.4,26.1,78.98,80.0,25.4,77.72,767.53,0,21
2024/4/14 01:55,72.7,26.1,78.98,80.2,25.5,77.9,767.55,0,22
2024/4/14 01:56,73.0,26.1,78.98,80.4,25.5,77.9,767.65,0,21
2024/4/14 01:57,73.1,26.2,79.16,80.5,25.5,77.9,767.67,0,21
2024/4/14 01:58,73.2,26.2,79.16,80.7,25.6,78.08,767.64,0,21
2024/4/14 01:59,70.8,26.2,79.16,80.0,25.6,78.08,767.63,0,19
2024/4/14 02:00,69.3,26.1,78.98,78.8,25.6,78.08,767.58,0,0
2024/4/14 02:01,70.0,26.0,78.8,78.7,25.5,77.9,767.45,0,0
2024/4/14 02:02,71.0,26.0,78.8,79.1,25.4,77.72,767.3,0,20
2024/4/14 02:03,71.6,26.1,78.98,79.6,25.4,77.72,767.32,0,0
2024/4/14 02:04,72.0,26.1,78.98,79.9,25.4,77.72,767.26,0,20
2024/4/14 02:05,72.4,26.1,78.98,80.1,25.4,77.72,767.22,0,23
2024/4/14 02:06,72.8,26.1,78.98,80.3,25.4,77.72,767.15,0,21
2024/4/14 02:07,73.2,26.1,78.98,80.5,25.5,77.9,767.11,0,21
2024/4/14 02:08,73.4,26.1,78.98,80.6,25.5,77.9,767.08,0,15
2024/4/14 02:09,72.7,26.1,78.98,80.6,25.6,78.08,767.09,0,22
2024/4/14 02:10,70.9,26.1,78.98,79.9,25.6,78.08,766.89,0,13
2024/4/14 02:11,69.8,26.0,78.8,78.9,25.5,77.9,766.83,0,21
2024/4/14 02:12,71.0,26.0,78.8,79.0,25.4,77.72,766.76,0,14
2024/4/14 02:13,71.8,26.0,78.8,79.4,25.4,77.72,766.75,0,23
2024/4/14 02:14,72.1,26.1,78.98,79.8,25.4,77.72,766.78,0,19
2024/4/14 02:15,72.5,26.0,78.8,80.1,25.4,77.72,766.74,0,21
2024/4/14 02:16,73.0,26.1,78.98,80.3,25.4,77.72,766.64,0,22
2024/4/14 02:18,73.2,26.1,78.98,80.5,25.5,77.9,766.7,0,21
2024/4/14 02:19,73.5,26.1,78.98,80.6,25.5,77.9,766.7,0,27
2024/4/14 02:21,72.2,26.1,78.98,80.2,25.6,78.08,766.77,0,19
2024/4/14 02:22,70.0,26.0,78.8,78.8,25.5,77.9,766.54,0,19
2024/4/14 02:23,69.7,26.0,78.8,78.7,25.5,77.9,766.43,0,14
2024/4/14 02:24,70.9,26.0,78.8,79.2,25.4,77.72,766.4,0,17
2024/4/14 02:25,71.8,26.0,78.8,79.3,25.4,77.72,766.26,0,19
2024/4/14 02:26,72.4,26.0,78.8,79.6,25.4,77.72,766.41,0,20
2024/4/14 02:27,73.4,26.0,78.8,80.2,25.4,77.72,766.34,0,21
2024/4/14 02:28,74.4,26.0,78.8,80.6,25.4,77.72,766.31,0,21
2024/4/14 02:29,75.0,26.1,78.98,80.9,25.5,77.9,766.46,0,0
2024/4/14 02:30,75.7,26.1,78.98,81.5,25.6,78.08,766.49,0,13
2024/4/14 02:31,76.6,26.1,78.98,81.9,25.6,78.08,766.46,0,21
2024/4/14 02:32,75.9,26.1,78.98,82.2,25.7,78.26,766.41,0,18
2024/4/14 02:33,74.1,26.0,78.8,81.0,25.7,78.26,766.29,0,14
2024/4/14 02:34,73.1,26.0,78.8,80.2,25.7,78.26,766.31,0,19
2024/4/14 02:35,74.5,26.0,78.8,80.3,25.7,78.26,766.28,0,19
2024/4/14 02:36,75.8,26.0,78.8,80.9,25.6,78.08,766.2,0,13
2024/4/14 02:37,77.4,26.0,78.8,81.2,25.7,78.26,766.42,0,19
2024/4/14 02:38,78.5,26.1,78.98,82.1,25.7,78.26,766.58,0,25
2024/4/14 02:39,78.1,26.1,78.98,82.0,25.8,78.44,766.48,0,21
2024/4/14 02:40,75.5,26.1,78.98,81.6,25.9,78.62,766.38,0,19
2024/4/14 02:41,73.4,26.1,78.98,80.4,25.8,78.44,766.24,0,18
2024/4/14 02:42,71.9,26.0,78.8,79.5,25.7,78.26,766.05,0,18
2024/4/14 02:43,72.1,26.0,78.8,79.9,25.7,78.26,766.05,0,23
2024/4/14 02:44,73.8,26.0,78.8,80.3,25.6,78.08,766.13,0,13
2024/4/14 02:45,74.7,26.0,78.8,80.8,25.6,78.08,766.03,0,25
2024/4/14 02:46,75.0,26.0,78.8,81.3,25.6,78.08,766.0,0,18
2024/4/14 02:47,75.8,26.0,78.8,81.4,25.6,78.08,765.89,0,15
2024/4/14 02:48,76.1,26.0,78.8,81.6,25.7,78.26,765.97,0,21
2024/4/14 02:49,76.0,26.1,78.98,81.7,25.7,78.26,765.95,0,14
2024/4/14 02:50,76.1,26.1,78.98,81.8,25.7,78.26,765.92,0,0
2024/4/14 02:51,73.8,26.2,79.16,81.5,25.8,78.44,765.85,0,19
2024/4/14 02:52,71.5,26.1,78.98,80.2,25.7,78.26,765.63,0,0
2024/4/14 02:53,70.0,26.1,78.98,78.9,25.6,78.08,737.87,0,1
2024/4/14 02:54,69.6,26.0,78.8,79.0,25.5,77.9,734.03,0,0
2024/4/14 02:55,71.0,26.0,78.8,80.0,25.4,77.72,732.36,0,19
2024/4/14 02:56,72.1,26.1,78.98,80.2,25.4,77.72,731.34,0,19
2024/4/14 02:57,72.7,26.2,79.16,80.5,25.4,77.72,730.56,0,18
2024/4/14 02:58,72.5,26.2,79.16,80.6,25.4,77.72,730.06,0,17
2024/4/14 02:59,72.6,26.2,79.16,80.7,25.5,77.9,729.49,0,0
2024/4/14 03:00,72.6,26.3,79.34,80.8,25.5,77.9,729.03,0,0
2024/4/14 03:01,72.9,26.3,79.34,80.9,25.5,77.9,728.64,0,0
2024/4/14 03:02,72.5,26.3,79.34,80.9,25.6,78.08,728.4,0,0
2024/4/14 03:03,70.0,26.3,79.34,80.2,25.6,78.08,728.16,0,0
2024/4/14 03:04,68.2,26.2,79.16,79.1,25.5,77.9,727.58,0,21
2024/4/14 03:05,68.0,26.1,78.98,78.6,25.4,77.72,727.34,0,13
2024/4/14 03:06,69.0,26.1,78.98,79.3,25.4,77.72,727.09,0,15
2024/4/14 03:07,70.2,26.1,78.98,79.6,25.3,77.54,726.88,0,23
2024/4/14 03:08,70.9,26.1,78.98,79.6,25.3,77.54,726.54,0,17
2024/4/14 03:09,71.1,26.1,78.98,79.8,25.3,77.54,726.4,0,20
2024/4/14 03:10,71.4,26.2,79.16,80.1,25.3,77.54,726.21,0,19
2024/4/14 03:11,71.7,26.2,79.16,80.0,25.4,77.72,726.02,0,19
2024/4/14 03:12,72.0,26.2,79.16,80.2,25.4,77.72,725.96,0,17
2024/4/14 03:13,72.1,26.3,79.34,80.2,25.4,77.72,725.73,0,9
2024/4/14 03:14,70.3,26.2,79.16,79.9,25.5,77.9,725.58,0,25
2024/4/14 03:15,68.4,26.2,79.16,78.8,25.5,77.9,725.3,0,21
2024/4/14 03:16,67.2,26.1,78.98,78.2,25.4,77.72,725.26,0,25
2024/4/14 03:17,67.8,26.0,78.8,78.6,25.3,77.54,725.07,0,19
2024/4/14 03:18,68.9,26.1,78.98,78.9,25.3,77.54,724.93,0,19
2024/4/14 03:20,70.2,26.1,78.98,79.0,25.2,77.36,724.7,0,23
2024/4/14 03:21,70.0,26.1,78.98,79.0,25.3,77.54,724.71,0,13
2024/4/14 03:22,70.5,26.1,78.98,79.3,25.3,77.54,724.68,0,19
2024/4/14 03:23,70.9,26.2,79.16,79.5,25.3,77.54,724.54,0,19
2024/4/14 03:24,71.4,26.2,79.16,79.6,25.3,77.54,724.49,0,19
2024/4/14 03:25,71.3,26.2,79.16,79.8,25.4,77.72,724.38,0,17
2024/4/14 03:26,69.7,26.2,79.16,79.3,25.4,77.72,724.32,0,21
2024/4/14 03:27,67.4,26.2,79.16,78.3,25.4,77.72,724.26,0,19
2024/4/14 03:28,66.7,26.1,78.98,77.9,25.3,77.54,724.06,0,21
2024/4/14 03:29,67.5,26.0,78.8,78.1,25.3,77.54,723.89,0,17
2024/4/14 03:30,69.0,26.0,78.8,78.2,25.2,77.36,723.86,0,19
2024/4/14 03:31,69.5,26.1,78.98,78.5,25.2,77.36,723.76,0,22
2024/4/14 03:32,69.9,26.1,78.98,78.7,25.2,77.36,723.69,0,13
2024/4/14 03:33,70.4,26.1,78.98,78.9,25.2,77.36,723.61,0,13
2024/4/14 03:34,70.8,26.1,78.98,79.1,25.3,77.54,723.64,0,13
2024/4/14 03:35,70.9,26.2,79.16,79.1,25.3,77.54,723.56,0,13
2024/4/14 03:36,71.1,26.2,79.16,79.2,25.4,77.72,723.56,0,19
2024/4/14 03:37,68.4,26.2,79.16,78.7,25.4,77.72,723.49,0,21
2024/4/14 03:38,66.7,26.1,78.98,77.8,25.4,77.72,723.27,0,18
2024/4/14 03:39,66.3,26.0,78.8,77.2,25.3,77.54,723.3,0,17
2024/4/14 03:40,67.2,26.0,78.8,77.6,25.3,77.54,723.25,0,13
2024/4/14 03:41,68.2,26.0,78.8,77.7,25.2,77.36,723.23,0,21
2024/4/14 03:42,69.0,26.0,78.8,78.2,25.2,77.36,723.13,0,21
2024/4/14 03:43,69.9,26.0,78.8,78.2,25.2,77.36,723.04,0,23
2024/4/14 03:44,69.9,26.1,78.98,78.4,25.2,77.36,722.97,0,21
2024/4/14 03:45,70.3,26.0,78.8,78.6,25.2,77.36,722.96,0,19
2024/4/14 03:46,70.5,26.1,78.98,78.6,25.3,77.54,723.05,0,14
2024/4/14 03:47,70.2,26.1,78.98,78.6,25.3,77.54,722.93,0,13
2024/4/14 03:48,67.1,26.1,78.98,77.8,25.4,77.72,722.88,0,17
2024/4/14 03:49,66.0,26.0,78.8,76.7,25.3,77.54,722.86,0,19
2024/4/14 03:50,66.5,26.0,78.8,77.0,25.2,77.36,722.9,0,21
2024/4/14 03:51,67.7,25.9,78.62,77.4,25.2,77.36,722.85,0,27
2024/4/14 03:52,68.5,26.0,78.8,77.6,25.1,77.18,722.83,0,5
2024/4/14 03:53,69.2,26.0,78.8,77.7,25.1,77.18,722.72,0,11
2024/4/14 03:54,69.4,26.0,78.8,77.8,25.2,77.36,722.8,0,0
2024/4/14 03:55,69.8,26.0,78.8,78.0,25.2,77.36,722.69,0,10
2024/4/14 03:56,70.0,26.1,78.98,78.2,25.2,77.36,722.74,0,0
2024/4/14 03:57,70.4,26.1,78.98,78.2,25.3,77.54,722.76,0,0
2024/4/14 03:58,69.7,26.1,78.98,78.2,25.3,77.54,722.77,0,22
2024/4/14 03:59,67.0,26.1,78.98,77.2,25.4,77.72,722.61,0,18
2024/4/14 04:00,65.2,25.9,78.62,76.2,25.3,77.54,722.67,0,0
2024/4/14 04:01,66.2,25.9,78.62,76.4,25.2,77.36,725.6,0,15
2024/4/14 04:03,68.6,25.9,78.62,77.3,25.1,77.18,725.22,0,13
2024/4/14 04:04,68.9,25.9,78.62,77.4,25.2,77.36,725.19,0,19
2024/4/14 04:05,69.1,26.0,78.8,77.5,25.2,77.36,725.12,0,19
2024/4/14 04:06,69.4,26.0,78.8,77.5,25.2,77.36,725.04,0,19
2024/4/14 04:07,69.5,26.0,78.8,77.7,25.2,77.36,724.98,0,23
2024/4/14 04:08,70.0,26.0,78.8,77.8,25.3,77.54,724.93,0,12
2024/4/14 04:09,69.3,26.0,78.8,77.7,25.3,77.54,724.81,0,19
2024/4/14 04:10,67.2,26.0,78.8,77.1,25.3,77.54,724.77,0,2
2024/4/14 04:11,66.4,25.9,78.62,76.3,25.3,77.54,724.53,0,19
2024/4/14 04:12,67.4,25.9,78.62,76.6,25.2,77.36,724.49,0,13
2024/4/14 04:13,68.5,25.8,78.44,77.0,25.2,77.36,724.33,0,21
2024/4/14 04:14,69.1,25.9,78.62,77.3,25.2,77.36,724.21,0,18
2024/4/14 04:15,69.3,25.9,78.62,77.3,25.2,77.36,724.16,0,21
2024/4/14 04:16,69.6,25.9,78.62,77.5,25.2,77.36,724.04,0,11
2024/4/14 04:18,69.7,25.9,78.62,77.5,25.2,77.36,723.92,0,21
2024/4/14 04:19,70.0,25.9,78.62,77.6,25.3,77.54,723.91,0,22
2024/4/14 04:20,70.0,25.9,78.62,77.7,25.3,77.54,723.93,0,21
2024/4/14 04:21,69.8,25.9,78.62,77.7,25.3,77.54,723.74,0,20
2024/4/14 04:22,67.2,25.9,78.62,77.0,25.4,77.72,723.56,0,20
2024/4/14 04:23,66.2,25.8,78.44,76.2,25.3,77.54,723.5,0,17
2024/4/14 04:24,67.4,25.7,78.26,76.3,25.2,77.36,723.43,0,0
2024/4/14 04:25,68.2,25.7,78.26,76.5,25.2,77.36,723.41,0,19
2024/4/14 04:26,69.1,25.8,78.44,76.8,25.2,77.36,723.36,0,21
2024/4/14 04:27,69.3,25.8,78.44,76.9,25.2,77.36,723.22,0,21
2024/4/14 04:28,69.7,25.8,78.44,77.2,25.2,77.36,723.25,0,21
2024/4/14 04:29,69.7,25.9,78.62,77.3,25.2,77.36,723.2,0,21
2024/4/14 04:30,69.9,25.9,78.62,77.3,25.2,77.36,723.15,0,25
2024/4/14 04:31,70.1,25.9,78.62,77.5,25.3,77.54,723.19,0,18
2024/4/14 04:32,69.3,25.9,78.62,77.5,25.3,77.54,723.11,0,0
2024/4/14 04:33,66.6,25.8,78.44,76.7,25.3,77.54,722.98,0,16
2024/4/14 04:34,66.7,25.8,78.44,76.2,25.3,77.54,722.94,0,19
2024/4/14 04:35,67.9,25.7,78.26,76.4,25.2,77.36,722.91,0,18
2024/4/14 04:36,68.5,25.7,78.26,76.5,25.2,77.36,722.79,0,21
2024/4/14 04:37,69.1,25.7,78.26,76.8,25.2,77.36,722.72,0,14
2024/4/14 04:38,69.3,25.8,78.44,76.8,25.2,77.36,722.74,0,20
2024/4/14 04:39,69.5,25.8,78.44,76.9,25.2,77.36,722.65,0,0
2024/4/14 04:40,69.6,25.8,78.44,77.1,25.2,77.36,722.67,0,19
2024/4/14 04:41,69.9,25.8,78.44,77.2,25.2,77.36,722.6,0,18
2024/4/14 04:42,70.0,25.8,78.44,77.3,25.2,77.36,722.56,0,19
2024/4/14 04:43,69.6,25.8,78.44,77.2,25.3,77.54,722.44,0,18
2024/4/14 04:44,67.6,25.7,78.26,76.8,25.3,77.54,722.34,0,19
2024/4/14 04:45,66.6,25.6,78.08,76.0,25.3,77.54,722.35,0,27
2024/4/14 04:46,67.6,25.6,78.08,76.3,25.2,77.36,722.28,0,23
2024/4/14 04:47,68.5,25.6,78.08,76.4,25.2,77.36,722.22,0,16
2024/4/14 04:48,69.0,25.7,78.26,76.5,25.1,77.18,722.2,0,22
2024/4/14 04:49,69.5,25.7,78.26,76.6,25.1,77.18,722.16,0,25
2024/4/14 04:50,69.4,25.7,78.26,76.8,25.2,77.36,722.1,0,20
2024/4/14 04:51,69.8,25.7,78.26,76.8,25.1,77.18,722.1,0,18
2024/4/14 04:52,70.4,25.7,78.26,76.9,25.2,77.36,722.11,0,19
2024/4/14 04:53,70.7,25.7,78.26,77.0,25.2,77.36,722.17,0,21
2024/4/14 04:54,70.7,25.7,78.26,76.9,25.2,77.36,722.03,0,21
2024/4/14 04:55,69.1,25.7,78.26,76.6,25.3,77.54,721.95,0,13
2024/4/14 04:56,68.9,25.7,78.26,76.2,25.3,77.54,721.96,0,0
2024/4/14 04:57,70.0,25.7,78.26,76.4,25.2,77.36,721.82,0,18
2024/4/14 04:58,70.7,25.6,78.08,76.7,25.2,77.36,721.87,0,0
2024/4/14 04:59,71.1,25.7,78.26,76.9,25.2,77.36,721.86,0,17
2024/4/14 05:00,71.6,25.7,78.26,77.2,25.2,77.36,721.83,0,0
2024/4/14 05:01,71.9,25.7,78.26,77.4,25.3,77.54,721.79,0,19
2024/4/14 05:02,72.3,25.7,78.26,77.4,25.3,77.54,721.82,0,23
2024/4/14 05:03,72.5,25.7,78.26,77.5,25.3,77.54,721.75,0,25
2024/4/14 05:04,72.7,25.7,78.26,77.8,25.4,77.72,721.71,0,19
2024/4/14 05:05,73.2,25.7,78.26,77.8,25.4,77.72,721.77,0,0
2024/4/14 05:06,71.5,25.7,78.26,77.8,25.5,77.9,721.72,0,19
2024/4/14 05:07,70.2,25.7,78.26,77.1,25.4,77.72,721.63,0,23
2024/4/14 05:08,70.8,25.6,78.08,77.0,25.4,77.72,721.66,0,0
2024/4/14 05:09,72.1,25.6,78.08,77.1,25.4,77.72,721.63,0,0
2024/4/14 05:10,72.4,25.6,78.08,77.3,25.4,77.72,721.53,0,19
2024/4/14 05:11,73.3,25.7,78.26,77.5,25.4,77.72,721.45,0,23
2024/4/14 05:12,73.5,25.7,78.26,77.8,25.4,77.72,721.54,0,23
2024/4/14 05:13,73.9,25.7,78.26,77.9,25.4,77.72,721.44,0,25
2024/4/14 05:14,74.1,25.6,78.08,78.1,25.4,77.72,721.39,0,19
2024/4/14 05:15,74.4,25.7,78.26,78.2,25.5,77.9,721.38,0,19
2024/4/14 05:16,74.5,25.7,78.26,78.4,25.5,77.9,721.29,0,18
2024/4/14 05:18,73.1,25.7,78.26,78.5,25.5,77.9,721.21,0,14
2024/4/14 05:19,71.5,25.6,78.08,77.8,25.5,77.9,721.11,0,23
2024/4/14 05:20,71.7,25.6,78.08,77.5,25.5,77.9,721.1,0,19
2024/4/14 05:21,72.7,25.6,78.08,77.5,25.4,77.72,721.08,0,13
2024/4/14 05:22,73.5,25.7,78.26,77.8,25.4,77.72,720.99,0,20
2024/4/14 05:23,74.2,25.6,78.08,78.0,25.4,77.72,720.87,0,19
2024/4/14 05:24,74.5,25.6,78.08,78.1,25.4,77.72,720.89,0,22
2024/4/14 05:25,74.8,25.6,78.08,78.3,25.4,77.72,720.77,0,0
2024/4/14 05:26,74.9,25.7,78.26,78.5,25.4,77.72,720.73,0,19
2024/4/14 05:27,74.8,25.7,78.26,78.9,25.5,77.9,720.57,0,12
2024/4/14 05:28,74.9,25.7,78.26,79.2,25.5,77.9,720.51,0,0
2024/4/14 05:29,75.1,25.7,78.26,79.1,25.5,77.9,720.56,0,20
2024/4/14 05:30,75.2,25.7,78.26,79.3,25.6,78.08,720.35,0,17
2024/4/14 05:31,72.8,25.7,78.26,78.9,25.6,78.08,720.31,0,13
2024/4/14 05:32,71.9,25.6,78.08,78.0,25.5,77.9,720.16,0,15
2024/4/14 05:33,72.8,25.6,78.08,78.0,25.5,77.9,720.11,0,19
2024/4/14 05:34,73.6,25.6,78.08,78.4,25.4,77.72,720.08,0,14
2024/4/14 05:35,74.3,25.6,78.08,78.6,25.4,77.72,719.97,0,21
2024/4/14 05:36,74.7,25.6,78.08,79.0,25.4,77.72,719.93,0,23
2024/4/14 05:37,75.1,25.6,78.08,79.2,25.4,77.72,719.89,0,21
2024/4/14 05:38,75.3,25.6,78.08,79.4,25.4,77.72,719.84,0,21
2024/4/14 05:39,75.5,25.6,78.08,79.6,25.5,77.9,719.73,0,0
2024/4/14 05:40,75.8,25.6,78.08,79.8,25.5,77.9,719.71,0,12
2024/4/14 05:41,76.0,25.6,78.08,79.8,25.5,77.9,719.59,0,19
2024/4/14 05:42,75.7,25.6,78.08,80.0,25.6,78.08,719.48,0,25
2024/4/14 05:43,73.3,25.6,78.08,79.2,25.5,77.9,719.42,0,0
2024/4/14 05:44,73.5,25.6,78.08,78.9,25.5,77.9,719.29,0,12
2024/4/14 05:46,74.9,25.5,77.9,79.3,25.4,77.72,719.17,0,0
2024/4/14 05:47,75.3,25.5,77.9,79.6,25.4,77.72,719.12,0,15
2024/4/14 05:48,75.7,25.6,78.08,79.7,25.4,77.72,719.09,0,19
2024/4/14 05:49,76.1,25.6,78.08,79.9,25.4,77.72,719.01,0,20
2024/4/14 05:50,76.2,25.6,78.08,80.1,25.4,77.72,718.97,0,18
2024/4/14 05:51,76.2,25.6,78.08,80.3,25.5,77.9,718.91,0,19
2024/4/14 05:52,76.5,25.6,78.08,80.3,25.5,77.9,718.81,0,19
2024/4/14 05:53,76.8,25.7,78.26,80.4,25.5,77.9,718.74,0,19
2024/4/14 05:54,75.4,25.7,78.26,80.5,25.5,77.9,718.67,0,22
2024/4/14 05:55,73.3,25.6,78.08,79.6,25.5,77.9,718.61,0,13
2024/4/14 05:56,74.1,25.6,78.08,79.4,25.5,77.9,718.56,0,0
2024/4/14 05:57,75.1,25.6,78.08,79.6,25.4,77.72,718.51,0,23
2024/4/14 05:58,75.6,25.6,78.08,79.8,25.4,77.72,718.48,0,0
2024/4/14 05:59,76.1,25.5,77.9,80.2,25.4,77.72,718.32,0,17
2024/4/14 06:00,76.2,25.6,78.08,80.3,25.4,77.72,718.31,0,0
2024/4/14 06:01,76.5,25.6,78.08,80.5,25.4,77.72,718.22,0,17
2024/4/14 06:02,76.5,25.6,78.08,80.8,25.5,77.9,718.17,0,0
2024/4/14 06:03,76.8,25.6,78.08,80.8,25.5,77.9,718.12,0,0
2024/4/14 06:04,76.9,25.6,78.08,80.9,25.5,77.9,718.02,0,0
2024/4/14 06:05,77.0,25.6,78.08,81.1,25.5,77.9,717.77,0,20
2024/4/14 06:06,74.8,25.5,77.9,80.6,25.5,77.9,717.74,0,0
2024/4/14 06:07,74.3,25.5,77.9,80.1,25.5,77.9,717.62,0,21
2024/4/14 06:08,75.3,25.5,77.9,80.1,25.4,77.72,717.65,0,21
2024/4/14 06:09,75.8,25.5,77.9,80.3,25.4,77.72,717.46,0,14
2024/4/14 06:10,76.4,25.5,77.9,80.7,25.4,77.72,717.49,0,0
2024/4/14 06:11,76.8,25.5,77.9,81.0,25.4,77.72,717.3,0,18
2024/4/14 06:12,77.3,25.5,77.9,81.1,25.4,77.72,717.28,0,22
2024/4/14 06:13,77.6,25.5,77.9,81.3,25.4,77.72,717.14,0,25
2024/4/14 06:14,78.0,25.5,77.9,81.4,25.5,77.9,717.02,0,21
2024/4/14 06:15,77.8,25.5,77.9,81.5,25.5,77.9,717.01,0,27
2024/4/14 06:16,78.1,25.5,77.9,81.5,25.5,77.9,716.99,0,23
2024/4/14 06:17,78.3,25.5,77.9,81.5,25.5,77.9,716.71,0,17
2024/4/14 06:19,75.8,25.4,77.72,81.3,25.6,78.08,716.58,0,19
2024/4/14 06:20,75.0,25.4,77.72,80.6,25.5,77.9,716.54,0,21
2024/4/14 06:21,75.8,25.4,77.72,80.5,25.5,77.9,716.62,0,17
2024/4/14 06:22,76.3,25.4,77.72,80.7,25.4,77.72,716.53,0,19
2024/4/14 06:23,76.9,25.4,77.72,80.8,25.4,77.72,716.55,0,19
2024/4/14 06:24,77.5,25.4,77.72,81.0,25.4,77.72,716.48,0,24
2024/4/14 06:25,77.7,25.4,77.72,81.2,25.4,77.72,716.45,0,21
2024/4/14 06:26,77.9,25.4,77.72,81.4,25.4,77.72,716.37,0,19
2024/4/14 06:27,78.4,25.4,77.72,81.5,25.4,77.72,716.29,0,12
2024/4/14 06:28,78.3,25.5,77.9,81.7,25.5,77.9,716.18,0,21
2024/4/14 06:29,78.6,25.5,77.9,81.7,25.5,77.9,716.24,0,22
2024/4/14 06:30,78.4,25.5,77.9,81.9,25.5,77.9,715.92,0,19
2024/4/14 06:31,76.4,25.4,77.72,81.6,25.5,77.9,715.86,0,23
2024/4/14 06:32,76.6,25.5,77.9,81.0,25.5,77.9,715.89,0,17
2024/4/14 06:33,76.8,25.4,77.72,81.1,25.4,77.72,715.77,0,22
2024/4/14 06:34,77.4,25.4,77.72,81.4,25.4,77.72,715.71,0,23
2024/4/14 06:35,78.0,25.4,77.72,81.3,25.4,77.72,715.69,0,1
2024/4/14 06:36,78.1,25.4,77.72,81.7,25.4,77.72,715.56,0,13
2024/4/14 06:37,78.1,25.4,77.72,81.9,25.4,77.72,715.53,0,20
2024/4/14 06:38,78.4,25.4,77.72,82.0,25.4,77.72,715.43,0,13
2024/4/14 06:39,79.0,25.5,77.9,82.1,25.5,77.9,715.33,0,27
2024/4/14 06:40,79.1,25.5,77.9,82.1,25.5,77.9,715.34,0,23
2024/4/14 06:41,79.3,25.5,77.9,82.1,25.5,77.9,715.24,0,23
2024/4/14 06:42,78.7,25.5,77.9,82.3,25.5,77.9,715.14,0,23
2024/4/14 06:43,76.4,25.5,77.9,81.8,25.5,77.9,715.04,0,22
2024/4/14 06:44,75.6,25.4,77.72,81.3,25.5,77.9,714.94,0,15
2024/4/14 06:45,76.9,25.4,77.72,81.3,25.4,77.72,714.9,0,25
2024/4/14 06:46,77.3,25.4,77.72,81.4,25.4,77.72,714.9,0,21
2024/4/14 06:47,77.9,25.4,77.72,81.6,25.4,77.72,714.73,0,26
2024/4/14 06:48,78.2,25.4,77.72,81.8,25.4,77.72,714.7,0,23
2024/4/14 06:49,78.8,25.4,77.72,82.1,25.4,77.72,714.7,0,19
2024/4/14 06:50,78.8,25.4,77.72,82.2,25.4,77.72,714.52,0,21
2024/4/14 06:51,78.9,25.4,77.72,82.3,25.4,77.72,714.48,0,21
2024/4/14 06:52,79.3,25.4,77.72,82.4,25.4,77.72,714.5,0,25
2024/4/14 06:53,79.3,25.5,77.9,82.6,25.5,77.9,714.36,0,15
2024/4/14 06:54,79.0,25.4,77.72,82.7,25.5,77.9,714.17,0,23
2024/4/14 06:55,77.2,25.5,77.9,82.4,25.5,77.9,714.13,0,21
2024/4/14 06:56,77.0,25.4,77.72,81.8,25.5,77.9,714.14,0,21
2024/4/14 06:57,77.8,25.4,77.72,81.9,25.4,77.72,714.08,0,21
2024/4/14 06:58,78.2,25.4,77.72,82.0,25.4,77.72,713.98,0,25
2024/4/14 06:59,78.6,25.4,77.72,82.4,25.4,77.72,713.98,0,0
2024/4/14 07:00,78.9,25.5,77.9,82.4,25.4,77.72,713.8,0,22
2024/4/14 07:01,79.6,25.4,77.72,82.7,25.4,77.72,713.79,0,13
2024/4/14 07:02,79.7,25.4,77.72,82.8,25.4,77.72,713.8,0,0
2024/4/14 07:03,79.9,25.5,77.9,82.9,25.5,77.9,713.75,0,0
2024/4/14 07:04,80.0,25.4,77.72,83.0,25.5,77.9,713.78,0,17
2024/4/14 07:05,80.1,25.5,77.9,83.1,25.5,77.9,713.73,0,19
2024/4/14 07:06,78.9,25.5,77.9,83.2,25.5,77.9,713.54,0,15
2024/4/14 07:07,76.5,25.4,77.72,82.4,25.5,77.9,713.35,0,18
2024/4/14 07:08,76.5,25.4,77.72,81.9,25.4,77.72,713.41,0,0
2024/4/14 07:09,77.5,25.4,77.72,82.1,25.4,77.72,713.33,0,18
2024/4/14 07:10,77.7,25.4,77.72,82.4,25.4,77.72,713.24,0,0
2024/4/14 07:11,78.8,25.5,77.9,82.6,25.4,77.72,713.22,0,0
2024/4/14 07:12,78.8,25.5,77.9,82.8,25.4,77.72,713.13,0,18
2024/4/14 07:13,79.1,25.5,77.9,82.8,25.4,77.72,713.01,0,23
2024/4/14 07:14,79.4,25.4,77.72,83.1,25.4,77.72,712.95,0,18
2024/4/14 07:15,79.8,25.4,77.72,83.3,25.4,77.72,712.81,0,3
2024/4/14 07:16,79.6,25.4,77.72,83.4,25.4,77.72,712.78,0,21
2024/4/14 07:17,79.6,25.4,77.72,83.5,25.5,77.9,712.72,0,19
2024/4/14 07:18,79.3,25.4,77.72,83.7,25.5,77.9,712.61,0,0
2024/4/14 07:19,77.4,25.4,77.72,82.9,25.5,77.9,712.54,0,21
2024/4/14 07:21,77.5,25.4,77.72,82.5,25.4,77.72,712.46,0,21
2024/4/14 07:22,78.1,25.4,77.72,82.7,25.4,77.72,712.38,0,0
2024/4/14 07:23,78.4,25.4,77.72,83.0,25.4,77.72,712.3,0,13
2024/4/14 07:24,78.9,25.4,77.72,83.2,25.3,77.54,712.26,0,18
2024/4/14 07:25,79.0,25.4,77.72,83.4,25.4,77.72,712.16,0,10
2024/4/14 07:26,79.4,25.4,77.72,83.5,25.4,77.72,712.08,0,20
2024/4/14 07:27,79.4,25.4,77.72,83.7,25.4,77.72,712.01,0,21
2024/4/14 07:29,79.7,25.4,77.72,83.9,25.4,77.72,712.05,0,11
2024/4/14 07:30,79.9,25.4,77.72,83.9,25.5,77.9,712.03,0,17
2024/4/14 07:31,78.4,25.4,77.72,83.9,25.5,77.9,711.87,0,17
2024/4/14 07:32,76.7,25.4,77.72,83.0,25.5,77.9,711.7,0,25
2024/4/14 07:33,76.9,25.4,77.72,82.7,25.4,77.72,711.71,0,23
2024/4/14 07:34,77.7,25.4,77.72,82.9,25.3,77.54,711.71,0,15
2024/4/14 07:35,78.2,25.4,77.72,83.1,25.3,77.54,711.67,0,21
2024/4/14 07:36,78.6,25.4,77.72,83.3,25.3,77.54,711.64,0,21
2024/4/14 07:37,79.0,25.4,77.72,83.5,25.3,77.54,711.62,0,20
2024/4/14 07:38,79.3,25.4,77.72,83.6,25.3,77.54,711.57,0,19
2024/4/14 07:39,79.1,25.4,77.72,83.8,25.3,77.54,711.55,0,24
2024/4/14 07:40,79.8,25.4,77.72,83.8,25.4,77.72,711.52,0,21
2024/4/14 07:41,79.7,25.4,77.72,84.0,25.4,77.72,711.47,0,21
2024/4/14 07:42,79.6,25.4,77.72,84.0,25.4,77.72,711.36,0,17
2024/4/14 07:43,79.1,25.4,77.72,84.0,25.4,77.72,711.06,0,22
2024/4/14 07:44,77.5,25.4,77.72,83.5,25.4,77.72,710.97,0,1
2024/4/14 07:45,77.3,25.4,77.72,83.1,25.4,77.72,710.98,0,19
2024/4/14 07:46,77.9,25.4,77.72,83.1,25.3,77.54,710.99,0,23
2024/4/14 07:47,78.1,25.4,77.72,83.2,25.3,77.54,710.92,0,21
2024/4/14 07:48,78.6,25.4,77.72,83.6,25.3,77.54,710.87,0,19
2024/4/14 07:49,79.1,25.4,77.72,83.8,25.3,77.54,710.88,0,23
2024/4/14 07:50,79.5,25.4,77.72,83.9,25.3,77.54,710.83,0,22
2024/4/14 07:51,79.6,25.4,77.72,84.0,25.4,77.72,710.85,0,21
2024/4/14 07:52,80.0,25.4,77.72,84.2,25.4,77.72,710.86,0,24
2024/4/14 07:53,80.3,25.5,77.9,84.2,25.4,77.72,710.79,0,21
2024/4/14 07:54,80.1,25.5,77.9,84.4,25.4,77.72,710.74,0,24
2024/4/14 07:55,77.8,25.5,77.9,84.0,25.4,77.72,710.52,0,11
2024/4/14 07:56,76.8,25.4,77.72,83.3,25.4,77.72,710.38,0,15
2024/4/14 07:57,77.0,25.4,77.72,83.3,25.3,77.54,710.4,0,21
2024/4/14 07:58,78.0,25.4,77.72,83.2,25.3,77.54,710.49,0,3
2024/4/14 07:59,78.6,25.5,77.9,83.4,25.3,77.54,710.43,0,21
2024/4/14 08:00,79.0,25.4,77.72,83.7,25.3,77.54,710.37,0,21
2024/4/14 08:01,79.4,25.4,77.72,83.7,25.3,77.54,710.33,0,21
2024/4/14 08:02,79.8,25.4,77.72,84.1,25.3,77.54,710.35,0,0
2024/4/14 08:03,80.0,25.4,77.72,84.3,25.3,77.54,710.29,0,19
2024/4/14 08:04,79.8,25.4,77.72,84.5,25.3,77.54,710.32,0,0
2024/4/14 08:05,79.8,25.4,77.72,84.6,25.3,77.54,710.29,0,0
2024/4/14 08:06,79.9,25.5,77.9,84.6,25.4,77.72,710.15,0,21
2024/4/14 08:07,78.9,25.5,77.9,84.8,25.4,77.72,709.91,0,12
2024/4/14 08:08,77.6,25.4,77.72,83.6,25.4,77.72,709.93,0,0
2024/4/14 08:09,77.8,25.4,77.72,83.5,25.4,77.72,709.97,0,17
2024/4/14 08:10,78.6,25.5,77.9,83.8,25.3,77.54,709.93,0,21
2024/4/14 08:11,79.3,25.4,77.72,83.9,25.3,77.54,709.95,0,25
2024/4/14 08:12,79.8,25.4,77.72,84.2,25.3,77.54,709.84,0,21
2024/4/14 08:13,79.9,25.5,77.9,84.3,25.3,77.54,709.88,0,21
2024/4/14 08:14,80.0,25.5,77.9,84.4,25.4,77.72,709.89,0,25
2024/4/14 08:15,79.8,25.5,77.9,84.4,25.4,77.72,709.87,0,21
2024/4/14 08:16,79.9,25.5,77.9,84.5,25.4,77.72,709.93,0,14
2024/4/14 08:17,79.8,25.5,77.9,84.3,25.4,77.72,709.87,0,23
2024/4/14 08:18,77.7,25.5,77.9,84.3,25.4,77.72,709.75,0,21
2024/4/16 04:22,75.8,26.6,79.88,78.8,26.5,79.7,0.18,0,9
2024/4/16 04:23,74.7,26.4,79.52,78.3,26.6,79.88,0.1,0,11
